,scaled_input_fLength:,scaled_input_fWidth:,scaled_input_fSize:,scaled_input_fConc:,scaled_input_fConc1:,scaled_input_fAsym:,scaled_input_fM3Long:,scaled_input_fM3Trans:,scaled_input_fAlpha:,scaled_input_fDist:,scaled_input_target,origin_input_fLength:,origin_input_fWidth:,origin_input_fSize:,origin_input_fConc:,origin_input_fConc1:,origin_input_fAsym:,origin_input_fM3Long:,origin_input_fM3Trans:,origin_input_fAlpha:,origin_input_fDist:,origin_input_target,scaled_cf_fLength:,scaled_cf_fWidth:,scaled_cf_fSize:,scaled_cf_fConc:,scaled_cf_fConc1:,scaled_cf_fAsym:,scaled_cf_fM3Long:,scaled_cf_fM3Trans:,scaled_cf_fAlpha:,scaled_cf_fDist:,scaled_cf_target,origin_cf_fLength:,origin_cf_fWidth:,origin_cf_fSize:,origin_cf_fConc:,origin_cf_fConc1:,origin_cf_fAsym:,origin_cf_fM3Long:,origin_cf_fM3Trans:,origin_cf_fAlpha:,origin_cf_fDist:,origin_cf_target,running_time,Found,ground_truth,prediction
0,0.08141688150872932,0.036298960145408024,0.2166173861620343,0.5267704899397522,0.4370975341605151,0.4922531326584843,0.6265243436915199,0.5227765338667417,0.5996322222222222,0.10972540980953245,1.0,31.142399999999995,9.3064,2.6739,0.4767,0.2786,-3.7894000000000205,21.094799999999992,-4.235900000000018,53.966899999999995,55.5175,1.0,0.856572901,0.036298960145408024,0.2166173861620343,0.0384654,0.4370975341605151,0.4922531326584843,0.6265243436915199,0.5227765338667417,0.5996322222222222,0.10972540980953245,Y,286.8613323160435,9.3064,2.6739,0.04713801238,0.2786,-3.7894000000000205,21.094799999999992,-4.235900000000018,53.966899999999995,55.5175,Y,0.02330183982849121,N,1.0,N
0,0.08141688150872932,0.036298960145408024,0.2166173861620343,0.5267704899397522,0.4370975341605151,0.4922531326584843,0.6265243436915199,0.5227765338667417,0.5996322222222222,0.10972540980953245,1.0,31.142399999999995,9.3064,2.6739,0.4767,0.2786,-3.7894000000000205,21.094799999999992,-4.235900000000018,53.966899999999995,55.5175,1.0,0.08141688150872932,0.036298960145408024,0.2166173861620343,0.5267704899397522,0.4370975341605151,0.4922531326584843,0.3044441,0.5227765338667417,0.5996322222222222,0.10972540980953245,Y,31.142399999999995,9.3064,2.6739,0.4767,0.2786,-3.7894000000000205,-160.30916733339998,-4.235900000000018,53.966899999999995,55.5175,Y,0.018476247787475586,N,1.0,N
0,0.08141688150872932,0.036298960145408024,0.2166173861620343,0.5267704899397522,0.4370975341605151,0.4922531326584843,0.6265243436915199,0.5227765338667417,0.5996322222222222,0.10972540980953245,1.0,31.142399999999995,9.3064,2.6739,0.4767,0.2786,-3.7894000000000205,21.094799999999992,-4.235900000000018,53.966899999999995,55.5175,1.0,0.08141688150872932,0.036298960145408024,0.2166173861620343,0.5267704899397522,0.4370975341605151,0.4922531326584843,0.6265243436915199,0.5227765338667417,0.5996322222222222,0.46599538,Y,31.142399999999995,9.3064,2.6739,0.4767,0.2786,-3.7894000000000205,21.094799999999992,-4.235900000000018,53.966899999999995,231.614050833792,Y,0.01850605010986328,N,1.0,N
0,0.08141688150872932,0.036298960145408024,0.2166173861620343,0.5267704899397522,0.4370975341605151,0.4922531326584843,0.6265243436915199,0.5227765338667417,0.5996322222222222,0.10972540980953245,1.0,31.142399999999995,9.3064,2.6739,0.4767,0.2786,-3.7894000000000205,21.094799999999992,-4.235900000000018,53.966899999999995,55.5175,1.0,0.08141688150872932,0.036298960145408024,0.2166173861620343,0.5267704899397522,0.4370975341605151,0.4922531326584843,0.6265243436915199,0.920245,0.5996322222222222,0.08926377,Y,31.142399999999995,9.3064,2.6739,0.4767,0.2786,-3.7894000000000205,21.094799999999992,149.0858516965,53.966899999999995,45.403753413568,Y,0.017739057540893555,N,1.0,N
0,0.08141688150872932,0.036298960145408024,0.2166173861620343,0.5267704899397522,0.4370975341605151,0.4922531326584843,0.6265243436915199,0.5227765338667417,0.5996322222222222,0.10972540980953245,1.0,31.142399999999995,9.3064,2.6739,0.4767,0.2786,-3.7894000000000205,21.094799999999992,-4.235900000000018,53.966899999999995,55.5175,1.0,0.08141688150872932,0.4,0.313219907,0.5267704899397522,0.4370975341605151,0.4922531326584843,0.6265243436915199,0.5227765338667417,0.5996322222222222,0.10972540980953245,Y,31.142399999999995,102.5528,3.0006097254740003,0.4767,0.2786,-3.7894000000000205,21.094799999999992,-4.235900000000018,53.966899999999995,55.5175,Y,0.017712116241455078,N,1.0,N
0,0.04132394242384285,0.03964435880834068,0.14526907155529267,0.671478913265886,0.5548924140097377,0.5198650562123062,0.603743967785578,0.5280979152846034,0.11113111111111111,0.44634784769069424,1.0,17.916000000000004,10.1641,2.4326,0.604,0.3536,21.68390000000003,8.264299999999993,-2.183199999999984,10.0018,221.9027,1.0,0.04132394242384285,0.03964435880834068,0.14526907155529267,0.671478913265886,0.42896175,0.5198650562123062,0.603743967785578,0.5280979152846034,0.7483328657,0.44634784769069424,Y,17.916000000000004,10.1641,2.4326,0.604,0.27341994622500004,21.68390000000003,8.264299999999993,-2.183199999999984,67.349957913,221.9027,Y,0.018020153045654297,N,1.0,N
0,0.04132394242384285,0.03964435880834068,0.14526907155529267,0.671478913265886,0.5548924140097377,0.5198650562123062,0.603743967785578,0.5280979152846034,0.11113111111111111,0.44634784769069424,1.0,17.916000000000004,10.1641,2.4326,0.604,0.3536,21.68390000000003,8.264299999999993,-2.183199999999984,10.0018,221.9027,1.0,0.04132394242384285,0.03964435880834068,0.14526907155529267,0.671478913265886,0.5548924140097377,0.13604313,0.603743967785578,0.5280979152846034,0.11113111111111111,0.44634784769069424,Y,17.916000000000004,10.1641,2.4326,0.604,0.3536,-332.409904943577,8.264299999999993,-2.183199999999984,10.0018,221.9027,Y,0.018352985382080078,N,1.0,N
0,0.04132394242384285,0.03964435880834068,0.14526907155529267,0.671478913265886,0.5548924140097377,0.5198650562123062,0.603743967785578,0.5280979152846034,0.11113111111111111,0.44634784769069424,1.0,17.916000000000004,10.1641,2.4326,0.604,0.3536,21.68390000000003,8.264299999999993,-2.183199999999984,10.0018,221.9027,1.0,0.435630162,0.03964435880834068,0.14526907155529267,0.671478913265886,0.5548924140097377,0.5198650562123062,0.603743967785578,0.5280979152846034,0.11113111111111111,0.44634784769069424,Y,147.99505884774698,10.1641,2.4326,0.604,0.3536,21.68390000000003,8.264299999999993,-2.183199999999984,10.0018,221.9027,Y,0.0193328857421875,N,1.0,N
0,0.04132394242384285,0.03964435880834068,0.14526907155529267,0.671478913265886,0.5548924140097377,0.5198650562123062,0.603743967785578,0.5280979152846034,0.11113111111111111,0.44634784769069424,1.0,17.916000000000004,10.1641,2.4326,0.604,0.3536,21.68390000000003,8.264299999999993,-2.183199999999984,10.0018,221.9027,1.0,0.226688932,0.03964435880834068,0.14526907155529267,0.671478913265886,0.5548924140097377,0.5198650562123062,0.603743967785578,0.7143162,0.11113111111111111,0.44634784769069424,Y,79.066705188742,10.1641,2.4326,0.604,0.3536,21.68390000000003,8.264299999999993,69.64970259033997,10.0018,221.9027,Y,0.01860189437866211,N,1.0,N
0,0.04132394242384285,0.03964435880834068,0.14526907155529267,0.671478913265886,0.5548924140097377,0.5198650562123062,0.603743967785578,0.5280979152846034,0.11113111111111111,0.44634784769069424,1.0,17.916000000000004,10.1641,2.4326,0.604,0.3536,21.68390000000003,8.264299999999993,-2.183199999999984,10.0018,221.9027,1.0,0.04132394242384285,0.03964435880834068,0.476204688,0.671478913265886,0.68767498,0.5198650562123062,0.603743967785578,0.5280979152846034,0.11113111111111111,0.44634784769069424,Y,17.916000000000004,10.1641,3.551824254816,0.604,0.4381426597660001,21.68390000000003,8.264299999999993,-2.183199999999984,10.0018,221.9027,Y,0.018177032470703125,N,1.0,N
0,0.05710085224473958,0.05480025898854053,0.20892962743938492,0.4989200863930885,0.3758441966389194,0.5006769844054575,0.6152327839978978,0.5167769854595917,0.24675555555555553,0.2885062345431239,0.0,23.1207,14.0498,2.6479,0.45219999999999994,0.2396,3.9820000000000273,14.735100000000017,-6.55019999999998,22.208,143.885,0.0,0.923065586,0.05480025898854053,0.20892962743938492,0.4989200863930885,0.3758441966389194,0.5006769844054575,0.310892,0.5167769854595917,0.24675555555555553,0.2885062345431239,Y,308.79683689509096,14.0498,2.6479,0.45219999999999994,0.2396,3.9820000000000273,-156.677542408,-6.55019999999998,22.208,143.885,Y,0.018802881240844727,Y,0.0,N
0,0.05710085224473958,0.05480025898854053,0.20892962743938492,0.4989200863930885,0.3758441966389194,0.5006769844054575,0.6152327839978978,0.5167769854595917,0.24675555555555553,0.2885062345431239,0.0,23.1207,14.0498,2.6479,0.45219999999999994,0.2396,3.9820000000000273,14.735100000000017,-6.55019999999998,22.208,143.885,0.0,0.05710085224473958,0.05480025898854053,0.466634427,0.4989200863930885,0.3758441966389194,0.5006769844054575,0.6152327839978978,0.5167769854595917,0.24675555555555553,0.2885062345431239,Y,23.1207,14.0498,3.5194576321140003,0.45219999999999994,0.2396,3.9820000000000273,14.735100000000017,-6.55019999999998,22.208,143.885,Y,0.018303871154785156,Y,0.0,N
0,0.05710085224473958,0.05480025898854053,0.20892962743938492,0.4989200863930885,0.3758441966389194,0.5006769844054575,0.6152327839978978,0.5167769854595917,0.24675555555555553,0.2885062345431239,0.0,23.1207,14.0498,2.6479,0.45219999999999994,0.2396,3.9820000000000273,14.735100000000017,-6.55019999999998,22.208,143.885,0.0,0.410082811,0.05480025898854053,0.20892962743938492,0.4989200863930885,0.3758441966389194,0.5006769844054575,0.6152327839978978,0.5919932,0.24675555555555553,0.2885062345431239,Y,139.5671538106285,14.0498,2.6479,0.45219999999999994,0.2396,3.9820000000000273,14.735100000000017,22.464131329239986,22.208,143.885,Y,0.01866292953491211,Y,0.0,N
0,0.05710085224473958,0.05480025898854053,0.20892962743938492,0.4989200863930885,0.3758441966389194,0.5006769844054575,0.6152327839978978,0.5167769854595917,0.24675555555555553,0.2885062345431239,0.0,23.1207,14.0498,2.6479,0.45219999999999994,0.2396,3.9820000000000273,14.735100000000017,-6.55019999999998,22.208,143.885,0.0,0.887719642,0.05480025898854053,0.20892962743938492,0.4989200863930885,0.3758441966389194,0.02491954,0.6152327839978978,0.5167769854595917,0.24675555555555553,0.2885062345431239,Y,297.13643971812695,14.0498,2.6479,0.45219999999999994,0.2396,-434.926650639666,14.735100000000017,-6.55019999999998,22.208,143.885,Y,0.018543720245361328,Y,0.0,N
0,0.05710085224473958,0.05480025898854053,0.20892962743938492,0.4989200863930885,0.3758441966389194,0.5006769844054575,0.6152327839978978,0.5167769854595917,0.24675555555555553,0.2885062345431239,0.0,23.1207,14.0498,2.6479,0.45219999999999994,0.2396,3.9820000000000273,14.735100000000017,-6.55019999999998,22.208,143.885,0.0,0.367172801,0.05480025898854053,0.20892962743938492,0.4989200863930885,0.3758441966389194,0.5006769844054575,0.6152327839978978,0.5167769854595917,0.46273866945,0.2885062345431239,Y,125.41142042669348,14.0498,2.6479,0.45219999999999994,0.2396,3.9820000000000273,14.735100000000017,-6.55019999999998,41.6464802505,143.885,Y,0.01804494857788086,Y,0.0,N
0,0.35457049017334386,0.30033426683620534,0.3640745121230041,0.19722632715698532,0.16569813098790637,0.4335646385967719,0.35544701416482904,0.6600827954789905,0.64541,0.5192871062138261,1.0,121.254,77.0003,3.1726,0.1868,0.1058,-57.932300000000005,-131.58299999999997,48.72940000000002,58.0869,257.955,1.0,0.038840601,0.30033426683620534,0.053207654,0.19722632715698532,0.16569813098790637,0.4335646385967719,0.35544701416482904,0.6600827954789905,0.75010458588,0.24943031,N,17.096761805993502,77.0003,2.1212482858280004,0.1868,0.1058,-57.932300000000005,-131.58299999999997,48.72940000000002,67.5094127292,124.57061453830399,N,0.024191856384277344,Y,1.0,Y
0,0.35457049017334386,0.30033426683620534,0.3640745121230041,0.19722632715698532,0.16569813098790637,0.4335646385967719,0.35544701416482904,0.6600827954789905,0.64541,0.5192871062138261,1.0,121.254,77.0003,3.1726,0.1868,0.1058,-57.932300000000005,-131.58299999999997,48.72940000000002,58.0869,257.955,1.0,0.155295138,0.2,0.032285739,0.83932098,0.4618613,0.99819679,0.9385469,0.8884376,0.64541,0.43323774,N,55.514356607803,51.2764,2.050490369298,0.7516506661060001,0.29436708971000003,462.9674538438089,196.8340162994,136.81628391832,58.0869,215.42265694681598,N,0.02979111671447754,Y,1.0,Y
0,0.052816136116655824,0.030721345492273247,0.17708456534594907,0.5359781743776287,0.3397204334851578,0.5161838349499988,0.6269245382848092,0.5327743121958327,0.5620488888888889,0.32388710491900924,1.0,21.7072,7.8764,2.5402,0.4848,0.2166,18.28779999999999,21.320199999999968,-0.37929999999998376,50.5844,161.373,1.0,0.052816136116655824,0.030721345492273247,0.17708456534594907,0.5359781743776287,0.3397204334851578,0.5161838349499988,0.3939606,0.5327743121958327,0.5620488888888889,0.42032734,Y,21.7072,7.8764,2.5402,0.4848,0.2166,18.28779999999999,-109.89114710439999,-0.37929999999998376,50.5844,209.04132509145597,Y,0.017776966094970703,N,1.0,N
0,0.052816136116655824,0.030721345492273247,0.17708456534594907,0.5359781743776287,0.3397204334851578,0.5161838349499988,0.6269245382848092,0.5327743121958327,0.5620488888888889,0.32388710491900924,1.0,21.7072,7.8764,2.5402,0.4848,0.2166,18.28779999999999,21.320199999999968,-0.37929999999998376,50.5844,161.373,1.0,0.052816136116655824,0.030721345492273247,0.17708456534594907,0.5359781743776287,0.3397204334851578,0.5161838349499988,0.3688005,0.5327743121958327,0.5620488888888889,0.32388710491900924,Y,21.7072,7.8764,2.5402,0.4848,0.2166,18.28779999999999,-124.061969587,-0.37929999999998376,50.5844,161.373,Y,0.017792940139770508,N,1.0,N
0,0.052816136116655824,0.030721345492273247,0.17708456534594907,0.5359781743776287,0.3397204334851578,0.5161838349499988,0.6269245382848092,0.5327743121958327,0.5620488888888889,0.32388710491900924,1.0,21.7072,7.8764,2.5402,0.4848,0.2166,18.28779999999999,21.320199999999968,-0.37929999999998376,50.5844,161.373,1.0,0.052816136116655824,0.030721345492273247,0.17708456534594907,0.5359781743776287,0.3397204334851578,0.0410068,0.6269245382848092,0.5327743121958327,0.5620488888888889,0.32388710491900924,Y,21.7072,7.8764,2.5402,0.4848,0.2166,-420.08539557972,21.320199999999968,-0.37929999999998376,50.5844,161.373,Y,0.01941084861755371,N,1.0,N
0,0.052816136116655824,0.030721345492273247,0.17708456534594907,0.5359781743776287,0.3397204334851578,0.5161838349499988,0.6269245382848092,0.5327743121958327,0.5620488888888889,0.32388710491900924,1.0,21.7072,7.8764,2.5402,0.4848,0.2166,18.28779999999999,21.320199999999968,-0.37929999999998376,50.5844,161.373,1.0,0.052816136116655824,0.030721345492273247,0.650160742,0.5359781743776287,0.3397204334851578,0.5161838349499988,0.6269245382848092,0.5327743121958327,0.5620488888888889,0.32388710491900924,Y,21.7072,7.8764,4.140143629444,0.4848,0.2166,18.28779999999999,21.320199999999968,-0.37929999999998376,50.5844,161.373,Y,0.017698049545288086,N,1.0,N
0,0.052816136116655824,0.030721345492273247,0.17708456534594907,0.5359781743776287,0.3397204334851578,0.5161838349499988,0.6269245382848092,0.5327743121958327,0.5620488888888889,0.32388710491900924,1.0,21.7072,7.8764,2.5402,0.4848,0.2166,18.28779999999999,21.320199999999968,-0.37929999999998376,50.5844,161.373,1.0,0.052816136116655824,1.0,0.312805441,0.5359781743776287,0.3397204334851578,0.5161838349499988,0.6269245382848092,0.5327743121958327,0.5620488888888889,0.32388710491900924,Y,21.7072,256.382,2.999208001462,0.4848,0.2166,18.28779999999999,21.320199999999968,-0.37929999999998376,50.5844,161.373,Y,0.018017053604125977,N,1.0,N
0,0.08243812018121,0.05064864148029113,0.16877587226493207,0.6216892122314426,0.5032197267158787,0.5211866147538701,0.6075259309761978,0.555732442383674,0.6831011111111112,0.30444502531366946,1.0,31.4793,12.9854,2.5121,0.5602,0.3207,22.903100000000038,10.394399999999989,8.476699999999997,61.4791,151.7632,1.0,0.08243812018121,0.05064864148029113,0.16877587226493207,0.6216892122314426,0.5032197267158787,0.5211866147538701,0.7919745,0.555732442383674,0.6831011111111112,0.30444502531366946,N,31.4793,12.9854,2.5121,0.5602,0.3207,22.903100000000038,114.28062973700004,8.476699999999997,61.4791,151.7632,N,0.018655061721801758,Y,1.0,Y
0,0.08243812018121,0.05064864148029113,0.16877587226493207,0.6216892122314426,0.5032197267158787,0.5211866147538701,0.6075259309761978,0.555732442383674,0.6831011111111112,0.30444502531366946,1.0,31.4793,12.9854,2.5121,0.5602,0.3207,22.903100000000038,10.394399999999989,8.476699999999997,61.4791,151.7632,1.0,0.08243812018121,0.05064864148029113,0.16877587226493207,0.6216892122314426,0.5032197267158787,0.5211866147538701,0.6075259309761978,0.555732442383674,0.6831011111111112,0.21924236,N,31.4793,12.9854,2.5121,0.5602,0.3207,22.903100000000038,10.394399999999989,8.476699999999997,61.4791,109.64936291302398,N,0.01798391342163086,Y,1.0,Y
0,0.08243812018121,0.05064864148029113,0.16877587226493207,0.6216892122314426,0.5032197267158787,0.5211866147538701,0.6075259309761978,0.555732442383674,0.6831011111111112,0.30444502531366946,1.0,31.4793,12.9854,2.5121,0.5602,0.3207,22.903100000000038,10.394399999999989,8.476699999999997,61.4791,151.7632,1.0,0.08243812018121,0.05064864148029113,0.16877587226493207,0.6216892122314426,0.04181939,0.5211866147538701,0.6075259309761978,0.1217839,0.6831011111111112,0.30444502531366946,N,31.4793,12.9854,2.5121,0.5602,0.026926405613000002,22.903100000000038,10.394399999999989,-158.91708424577,61.4791,151.7632,N,0.017538070678710938,Y,1.0,Y
0,0.08243812018121,0.05064864148029113,0.16877587226493207,0.6216892122314426,0.5032197267158787,0.5211866147538701,0.6075259309761978,0.555732442383674,0.6831011111111112,0.30444502531366946,1.0,31.4793,12.9854,2.5121,0.5602,0.3207,22.903100000000038,10.394399999999989,8.476699999999997,61.4791,151.7632,1.0,0.08243812018121,0.05064864148029113,0.16877587226493207,0.6216892122314426,0.5032197267158787,0.5211866147538701,0.6075259309761978,0.555732442383674,0.6831011111111112,0.09841225,N,31.4793,12.9854,2.5121,0.5602,0.3207,22.903100000000038,10.394399999999989,8.476699999999997,61.4791,49.925649470399996,N,0.01751708984375,Y,1.0,Y
0,0.08243812018121,0.05064864148029113,0.16877587226493207,0.6216892122314426,0.5032197267158787,0.5211866147538701,0.6075259309761978,0.555732442383674,0.6831011111111112,0.30444502531366946,1.0,31.4793,12.9854,2.5121,0.5602,0.3207,22.903100000000038,10.394399999999989,8.476699999999997,61.4791,151.7632,1.0,0.08243812018121,0.05064864148029113,0.16877587226493207,0.6216892122314426,0.5032197267158787,0.5211866147538701,0.6075259309761978,0.555732442383674,0.14871226662,0.30444502531366946,N,31.4793,12.9854,2.5121,0.5602,0.3207,22.903100000000038,10.394399999999989,8.476699999999997,13.3841039958,151.7632,N,0.01718926429748535,Y,1.0,Y
0,0.16170036693660228,0.08516627532354065,0.35195150798344177,0.19131522109810162,0.1320873252709282,0.5111644706270282,0.6918977461977962,0.5064188661079048,0.1774088888888889,0.21457421566469426,1.0,57.6274,21.8351,3.1316,0.1816,0.0844,13.65720000000003,57.914799999999985,-10.54580000000001,15.9668,107.342,1.0,0.16170036693660228,0.08516627532354065,0.35195150798344177,0.19131522109810162,0.1320873252709282,0.5111644706270282,0.6918977461977962,0.5064188661079048,0.94035235568,0.21457421566469426,Y,57.6274,21.8351,3.1316,0.1816,0.0844,13.65720000000003,57.914799999999985,-10.54580000000001,84.6317120112,107.342,Y,0.019311189651489258,N,1.0,N
0,0.16170036693660228,0.08516627532354065,0.35195150798344177,0.19131522109810162,0.1320873252709282,0.5111644706270282,0.6918977461977962,0.5064188661079048,0.1774088888888889,0.21457421566469426,1.0,57.6274,21.8351,3.1316,0.1816,0.0844,13.65720000000003,57.914799999999985,-10.54580000000001,15.9668,107.342,1.0,0.16170036693660228,0.08516627532354065,0.35195150798344177,0.79500629,0.1320873252709282,0.5111644706270282,0.6918977461977962,0.5064188661079048,0.1774088888888889,0.21457421566469426,Y,57.6274,21.8351,3.1316,0.7126670333130001,0.0844,13.65720000000003,57.914799999999985,-10.54580000000001,15.9668,107.342,Y,0.018930912017822266,N,1.0,N
0,0.16170036693660228,0.08516627532354065,0.35195150798344177,0.19131522109810162,0.1320873252709282,0.5111644706270282,0.6918977461977962,0.5064188661079048,0.1774088888888889,0.21457421566469426,1.0,57.6274,21.8351,3.1316,0.1816,0.0844,13.65720000000003,57.914799999999985,-10.54580000000001,15.9668,107.342,1.0,0.415658651,0.08516627532354065,0.35195150798344177,0.19131522109810162,0.1320873252709282,0.5111644706270282,0.6918977461977962,0.5064188661079048,0.1774088888888889,0.21457421566469426,Y,141.40658718366848,21.8351,3.1316,0.1816,0.0844,13.65720000000003,57.914799999999985,-10.54580000000001,15.9668,107.342,Y,0.018240928649902344,N,1.0,N
0,0.16170036693660228,0.08516627532354065,0.35195150798344177,0.19131522109810162,0.1320873252709282,0.5111644706270282,0.6918977461977962,0.5064188661079048,0.1774088888888889,0.21457421566469426,1.0,57.6274,21.8351,3.1316,0.1816,0.0844,13.65720000000003,57.914799999999985,-10.54580000000001,15.9668,107.342,1.0,0.925161187,0.08516627532354065,0.35195150798344177,0.19131522109810162,0.1320873252709282,0.38420874,0.6918977461977962,0.5064188661079048,0.1774088888888889,0.21457421566469426,Y,309.4881620435845,21.8351,3.1316,0.1816,0.0844,-103.465441118346,57.914799999999985,-10.54580000000001,15.9668,107.342,Y,0.01798105239868164,N,1.0,N
0,0.16170036693660228,0.08516627532354065,0.35195150798344177,0.19131522109810162,0.1320873252709282,0.5111644706270282,0.6918977461977962,0.5064188661079048,0.1774088888888889,0.21457421566469426,1.0,57.6274,21.8351,3.1316,0.1816,0.0844,13.65720000000003,57.914799999999985,-10.54580000000001,15.9668,107.342,1.0,0.16170036693660228,0.5,0.35195150798344177,0.19131522109810162,0.1320873252709282,0.05914821,0.6918977461977962,0.5064188661079048,0.1774088888888889,0.21457421566469426,Y,57.6274,128.191,3.1316,0.1816,0.0844,-403.34909039430903,57.914799999999985,-10.54580000000001,15.9668,107.342,Y,0.01994609832763672,N,1.0,N
0,0.06553599873898698,0.047351608147217825,0.15230632761679475,0.4539047402523588,0.36469294801319296,0.534108123043257,0.6110539996378008,0.5204973120892857,0.3778311111111112,0.17913204380365402,0.0,25.9034,12.1401,2.4564,0.4126,0.23249999999999998,34.82379999999996,12.381500000000026,-5.115100000000021,34.0048,89.8237,0.0,0.186113383,0.047351608147217825,0.15230632761679475,0.4539047402523588,0.36469294801319296,0.534108123043257,0.6110539996378008,0.5204973120892857,0.3778311111111112,0.17913204380365402,Y,65.6810953147105,12.1401,2.4564,0.4126,0.23249999999999998,34.82379999999996,12.381500000000026,-5.115100000000021,34.0048,89.8237,Y,0.018497943878173828,Y,0.0,N
0,0.06553599873898698,0.047351608147217825,0.15230632761679475,0.4539047402523588,0.36469294801319296,0.534108123043257,0.6110539996378008,0.5204973120892857,0.3778311111111112,0.17913204380365402,0.0,25.9034,12.1401,2.4564,0.4126,0.23249999999999998,34.82379999999996,12.381500000000026,-5.115100000000021,34.0048,89.8237,0.0,0.06553599873898698,0.7,0.15230632761679475,0.4539047402523588,0.36469294801319296,0.534108123043257,0.6110539996378008,0.5204973120892857,0.3778311111111112,0.88904688,Y,25.9034,179.4674,2.4564,0.4126,0.23249999999999998,34.82379999999996,12.381500000000026,-5.115100000000021,34.0048,440.71926937139193,Y,0.01879429817199707,Y,0.0,N
0,0.06553599873898698,0.047351608147217825,0.15230632761679475,0.4539047402523588,0.36469294801319296,0.534108123043257,0.6110539996378008,0.5204973120892857,0.3778311111111112,0.17913204380365402,0.0,25.9034,12.1401,2.4564,0.4126,0.23249999999999998,34.82379999999996,12.381500000000026,-5.115100000000021,34.0048,89.8237,0.0,0.151634411,0.047351608147217825,0.15230632761679475,0.4539047402523588,0.36469294801319296,0.534108123043257,0.6110539996378008,0.5204973120892857,0.37878996155,0.17913204380365402,Y,54.3067065652285,12.1401,2.4564,0.4126,0.23249999999999998,34.82379999999996,12.381500000000026,-5.115100000000021,34.0910965395,89.8237,Y,0.018221139907836914,Y,0.0,N
0,0.06553599873898698,0.047351608147217825,0.15230632761679475,0.4539047402523588,0.36469294801319296,0.534108123043257,0.6110539996378008,0.5204973120892857,0.3778311111111112,0.17913204380365402,0.0,25.9034,12.1401,2.4564,0.4126,0.23249999999999998,34.82379999999996,12.381500000000026,-5.115100000000021,34.0048,89.8237,0.0,0.06553599873898698,0.047351608147217825,0.311406572,0.4539047402523588,0.36469294801319296,0.534108123043257,0.6110539996378008,0.5204973120892857,0.3778311111111112,0.17913204380365402,Y,25.9034,12.1401,2.994477026504,0.4126,0.23249999999999998,34.82379999999996,12.381500000000026,-5.115100000000021,34.0048,89.8237,Y,0.018211841583251953,Y,0.0,N
0,0.06553599873898698,0.047351608147217825,0.15230632761679475,0.4539047402523588,0.36469294801319296,0.534108123043257,0.6110539996378008,0.5204973120892857,0.3778311111111112,0.17913204380365402,0.0,25.9034,12.1401,2.4564,0.4126,0.23249999999999998,34.82379999999996,12.381500000000026,-5.115100000000021,34.0048,89.8237,0.0,0.06553599873898698,0.047351608147217825,0.498615099,0.4539047402523588,0.36469294801319296,0.534108123043257,0.6110539996378008,0.5204973120892857,0.3778311111111112,0.17913204380365402,Y,25.9034,12.1401,3.6276162648180006,0.4126,0.23249999999999998,34.82379999999996,12.381500000000026,-5.115100000000021,34.0048,89.8237,Y,0.0186769962310791,Y,0.0,N
0,0.10489748964438524,0.06937421503849724,0.2818746303962153,0.2674775491644879,0.20072247526307518,0.4651602069964775,0.547357543863387,0.5537295684695902,0.11273999999999999,0.32225239864821126,0.0,38.8885,17.7863,2.8946,0.24860000000000002,0.1281,-28.7839,-23.493999999999993,7.704099999999992,10.1466,160.565,0.0,0.25907153,0.4,0.2818746303962153,0.2674775491644879,0.20072247526307518,0.4651602069964775,0.547357543863387,0.5537295684695902,0.11273999999999999,0.32225239864821126,Y,89.74951378205499,102.5528,2.8946,0.24860000000000002,0.1281,-28.7839,-23.493999999999993,7.704099999999992,10.1466,160.565,Y,0.018687009811401367,Y,0.0,N
0,0.10489748964438524,0.06937421503849724,0.2818746303962153,0.2674775491644879,0.20072247526307518,0.4651602069964775,0.547357543863387,0.5537295684695902,0.11273999999999999,0.32225239864821126,0.0,38.8885,17.7863,2.8946,0.24860000000000002,0.1281,-28.7839,-23.493999999999993,7.704099999999992,10.1466,160.565,0.0,0.10489748964438524,0.06937421503849724,0.2818746303962153,0.5471019,0.20072247526307518,0.4651602069964775,0.2271173,0.5537295684695902,0.11273999999999999,0.32225239864821126,Y,38.8885,17.7863,2.8946,0.49458554143000005,0.1281,-28.7839,-203.8616315902,7.704099999999992,10.1466,160.565,Y,0.01682901382446289,Y,0.0,N
0,0.10489748964438524,0.06937421503849724,0.2818746303962153,0.2674775491644879,0.20072247526307518,0.4651602069964775,0.547357543863387,0.5537295684695902,0.11273999999999999,0.32225239864821126,0.0,38.8885,17.7863,2.8946,0.24860000000000002,0.1281,-28.7839,-23.493999999999993,7.704099999999992,10.1466,160.565,0.0,0.10489748964438524,0.06937421503849724,0.2818746303962153,0.2674775491644879,0.20072247526307518,0.4651602069964775,0.0783165,0.1623652,0.11273999999999999,0.32225239864821126,Y,38.8885,17.7863,2.8946,0.24860000000000002,0.1281,-28.7839,-287.670110971,-143.26302227036,10.1466,160.565,Y,0.019503116607666016,Y,0.0,N
0,0.10489748964438524,0.06937421503849724,0.2818746303962153,0.2674775491644879,0.20072247526307518,0.4651602069964775,0.547357543863387,0.5537295684695902,0.11273999999999999,0.32225239864821126,0.0,38.8885,17.7863,2.8946,0.24860000000000002,0.1281,-28.7839,-23.493999999999993,7.704099999999992,10.1466,160.565,0.0,0.10489748964438524,0.06937421503849724,0.2818746303962153,0.32114204,0.20072247526307518,0.4651602069964775,0.547357543863387,0.5537295684695902,0.91661802075,0.32225239864821126,Y,38.8885,17.7863,2.8946,0.295808652588,0.1281,-28.7839,-23.493999999999993,7.704099999999992,82.49562186749999,160.565,Y,0.018319129943847656,Y,0.0,N
0,0.10489748964438524,0.06937421503849724,0.2818746303962153,0.2674775491644879,0.20072247526307518,0.4651602069964775,0.547357543863387,0.5537295684695902,0.11273999999999999,0.32225239864821126,0.0,38.8885,17.7863,2.8946,0.24860000000000002,0.1281,-28.7839,-23.493999999999993,7.704099999999992,10.1466,160.565,0.0,0.998734714,0.06937421503849724,0.2818746303962153,0.2674775491644879,0.20072247526307518,0.66060905,0.547357543863387,0.5537295684695902,0.11273999999999999,0.32225239864821126,Y,333.759590372959,17.7863,2.8946,0.24860000000000002,0.1281,151.52686331125503,-23.493999999999993,7.704099999999992,10.1466,160.565,Y,0.018330812454223633,Y,0.0,N
0,0.14782801116117777,0.03402071908324297,0.2668539325842696,0.4476526088439241,0.33343803989319926,0.500765868756186,0.6269083813602354,0.5176902814470777,0.7607833333333334,0.5032821583949451,1.0,53.051,8.7223,2.8438,0.4071,0.2126,4.064,21.311099999999968,-6.197899999999994,68.4705,250.0441,1.0,0.002605642,0.03402071908324297,0.2668539325842696,0.46662722,0.33343803989319926,0.500765868756186,0.9334849,0.205314,0.7607833333333334,0.5032821583949451,N,5.143084359127,8.7223,2.8438,0.423791965434,0.2126,4.064,193.9829662874,-126.69570735020001,68.4705,250.0441,N,0.023890018463134766,Y,1.0,Y
0,0.14782801116117777,0.03402071908324297,0.2668539325842696,0.4476526088439241,0.33343803989319926,0.500765868756186,0.6269083813602354,0.5176902814470777,0.7607833333333334,0.5032821583949451,1.0,53.051,8.7223,2.8438,0.4071,0.2126,4.064,21.311099999999968,-6.197899999999994,68.4705,250.0441,1.0,0.14782801116117777,0.03402071908324297,0.2668539325842696,0.4476526088439241,0.33343803989319926,0.500765868756186,0.6269083813602354,0.5176902814470777,0.18863132447,0.5032821583949451,N,53.051,8.7223,2.8438,0.4071,0.2126,4.064,21.311099999999968,-6.197899999999994,16.9768192023,250.0441,N,0.018327951431274414,Y,1.0,Y
0,0.14782801116117777,0.03402071908324297,0.2668539325842696,0.4476526088439241,0.33343803989319926,0.500765868756186,0.6269083813602354,0.5176902814470777,0.7607833333333334,0.5032821583949451,1.0,53.051,8.7223,2.8438,0.4071,0.2126,4.064,21.311099999999968,-6.197899999999994,68.4705,250.0441,1.0,0.031192164,0.03402071908324297,0.2668539325842696,0.4476526088439241,0.33343803989319926,0.500765868756186,0.6269083813602354,0.5176902814470777,0.7607833333333334,0.15022094,N,14.573592154534,8.7223,2.8438,0.4071,0.2126,4.064,21.311099999999968,-6.197899999999994,68.4705,75.53356586969598,N,0.017707109451293945,Y,1.0,Y
0,0.14782801116117777,0.03402071908324297,0.2668539325842696,0.4476526088439241,0.33343803989319926,0.500765868756186,0.6269083813602354,0.5176902814470777,0.7607833333333334,0.5032821583949451,1.0,53.051,8.7223,2.8438,0.4071,0.2126,4.064,21.311099999999968,-6.197899999999994,68.4705,250.0441,1.0,0.14782801116117777,0.03402071908324297,0.2668539325842696,0.4476526088439241,0.33343803989319926,0.500765868756186,0.6269083813602354,0.5176902814470777,0.01586672859,0.5032821583949451,N,53.051,8.7223,2.8438,0.4071,0.2126,4.064,21.311099999999968,-6.197899999999994,1.4280055730999999,250.0441,N,0.01781296730041504,Y,1.0,Y
0,0.14782801116117777,0.03402071908324297,0.2668539325842696,0.4476526088439241,0.33343803989319926,0.500765868756186,0.6269083813602354,0.5176902814470777,0.7607833333333334,0.5032821583949451,1.0,53.051,8.7223,2.8438,0.4071,0.2126,4.064,21.311099999999968,-6.197899999999994,68.4705,250.0441,1.0,0.14782801116117777,0.03402071908324297,0.2668539325842696,0.4476526088439241,0.33343803989319926,0.500765868756186,0.6269083813602354,0.5176902814470777,0.1438924182,0.5032821583949451,N,53.051,8.7223,2.8438,0.4071,0.2126,4.064,21.311099999999968,-6.197899999999994,12.950317638000001,250.0441,N,0.017473220825195312,Y,1.0,Y
0,0.25677771765736523,0.1464256461062009,0.5531046717918392,0.1652836194157099,0.12768964975655722,0.5519088402098928,0.7005912369102278,0.48769642798351354,0.044033333333333334,0.7156096645129547,0.0,88.9928,37.5409,3.8119,0.1587,0.0816,51.24580000000002,62.81120000000001,-17.76789999999999,3.963,354.993,0.0,0.25677771765736523,0.9,0.5531046717918392,0.1652836194157099,0.00303506,0.5519088402098928,0.7005912369102278,0.48769642798351354,0.044033333333333334,0.7156096645129547,Y,88.9928,230.74380000000002,3.8119,0.1587,0.002232422702,51.24580000000002,62.81120000000001,-17.76789999999999,3.963,354.993,Y,0.01889514923095703,Y,0.0,N
0,0.25677771765736523,0.1464256461062009,0.5531046717918392,0.1652836194157099,0.12768964975655722,0.5519088402098928,0.7005912369102278,0.48769642798351354,0.044033333333333334,0.7156096645129547,0.0,88.9928,37.5409,3.8119,0.1587,0.0816,51.24580000000002,62.81120000000001,-17.76789999999999,3.963,354.993,0.0,0.25677771765736523,0.1464256461062009,0.5531046717918392,0.00712549,0.74670872,0.5519088402098928,0.7005912369102278,0.48769642798351354,0.044033333333333334,0.7156096645129547,Y,88.9928,37.5409,3.8119,0.019568293552999997,0.4757294420240001,51.24580000000002,62.81120000000001,-17.76789999999999,3.963,354.993,Y,0.017733097076416016,Y,0.0,N
0,0.25677771765736523,0.1464256461062009,0.5531046717918392,0.1652836194157099,0.12768964975655722,0.5519088402098928,0.7005912369102278,0.48769642798351354,0.044033333333333334,0.7156096645129547,0.0,88.9928,37.5409,3.8119,0.1587,0.0816,51.24580000000002,62.81120000000001,-17.76789999999999,3.963,354.993,0.0,0.25677771765736523,0.1464256461062009,0.5531046717918392,0.1652836194157099,0.74286918,0.5519088402098928,0.7005912369102278,0.48769642798351354,0.044033333333333334,0.7156096645129547,Y,88.9928,37.5409,3.8119,0.1587,0.47328480690600006,51.24580000000002,62.81120000000001,-17.76789999999999,3.963,354.993,Y,0.018782854080200195,Y,0.0,N
0,0.25677771765736523,0.1464256461062009,0.5531046717918392,0.1652836194157099,0.12768964975655722,0.5519088402098928,0.7005912369102278,0.48769642798351354,0.044033333333333334,0.7156096645129547,0.0,88.9928,37.5409,3.8119,0.1587,0.0816,51.24580000000002,62.81120000000001,-17.76789999999999,3.963,354.993,0.0,0.25677771765736523,0.5,0.5531046717918392,0.1652836194157099,0.12768964975655722,0.5519088402098928,0.7005912369102278,0.6871047,0.044033333333333334,0.7156096645129547,Y,88.9928,128.191,3.8119,0.1587,0.0816,51.24580000000002,62.81120000000001,59.15298347478999,3.963,354.993,Y,0.017869949340820312,Y,0.0,N
0,0.25677771765736523,0.1464256461062009,0.5531046717918392,0.1652836194157099,0.12768964975655722,0.5519088402098928,0.7005912369102278,0.48769642798351354,0.044033333333333334,0.7156096645129547,0.0,88.9928,37.5409,3.8119,0.1587,0.0816,51.24580000000002,62.81120000000001,-17.76789999999999,3.963,354.993,0.0,0.25677771765736523,0.1464256461062009,0.5531046717918392,0.1652836194157099,0.80495797,0.5519088402098928,0.7005912369102278,0.48769642798351354,0.044033333333333334,0.7156096645129547,Y,88.9928,37.5409,3.8119,0.1587,0.5128167394990001,51.24580000000002,62.81120000000001,-17.76789999999999,3.963,354.993,Y,0.01856827735900879,Y,0.0,N
0,0.0840380304552833,0.0371235110109134,0.24722057953873444,0.652836194157099,0.4702371603580964,0.5193521284712727,0.6332816666844215,0.5567367309603192,0.06811,0.41784629876603957,1.0,32.0071,9.5178,2.7774,0.5876,0.2997,21.210700000000013,24.900700000000025,8.86409999999998,6.1299,207.815,1.0,0.0840380304552833,0.0371235110109134,0.24722057953873444,0.652836194157099,0.4702371603580964,0.05601026,0.6332816666844215,0.5567367309603192,0.06811,0.41784629876603957,Y,32.0071,9.5178,2.7774,0.5876,0.2997,-406.243997066754,24.900700000000025,8.86409999999998,6.1299,207.815,Y,0.017893075942993164,N,1.0,N
0,0.0840380304552833,0.0371235110109134,0.24722057953873444,0.652836194157099,0.4702371603580964,0.5193521284712727,0.6332816666844215,0.5567367309603192,0.06811,0.41784629876603957,1.0,32.0071,9.5178,2.7774,0.5876,0.2997,21.210700000000013,24.900700000000025,8.86409999999998,6.1299,207.815,1.0,0.0840380304552833,0.0371235110109134,0.24722057953873444,0.652836194157099,0.4702371603580964,0.5193521284712727,0.6332816666844215,0.5567367309603192,0.46779107221,0.19786279,Y,32.0071,9.5178,2.7774,0.5876,0.2997,21.210700000000013,24.900700000000025,8.86409999999998,42.101196498899995,99.08190326073598,Y,0.018117189407348633,N,1.0,N
0,0.0840380304552833,0.0371235110109134,0.24722057953873444,0.652836194157099,0.4702371603580964,0.5193521284712727,0.6332816666844215,0.5567367309603192,0.06811,0.41784629876603957,1.0,32.0071,9.5178,2.7774,0.5876,0.2997,21.210700000000013,24.900700000000025,8.86409999999998,6.1299,207.815,1.0,0.0840380304552833,0.0371235110109134,0.60723632,0.652836194157099,0.4702371603580964,0.5193521284712727,0.6332816666844215,0.5567367309603192,0.06811,0.41784629876603957,Y,32.0071,9.5178,3.99497323424,0.5876,0.2997,21.210700000000013,24.900700000000025,8.86409999999998,6.1299,207.815,Y,0.01850104331970215,N,1.0,N
0,0.0840380304552833,0.0371235110109134,0.24722057953873444,0.652836194157099,0.4702371603580964,0.5193521284712727,0.6332816666844215,0.5567367309603192,0.06811,0.41784629876603957,1.0,32.0071,9.5178,2.7774,0.5876,0.2997,21.210700000000013,24.900700000000025,8.86409999999998,6.1299,207.815,1.0,0.0840380304552833,0.0371235110109134,0.509164832,0.652836194157099,0.4702371603580964,0.85343476,0.6332816666844215,0.5567367309603192,0.06811,0.41784629876603957,Y,32.0071,9.5178,3.663295461824,0.5876,0.2997,329.41766287719594,24.900700000000025,8.86409999999998,6.1299,207.815,Y,0.01826310157775879,N,1.0,N
0,0.0840380304552833,0.0371235110109134,0.24722057953873444,0.652836194157099,0.4702371603580964,0.5193521284712727,0.6332816666844215,0.5567367309603192,0.06811,0.41784629876603957,1.0,32.0071,9.5178,2.7774,0.5876,0.2997,21.210700000000013,24.900700000000025,8.86409999999998,6.1299,207.815,1.0,0.0840380304552833,0.6,0.24722057953873444,0.652836194157099,0.4702371603580964,0.5193521284712727,0.6332816666844215,0.5567367309603192,0.06811,0.41784629876603957,Y,32.0071,153.82920000000001,2.7774,0.5876,0.2997,21.210700000000013,24.900700000000025,8.86409999999998,6.1299,207.815,Y,0.018332242965698242,N,1.0,N
0,0.28116589141647236,0.05556786357856636,0.13373743347131872,0.5039217915198363,0.37710067535731107,0.3659489038554238,0.6880555940244235,0.5526672105482965,0.7298222222222223,0.5292915895171628,1.0,97.03830000000002,14.2466,2.3936,0.4566,0.2404,-120.31099999999998,55.75079999999998,7.294300000000001,65.684,262.9,1.0,0.03107843,0.05556786357856636,0.13373743347131872,0.5039217915198363,0.37710067535731107,0.45258344,0.6880555940244235,0.3928653,0.7298222222222223,0.5292915895171628,N,14.536072047205,14.2466,2.3936,0.4566,0.2404,-40.386559919976,55.75079999999998,-54.34859984579002,65.684,262.9,N,0.019235849380493164,Y,1.0,Y
0,0.28116589141647236,0.05556786357856636,0.13373743347131872,0.5039217915198363,0.37710067535731107,0.3659489038554238,0.6880555940244235,0.5526672105482965,0.7298222222222223,0.5292915895171628,1.0,97.03830000000002,14.2466,2.3936,0.4566,0.2404,-120.31099999999998,55.75079999999998,7.294300000000001,65.684,262.9,1.0,0.28116589141647236,0.05556786357856636,0.13373743347131872,0.5039217915198363,0.37710067535731107,0.3659489038554238,0.6880555940244235,0.5526672105482965,0.06781927412,0.5292915895171628,N,97.03830000000002,14.2466,2.3936,0.4566,0.2404,-120.31099999999998,55.75079999999998,7.294300000000001,6.103734670799999,262.9,N,0.01840996742248535,Y,1.0,Y
0,0.28116589141647236,0.05556786357856636,0.13373743347131872,0.5039217915198363,0.37710067535731107,0.3659489038554238,0.6880555940244235,0.5526672105482965,0.7298222222222223,0.5292915895171628,1.0,97.03830000000002,14.2466,2.3936,0.4566,0.2404,-120.31099999999998,55.75079999999998,7.294300000000001,65.684,262.9,1.0,0.28116589141647236,0.05556786357856636,0.13373743347131872,0.5039217915198363,0.37710067535731107,0.3659489038554238,0.6880555940244235,0.5526672105482965,0.09731559943,0.5292915895171628,N,97.03830000000002,14.2466,2.3936,0.4566,0.2404,-120.31099999999998,55.75079999999998,7.294300000000001,8.7584039487,262.9,N,0.018419981002807617,Y,1.0,Y
0,0.28116589141647236,0.05556786357856636,0.13373743347131872,0.5039217915198363,0.37710067535731107,0.3659489038554238,0.6880555940244235,0.5526672105482965,0.7298222222222223,0.5292915895171628,1.0,97.03830000000002,14.2466,2.3936,0.4566,0.2404,-120.31099999999998,55.75079999999998,7.294300000000001,65.684,262.9,1.0,0.28116589141647236,0.05556786357856636,0.13373743347131872,0.5039217915198363,0.37710067535731107,0.86013772,0.6880555940244235,0.5526672105482965,0.17628954241,0.5292915895171628,N,97.03830000000002,14.2466,2.3936,0.4566,0.2404,335.601459186612,55.75079999999998,7.294300000000001,15.866058816899999,262.9,N,0.01813507080078125,Y,1.0,Y
0,0.28116589141647236,0.05556786357856636,0.13373743347131872,0.5039217915198363,0.37710067535731107,0.3659489038554238,0.6880555940244235,0.5526672105482965,0.7298222222222223,0.5292915895171628,1.0,97.03830000000002,14.2466,2.3936,0.4566,0.2404,-120.31099999999998,55.75079999999998,7.294300000000001,65.684,262.9,1.0,0.175382919,0.05556786357856636,0.13373743347131872,0.28894226,0.37710067535731107,0.3659489038554238,0.3192589,0.5526672105482965,0.08014491037,0.5292915895171628,N,62.1411849891265,14.2466,2.3936,0.267482506122,0.2404,-120.31099999999998,-151.9650867886,7.294300000000001,7.2130419332999995,262.9,N,0.021605253219604492,Y,1.0,Y
0,0.026392760087725283,0.04130009127005796,0.06638083973979891,0.8384676594293509,0.7874980367520025,0.5103936698733322,0.5934454375330684,0.5348487358381442,0.31692000000000004,0.505812918387694,1.0,12.990300000000001,10.5886,2.1658,0.7509,0.5017,12.946100000000014,2.4639000000000237,0.4209000000000052,28.522800000000004,251.29499999999996,1.0,0.2751093,0.04130009127005796,0.416493774,0.8384676594293509,0.7874980367520025,0.5103936698733322,0.5934454375330684,0.5348487358381442,0.31692000000000004,0.505812918387694,Y,95.04026985955,10.5886,3.349881943668,0.7509,0.5017,12.946100000000014,2.4639000000000237,0.4209000000000052,28.522800000000004,251.29499999999996,Y,0.017999887466430664,N,1.0,N
0,0.026392760087725283,0.04130009127005796,0.06638083973979891,0.8384676594293509,0.7874980367520025,0.5103936698733322,0.5934454375330684,0.5348487358381442,0.31692000000000004,0.505812918387694,1.0,12.990300000000001,10.5886,2.1658,0.7509,0.5017,12.946100000000014,2.4639000000000237,0.4209000000000052,28.522800000000004,251.29499999999996,1.0,0.805865978,0.04130009127005796,0.06638083973979891,0.8384676594293509,0.7874980367520025,0.5103936698733322,0.5934454375330684,0.5348487358381442,0.30841363774,0.505812918387694,Y,270.133448013343,10.5886,2.1658,0.7509,0.5017,12.946100000000014,2.4639000000000237,0.4209000000000052,27.7572273966,251.29499999999996,Y,0.01888108253479004,N,1.0,N
0,0.026392760087725283,0.04130009127005796,0.06638083973979891,0.8384676594293509,0.7874980367520025,0.5103936698733322,0.5934454375330684,0.5348487358381442,0.31692000000000004,0.505812918387694,1.0,12.990300000000001,10.5886,2.1658,0.7509,0.5017,12.946100000000014,2.4639000000000237,0.4209000000000052,28.522800000000004,251.29499999999996,1.0,0.026392760087725283,0.04130009127005796,0.06638083973979891,0.8384676594293509,0.7874980367520025,0.5103936698733322,0.1451134,0.5348487358381442,0.31692000000000004,0.505812918387694,Y,12.990300000000001,10.5886,2.1658,0.7509,0.5017,12.946100000000014,-250.0483601716,0.4209000000000052,28.522800000000004,251.29499999999996,Y,0.017789125442504883,N,1.0,N
0,0.026392760087725283,0.04130009127005796,0.06638083973979891,0.8384676594293509,0.7874980367520025,0.5103936698733322,0.5934454375330684,0.5348487358381442,0.31692000000000004,0.505812918387694,1.0,12.990300000000001,10.5886,2.1658,0.7509,0.5017,12.946100000000014,2.4639000000000237,0.4209000000000052,28.522800000000004,251.29499999999996,1.0,0.026392760087725283,0.04130009127005796,0.260339918,0.8384676594293509,0.7874980367520025,0.5103936698733322,0.5934454375330684,0.5348487358381442,0.31692000000000004,0.505812918387694,Y,12.990300000000001,10.5886,2.821769602676,0.7509,0.5017,12.946100000000014,2.4639000000000237,0.4209000000000052,28.522800000000004,251.29499999999996,Y,0.01910996437072754,N,1.0,N
0,0.026392760087725283,0.04130009127005796,0.06638083973979891,0.8384676594293509,0.7874980367520025,0.5103936698733322,0.5934454375330684,0.5348487358381442,0.31692000000000004,0.505812918387694,1.0,12.990300000000001,10.5886,2.1658,0.7509,0.5017,12.946100000000014,2.4639000000000237,0.4209000000000052,28.522800000000004,251.29499999999996,1.0,0.585439605,0.04130009127005796,0.06638083973979891,0.8384676594293509,0.7874980367520025,0.511321,0.5934454375330684,0.5348487358381442,0.31692000000000004,0.505812918387694,Y,197.4162203320675,10.5886,2.1658,0.7509,0.5017,13.801605719100017,2.4639000000000237,0.4209000000000052,28.522800000000004,251.29499999999996,Y,0.018249988555908203,N,1.0,N
0,0.06556388652701554,0.04101067937686733,0.14689532820816076,0.7983403432988518,0.5762525522223967,0.46434821593390735,0.5781180201198097,0.5302013735992391,0.47503333333333336,0.48774759325918354,1.0,25.912600000000005,10.5144,2.4381,0.7156,0.3672,-29.532999999999987,-6.168900000000029,-1.3717999999999906,42.753,242.3657,1.0,0.06556388652701554,0.04101067937686733,0.067393525,0.7983403432988518,0.5762525522223967,0.46434821593390735,0.5781180201198097,0.5302013735992391,0.47503333333333336,0.48774759325918354,N,25.912600000000005,10.5144,2.16922490155,0.7156,0.3672,-29.532999999999987,-6.168900000000029,-1.3717999999999906,42.753,242.3657,N,0.01786494255065918,Y,1.0,Y
0,0.06556388652701554,0.04101067937686733,0.14689532820816076,0.7983403432988518,0.5762525522223967,0.46434821593390735,0.5781180201198097,0.5302013735992391,0.47503333333333336,0.48774759325918354,1.0,25.912600000000005,10.5144,2.4381,0.7156,0.3672,-29.532999999999987,-6.168900000000029,-1.3717999999999906,42.753,242.3657,1.0,0.06556388652701554,0.04101067937686733,0.00890887,0.7983403432988518,0.5762525522223967,0.8386884,0.5781180201198097,0.5302013735992391,0.47503333333333336,0.48774759325918354,N,25.912600000000005,10.5144,1.97142979834,0.7156,0.3672,315.81345122363996,-6.168900000000029,-1.3717999999999906,42.753,242.3657,N,0.01747727394104004,Y,1.0,Y
0,0.06556388652701554,0.04101067937686733,0.14689532820816076,0.7983403432988518,0.5762525522223967,0.46434821593390735,0.5781180201198097,0.5302013735992391,0.47503333333333336,0.48774759325918354,1.0,25.912600000000005,10.5144,2.4381,0.7156,0.3672,-29.532999999999987,-6.168900000000029,-1.3717999999999906,42.753,242.3657,1.0,0.06556388652701554,0.4,0.14689532820816076,0.7983403432988518,0.5762525522223967,0.46434821593390735,0.5781180201198097,0.5302013735992391,0.47503333333333336,0.48774759325918354,N,25.912600000000005,102.5528,2.4381,0.7156,0.3672,-29.532999999999987,-6.168900000000029,-1.3717999999999906,42.753,242.3657,N,0.01823592185974121,Y,1.0,Y
0,0.06556388652701554,0.04101067937686733,0.14689532820816076,0.7983403432988518,0.5762525522223967,0.46434821593390735,0.5781180201198097,0.5302013735992391,0.47503333333333336,0.48774759325918354,1.0,25.912600000000005,10.5144,2.4381,0.7156,0.3672,-29.532999999999987,-6.168900000000029,-1.3717999999999906,42.753,242.3657,1.0,0.06556388652701554,0.04101067937686733,0.14689532820816076,0.7983403432988518,0.5762525522223967,0.46434821593390735,0.5781180201198097,0.5302013735992391,0.01229092289,0.48774759325918354,N,25.912600000000005,10.5144,2.4381,0.7156,0.3672,-29.532999999999987,-6.168900000000029,-1.3717999999999906,1.1061830601,242.3657,N,0.01897597312927246,Y,1.0,Y
0,0.06556388652701554,0.04101067937686733,0.14689532820816076,0.7983403432988518,0.5762525522223967,0.46434821593390735,0.5781180201198097,0.5302013735992391,0.47503333333333336,0.48774759325918354,1.0,25.912600000000005,10.5144,2.4381,0.7156,0.3672,-29.532999999999987,-6.168900000000029,-1.3717999999999906,42.753,242.3657,1.0,0.06556388652701554,0.04101067937686733,0.14689532820816076,0.22497554,0.5762525522223967,0.46434821593390735,0.5781180201198097,0.5302013735992391,0.47503333333333336,0.17613136,N,25.912600000000005,10.5144,2.4381,0.21121098253800002,0.3672,-29.532999999999987,-6.168900000000029,-1.3717999999999906,42.753,88.34052681062397,N,0.018222808837890625,Y,1.0,Y
0,0.10174374457211191,0.053481913706890497,0.23356002365464212,0.3353415937251336,0.25757813727029993,0.5138823806394275,0.5543037785897668,0.5642209362281939,0.034764444444444445,0.39988273814918884,0.0,37.8481,13.7118,2.7312,0.3083,0.1643,16.164599999999965,-19.581700000000012,11.75110000000001,3.1288,198.936,0.0,0.10174374457211191,0.053481913706890497,0.23356002365464212,0.3353415937251336,0.25757813727029993,0.5138823806394275,0.5543037785897668,0.5642209362281939,0.44319351506,0.39988273814918884,Y,37.8481,13.7118,2.7312,0.3083,0.1643,16.164599999999965,-19.581700000000012,11.75110000000001,39.8874163554,198.936,Y,0.018501758575439453,Y,0.0,N
0,0.10174374457211191,0.053481913706890497,0.23356002365464212,0.3353415937251336,0.25757813727029993,0.5138823806394275,0.5543037785897668,0.5642209362281939,0.034764444444444445,0.39988273814918884,0.0,37.8481,13.7118,2.7312,0.3083,0.1643,16.164599999999965,-19.581700000000012,11.75110000000001,3.1288,198.936,0.0,0.10174374457211191,0.053481913706890497,0.866155418,0.3353415937251336,0.25757813727029993,0.5138823806394275,0.5543037785897668,0.7125334,0.034764444444444445,0.39988273814918884,Y,37.8481,13.7118,4.870637623675999,0.3083,0.1643,16.164599999999965,-19.581700000000012,68.96199515637998,3.1288,198.936,Y,0.01782822608947754,Y,0.0,N
0,0.10174374457211191,0.053481913706890497,0.23356002365464212,0.3353415937251336,0.25757813727029993,0.5138823806394275,0.5543037785897668,0.5642209362281939,0.034764444444444445,0.39988273814918884,0.0,37.8481,13.7118,2.7312,0.3083,0.1643,16.164599999999965,-19.581700000000012,11.75110000000001,3.1288,198.936,0.0,0.980408332,0.053481913706890497,0.23356002365464212,0.3353415937251336,0.25757813727029993,0.5138823806394275,0.5543037785897668,0.5642209362281939,0.034764444444444445,0.39988273814918884,Y,327.713836072642,13.7118,2.7312,0.3083,0.1643,16.164599999999965,-19.581700000000012,11.75110000000001,3.1288,198.936,Y,0.017597198486328125,Y,0.0,N
0,0.10174374457211191,0.053481913706890497,0.23356002365464212,0.3353415937251336,0.25757813727029993,0.5138823806394275,0.5543037785897668,0.5642209362281939,0.034764444444444445,0.39988273814918884,0.0,37.8481,13.7118,2.7312,0.3083,0.1643,16.164599999999965,-19.581700000000012,11.75110000000001,3.1288,198.936,0.0,0.574840615,0.053481913706890497,0.23356002365464212,0.3353415937251336,0.25757813727029993,0.5138823806394275,0.5543037785897668,0.8518569,0.034764444444444445,0.39988273814918884,Y,193.9196824245025,13.7118,2.7312,0.3083,0.1643,16.164599999999965,-19.581700000000012,122.70543619032999,3.1288,198.936,Y,0.017385244369506836,Y,0.0,N
0,0.10174374457211191,0.053481913706890497,0.23356002365464212,0.3353415937251336,0.25757813727029993,0.5138823806394275,0.5543037785897668,0.5642209362281939,0.034764444444444445,0.39988273814918884,0.0,37.8481,13.7118,2.7312,0.3083,0.1643,16.164599999999965,-19.581700000000012,11.75110000000001,3.1288,198.936,0.0,0.10174374457211191,0.053481913706890497,0.23356002365464212,0.3353415937251336,0.64215002,0.5138823806394275,0.5543037785897668,0.5642209362281939,0.94549612409,0.39988273814918884,Y,37.8481,13.7118,2.7312,0.3083,0.40915691773400004,16.164599999999965,-19.581700000000012,11.75110000000001,85.09465116809999,198.936,Y,0.017870664596557617,Y,0.0,N
0,0.3450249853361767,0.1591227153232286,0.4455943228858664,0.13709219051949526,0.12172137584419662,0.5323404084192558,0.7539641280764737,0.5082825291377195,0.9634533333333334,0.5397876985925342,1.0,118.105,40.7962,3.4483,0.1339,0.0778,33.193,92.8722,-9.826899999999988,86.7108,268.088,1.0,0.3450249853361767,0.1,0.4455943228858664,0.13709219051949526,0.12172137584419662,0.5323404084192558,0.7539641280764737,0.5082825291377195,0.14939492324,0.5397876985925342,N,118.105,25.6382,3.4483,0.1339,0.0778,33.193,92.8722,-9.826899999999988,13.4455430916,268.088,N,0.018527984619140625,Y,1.0,Y
0,0.3450249853361767,0.1591227153232286,0.4455943228858664,0.13709219051949526,0.12172137584419662,0.5323404084192558,0.7539641280764737,0.5082825291377195,0.9634533333333334,0.5397876985925342,1.0,118.105,40.7962,3.4483,0.1339,0.0778,33.193,92.8722,-9.826899999999988,86.7108,268.088,1.0,0.3450249853361767,0.1591227153232286,0.4455943228858664,0.13709219051949526,0.12172137584419662,0.5323404084192558,0.7539641280764737,0.5082825291377195,0.09085896893,0.5397876985925342,N,118.105,40.7962,3.4483,0.1339,0.0778,33.193,92.8722,-9.826899999999988,8.1773072037,268.088,N,0.01837015151977539,Y,1.0,Y
0,0.3450249853361767,0.1591227153232286,0.4455943228858664,0.13709219051949526,0.12172137584419662,0.5323404084192558,0.7539641280764737,0.5082825291377195,0.9634533333333334,0.5397876985925342,1.0,118.105,40.7962,3.4483,0.1339,0.0778,33.193,92.8722,-9.826899999999988,86.7108,268.088,1.0,0.3450249853361767,0.1591227153232286,0.4455943228858664,0.13709219051949526,0.12172137584419662,0.7049226,0.7539641280764737,0.6433837,0.12551022116,0.5397876985925342,N,118.105,40.7962,3.4483,0.1339,0.0778,192.40820035445995,92.8722,42.287795725089985,11.295919904399998,268.088,N,0.01958298683166504,Y,1.0,Y
0,0.3450249853361767,0.1591227153232286,0.4455943228858664,0.13709219051949526,0.12172137584419662,0.5323404084192558,0.7539641280764737,0.5082825291377195,0.9634533333333334,0.5397876985925342,1.0,118.105,40.7962,3.4483,0.1339,0.0778,33.193,92.8722,-9.826899999999988,86.7108,268.088,1.0,0.3450249853361767,0.1591227153232286,0.4455943228858664,0.13709219051949526,0.12172137584419662,0.5323404084192558,0.7539641280764737,0.2962567,0.0408437355,0.5397876985925342,N,118.105,40.7962,3.4483,0.1339,0.0778,33.193,92.8722,-91.61495187881,3.675936195,268.088,N,0.01810312271118164,Y,1.0,Y
0,0.10859595596760774,0.10500620168342552,0.3083382613837966,0.265658747300216,0.19506832103031252,0.5404501298632883,0.6502965061982223,0.47848154885459515,0.31036,0.41921759073429066,1.0,40.1086,26.9217,2.9841,0.247,0.1245,40.67460000000004,34.483899999999984,-21.322500000000005,27.9324,208.4928,1.0,0.10859595596760774,0.10500620168342552,0.3083382613837966,0.265658747300216,0.19506832103031252,0.5404501298632883,0.3617051,0.47848154885459515,0.77198493407,0.41921759073429066,Y,40.1086,26.9217,2.9841,0.247,0.1245,40.67460000000004,-128.0582833474,-21.322500000000005,69.47864406629999,208.4928,Y,0.018062114715576172,N,1.0,N
0,0.10859595596760774,0.10500620168342552,0.3083382613837966,0.265658747300216,0.19506832103031252,0.5404501298632883,0.6502965061982223,0.47848154885459515,0.31036,0.41921759073429066,1.0,40.1086,26.9217,2.9841,0.247,0.1245,40.67460000000004,34.483899999999984,-21.322500000000005,27.9324,208.4928,1.0,0.10859595596760774,0.10500620168342552,0.3083382613837966,0.265658747300216,0.19506832103031252,0.5404501298632883,0.6502965061982223,0.1356751,0.31036,0.41921759073429066,Y,40.1086,26.9217,2.9841,0.247,0.1245,40.67460000000004,34.483899999999984,-153.55861357793,27.9324,208.4928,Y,0.01788616180419922,N,1.0,N
0,0.10859595596760774,0.10500620168342552,0.3083382613837966,0.265658747300216,0.19506832103031252,0.5404501298632883,0.6502965061982223,0.47848154885459515,0.31036,0.41921759073429066,1.0,40.1086,26.9217,2.9841,0.247,0.1245,40.67460000000004,34.483899999999984,-21.322500000000005,27.9324,208.4928,1.0,0.10859595596760774,0.10500620168342552,0.3083382613837966,0.265658747300216,0.51772806,0.5404501298632883,0.6502965061982223,0.088525,0.31036,0.41921759073429066,Y,40.1086,26.9217,2.9841,0.247,0.32993745580200007,40.67460000000004,34.483899999999984,-171.7465619075,27.9324,208.4928,Y,0.0187680721282959,N,1.0,N
0,0.10859595596760774,0.10500620168342552,0.3083382613837966,0.265658747300216,0.19506832103031252,0.5404501298632883,0.6502965061982223,0.47848154885459515,0.31036,0.41921759073429066,1.0,40.1086,26.9217,2.9841,0.247,0.1245,40.67460000000004,34.483899999999984,-21.322500000000005,27.9324,208.4928,1.0,0.901840866,0.10500620168342552,0.3083382613837966,0.265658747300216,0.19506832103031252,0.5404501298632883,0.6502965061982223,0.47848154885459515,0.31036,0.41921759073429066,Y,301.794939727771,26.9217,2.9841,0.247,0.1245,40.67460000000004,34.483899999999984,-21.322500000000005,27.9324,208.4928,Y,0.018068790435791016,N,1.0,N
0,0.10859595596760774,0.10500620168342552,0.3083382613837966,0.265658747300216,0.19506832103031252,0.5404501298632883,0.6502965061982223,0.47848154885459515,0.31036,0.41921759073429066,1.0,40.1086,26.9217,2.9841,0.247,0.1245,40.67460000000004,34.483899999999984,-21.322500000000005,27.9324,208.4928,1.0,0.10859595596760774,0.10500620168342552,0.3083382613837966,0.82673312,0.19506832103031252,0.5404501298632883,0.6502965061982223,0.47848154885459515,0.31036,0.41921759073429066,Y,40.1086,26.9217,2.9841,0.740577125664,0.1245,40.67460000000004,34.483899999999984,-21.322500000000005,27.9324,208.4928,Y,0.01790618896484375,N,1.0,N
0,0.1353418603276512,0.07768564095763353,0.3696037847427558,0.2416732977151301,0.19915187686508554,0.5252488463732637,0.677016330922223,0.5075351455635151,0.018277777777777778,0.4744540728463959,0.0,48.9319,19.9172,3.1913,0.22589999999999996,0.1271,26.65069999999998,49.5332,-10.115199999999987,1.645,235.795,0.0,0.1353418603276512,0.07768564095763353,0.3696037847427558,0.73078191,0.19915187686508554,0.5252488463732637,0.677016330922223,0.5075351455635151,0.018277777777777778,0.4744540728463959,Y,48.9319,19.9172,3.1913,0.656168846227,0.1271,26.65069999999998,49.5332,-10.115199999999987,1.645,235.795,Y,0.01954483985900879,Y,0.0,N
0,0.1353418603276512,0.07768564095763353,0.3696037847427558,0.2416732977151301,0.19915187686508554,0.5252488463732637,0.677016330922223,0.5075351455635151,0.018277777777777778,0.4744540728463959,0.0,48.9319,19.9172,3.1913,0.22589999999999996,0.1271,26.65069999999998,49.5332,-10.115199999999987,1.645,235.795,0.0,0.1353418603276512,0.8,0.3696037847427558,0.2416732977151301,0.19915187686508554,0.5252488463732637,0.677016330922223,0.5075351455635151,0.018277777777777778,0.11332052,Y,48.9319,205.1056,3.1913,0.22589999999999996,0.1271,26.65069999999998,49.5332,-10.115199999999987,1.645,57.29448531276799,Y,0.018748044967651367,Y,0.0,N
0,0.1353418603276512,0.07768564095763353,0.3696037847427558,0.2416732977151301,0.19915187686508554,0.5252488463732637,0.677016330922223,0.5075351455635151,0.018277777777777778,0.4744540728463959,0.0,48.9319,19.9172,3.1913,0.22589999999999996,0.1271,26.65069999999998,49.5332,-10.115199999999987,1.645,235.795,0.0,0.1353418603276512,0.07768564095763353,0.647814917,0.79193874,0.19915187686508554,0.5252488463732637,0.677016330922223,0.5075351455635151,0.018277777777777778,0.4744540728463959,Y,48.9319,19.9172,4.132210049294001,0.709968509578,0.1271,26.65069999999998,49.5332,-10.115199999999987,1.645,235.795,Y,0.018952369689941406,Y,0.0,N
0,0.1353418603276512,0.07768564095763353,0.3696037847427558,0.2416732977151301,0.19915187686508554,0.5252488463732637,0.677016330922223,0.5075351455635151,0.018277777777777778,0.4744540728463959,0.0,48.9319,19.9172,3.1913,0.22589999999999996,0.1271,26.65069999999998,49.5332,-10.115199999999987,1.645,235.795,0.0,0.1353418603276512,0.9,0.3696037847427558,0.2416732977151301,0.19915187686508554,0.5252488463732637,0.677016330922223,0.5075351455635151,0.018277777777777778,0.86603559,Y,48.9319,230.74380000000002,3.1913,0.22589999999999996,0.1271,26.65069999999998,49.5332,-10.115199999999987,1.645,429.3452857682559,Y,0.019073009490966797,Y,0.0,N
0,0.1353418603276512,0.07768564095763353,0.3696037847427558,0.2416732977151301,0.19915187686508554,0.5252488463732637,0.677016330922223,0.5075351455635151,0.018277777777777778,0.4744540728463959,0.0,48.9319,19.9172,3.1913,0.22589999999999996,0.1271,26.65069999999998,49.5332,-10.115199999999987,1.645,235.795,0.0,0.1353418603276512,0.07768564095763353,0.3696037847427558,0.2416732977151301,0.19915187686508554,0.5252488463732637,0.0174306,0.5075351455635151,0.018277777777777778,0.4744540728463959,Y,48.9319,19.9172,3.1913,0.22589999999999996,0.1271,26.65069999999998,-321.9626328844,-10.115199999999987,1.645,235.795,Y,0.017881155014038086,Y,0.0,N
