,scaled_input_MedInc,scaled_input_HouseAge,scaled_input_AveRooms,scaled_input_AveBedrms,scaled_input_Population,scaled_input_AveOccup,scaled_input_Latitude,scaled_input_Longitude,scaled_input_target,origin_input_MedInc,origin_input_HouseAge,origin_input_AveRooms,origin_input_AveBedrms,origin_input_Population,origin_input_AveOccup,origin_input_Latitude,origin_input_Longitude,origin_input_target,running_time,Found,ground_truth,prediction,scaled_cf_MedInc,scaled_cf_HouseAge,scaled_cf_AveRooms,scaled_cf_AveBedrms,scaled_cf_Population,scaled_cf_AveOccup,scaled_cf_Latitude,scaled_cf_Longitude,scaled_cf_target,origin_cf_MedInc,origin_cf_HouseAge,origin_cf_AveRooms,origin_cf_AveBedrms,origin_cf_Population,origin_cf_AveOccup,origin_cf_Latitude,origin_cf_Longitude,origin_cf_target
0,0.22947959338491886,0.9999999999999999,0.03414003934110735,0.021406705486107562,0.06166398207157364,0.002074261886166336,0.55047821466525,0.19023904382470036,Y,3.8274000000000004,52.0,5.341959334565619,1.055452865064695,1769.0,3.269870609981516,37.720000000000006,-122.44,Y,21.53941011428833,N,Y,Y,,,,,,,,,,,,,,,,,,
0,0.22947959338491886,0.9999999999999999,0.03414003934110735,0.021406705486107562,0.06166398207157364,0.002074261886166336,0.55047821466525,0.19023904382470036,Y,3.8274000000000004,52.0,5.341959334565619,1.055452865064695,1769.0,3.269870609981516,37.720000000000006,-122.44,Y,21.51224684715271,N,Y,Y,,,,,,,,,,,,,,,,,,
0,0.22947959338491886,0.9999999999999999,0.03414003934110735,0.021406705486107562,0.06166398207157364,0.002074261886166336,0.55047821466525,0.19023904382470036,Y,3.8274000000000004,52.0,5.341959334565619,1.055452865064695,1769.0,3.269870609981516,37.720000000000006,-122.44,Y,21.529972791671753,N,Y,Y,,,,,,,,,,,,,,,,,,
0,0.22947959338491886,0.9999999999999999,0.03414003934110735,0.021406705486107562,0.06166398207157364,0.002074261886166336,0.55047821466525,0.19023904382470036,Y,3.8274000000000004,52.0,5.341959334565619,1.055452865064695,1769.0,3.269870609981516,37.720000000000006,-122.44,Y,21.46553874015808,N,Y,Y,,,,,,,,,,,,,,,,,,
0,0.22947959338491886,0.9999999999999999,0.03414003934110735,0.021406705486107562,0.06166398207157364,0.002074261886166336,0.55047821466525,0.19023904382470036,Y,3.8274000000000004,52.0,5.341959334565619,1.055452865064695,1769.0,3.269870609981516,37.720000000000006,-122.44,Y,23.297543048858643,N,Y,Y,,,,,,,,,,,,,,,,,,
0,0.33999531040951164,0.49019607843137253,0.04044630591748792,0.018375552483498512,0.04429581903494642,0.0019661030318289642,0.5302869287991498,0.2370517928286855,Y,5.4299,26.0,6.172413793103448,0.9532019704433498,1272.9999999999998,3.1354679802955663,37.53,-121.96999999999998,Y,22.822139024734497,N,Y,Y,,,,,,,,,,,,,,,,,,
0,0.33999531040951164,0.49019607843137253,0.04044630591748792,0.018375552483498512,0.04429581903494642,0.0019661030318289642,0.5302869287991498,0.2370517928286855,Y,5.4299,26.0,6.172413793103448,0.9532019704433498,1272.9999999999998,3.1354679802955663,37.53,-121.96999999999998,Y,21.55694079399109,N,Y,Y,,,,,,,,,,,,,,,,,,
0,0.33999531040951164,0.49019607843137253,0.04044630591748792,0.018375552483498512,0.04429581903494642,0.0019661030318289642,0.5302869287991498,0.2370517928286855,Y,5.4299,26.0,6.172413793103448,0.9532019704433498,1272.9999999999998,3.1354679802955663,37.53,-121.96999999999998,Y,21.67190408706665,N,Y,Y,,,,,,,,,,,,,,,,,,
0,0.33999531040951164,0.49019607843137253,0.04044630591748792,0.018375552483498512,0.04429581903494642,0.0019661030318289642,0.5302869287991498,0.2370517928286855,Y,5.4299,26.0,6.172413793103448,0.9532019704433498,1272.9999999999998,3.1354679802955663,37.53,-121.96999999999998,Y,21.655946969985962,N,Y,Y,,,,,,,,,,,,,,,,,,
0,0.33999531040951164,0.49019607843137253,0.04044630591748792,0.018375552483498512,0.04429581903494642,0.0019661030318289642,0.5302869287991498,0.2370517928286855,Y,5.4299,26.0,6.172413793103448,0.9532019704433498,1272.9999999999998,3.1354679802955663,37.53,-121.96999999999998,Y,22.055408239364624,N,Y,Y,,,,,,,,,,,,,,,,,,
0,0.33337471207293695,0.35294117647058826,0.042677480925259484,0.022604562246505977,0.049793402899362696,0.0019500086245972438,0.14240170031881005,0.6513944223107568,Y,5.3339,19.0,6.466230936819172,1.0958605664488017,1429.9999999999998,3.1154684095860565,33.88,-117.81,Y,21.898988962173462,N,Y,Y,,,,,,,,,,,,,,,,,,
0,0.33337471207293695,0.35294117647058826,0.042677480925259484,0.022604562246505977,0.049793402899362696,0.0019500086245972438,0.14240170031881005,0.6513944223107568,Y,5.3339,19.0,6.466230936819172,1.0958605664488017,1429.9999999999998,3.1154684095860565,33.88,-117.81,Y,21.56948494911194,N,Y,Y,,,,,,,,,,,,,,,,,,
0,0.33337471207293695,0.35294117647058826,0.042677480925259484,0.022604562246505977,0.049793402899362696,0.0019500086245972438,0.14240170031881005,0.6513944223107568,Y,5.3339,19.0,6.466230936819172,1.0958605664488017,1429.9999999999998,3.1154684095860565,33.88,-117.81,Y,21.575726747512817,N,Y,Y,,,,,,,,,,,,,,,,,,
0,0.33337471207293695,0.35294117647058826,0.042677480925259484,0.022604562246505977,0.049793402899362696,0.0019500086245972438,0.14240170031881005,0.6513944223107568,Y,5.3339,19.0,6.466230936819172,1.0958605664488017,1429.9999999999998,3.1154684095860565,33.88,-117.81,Y,21.59565806388855,N,Y,Y,,,,,,,,,,,,,,,,,,
0,0.33337471207293695,0.35294117647058826,0.042677480925259484,0.022604562246505977,0.049793402899362696,0.0019500086245972438,0.14240170031881005,0.6513944223107568,Y,5.3339,19.0,6.466230936819172,1.0958605664488017,1429.9999999999998,3.1154684095860565,33.88,-117.81,Y,21.564957857131958,N,Y,Y,,,,,,,,,,,,,,,,,,
0,0.20579026496186265,0.8627450980392156,0.03504516577865474,0.019911438675740738,0.04030394285314097,0.0017804451702477003,0.5462274176408073,0.2221115537848597,Y,3.4839000000000007,45.0,5.461152882205514,1.005012531328321,1158.9999999999998,2.904761904761905,37.68,-122.12,Y,21.698620080947876,N,Y,Y,,,,,,,,,,,,,,,,,,
0,0.20579026496186265,0.8627450980392156,0.03504516577865474,0.019911438675740738,0.04030394285314097,0.0017804451702477003,0.5462274176408073,0.2221115537848597,Y,3.4839000000000007,45.0,5.461152882205514,1.005012531328321,1158.9999999999998,2.904761904761905,37.68,-122.12,Y,21.67720317840576,N,Y,Y,,,,,,,,,,,,,,,,,,
0,0.20579026496186265,0.8627450980392156,0.03504516577865474,0.019911438675740738,0.04030394285314097,0.0017804451702477003,0.5462274176408073,0.2221115537848597,Y,3.4839000000000007,45.0,5.461152882205514,1.005012531328321,1158.9999999999998,2.904761904761905,37.68,-122.12,Y,21.56814217567444,N,Y,Y,,,,,,,,,,,,,,,,,,
0,0.20579026496186265,0.8627450980392156,0.03504516577865474,0.019911438675740738,0.04030394285314097,0.0017804451702477003,0.5462274176408073,0.2221115537848597,Y,3.4839000000000007,45.0,5.461152882205514,1.005012531328321,1158.9999999999998,2.904761904761905,37.68,-122.12,Y,21.579283952713013,N,Y,Y,,,,,,,,,,,,,,,,,,
0,0.20579026496186265,0.8627450980392156,0.03504516577865474,0.019911438675740738,0.04030394285314097,0.0017804451702477003,0.5462274176408073,0.2221115537848597,Y,3.4839000000000007,45.0,5.461152882205514,1.005012531328321,1158.9999999999998,2.904761904761905,37.68,-122.12,Y,21.51266384124756,N,Y,Y,,,,,,,,,,,,,,,,,,
0,0.17180452683411263,0.6862745098039215,0.03248183821782412,0.019846116267708845,0.031444779046151686,0.0014908860159041754,0.6354941551540918,0.28585657370517836,N,2.9911,36.0,5.123595505617978,1.002808988764045,905.9999999999998,2.544943820224719,38.52,-121.48,N,21.433935165405273,Y,N,N,0.0,0.0,0.0,0.0,0.0,0.0,0.0,0.0,Y,0.49989998,1.0,0.84615386,0.33333334,8.0,0.6923077,32.54,-124.35,Y
0,0.17180452683411263,0.6862745098039215,0.03248183821782412,0.019846116267708845,0.031444779046151686,0.0014908860159041754,0.6354941551540918,0.28585657370517836,N,2.9911,36.0,5.123595505617978,1.002808988764045,905.9999999999998,2.544943820224719,38.52,-121.48,N,21.610998153686523,Y,N,N,0.0,0.0,0.0,0.0,0.0,0.0,0.0,0.0,Y,0.49989998,1.0,0.84615386,0.33333334,8.0,0.6923077,32.54,-124.35,Y
0,0.17180452683411263,0.6862745098039215,0.03248183821782412,0.019846116267708845,0.031444779046151686,0.0014908860159041754,0.6354941551540918,0.28585657370517836,N,2.9911,36.0,5.123595505617978,1.002808988764045,905.9999999999998,2.544943820224719,38.52,-121.48,N,21.57331109046936,Y,N,N,0.0,0.0,0.0,0.0,0.0,0.0,0.0,0.0,Y,0.49989998,1.0,0.84615386,0.33333334,8.0,0.6923077,32.54,-124.35,Y
0,0.17180452683411263,0.6862745098039215,0.03248183821782412,0.019846116267708845,0.031444779046151686,0.0014908860159041754,0.6354941551540918,0.28585657370517836,N,2.9911,36.0,5.123595505617978,1.002808988764045,905.9999999999998,2.544943820224719,38.52,-121.48,N,21.541704177856445,Y,N,N,0.0,0.0,0.0,0.0,0.0,0.0,0.0,0.0,Y,0.49989998,1.0,0.84615386,0.33333334,8.0,0.6923077,32.54,-124.35,Y
0,0.17180452683411263,0.6862745098039215,0.03248183821782412,0.019846116267708845,0.031444779046151686,0.0014908860159041754,0.6354941551540918,0.28585657370517836,N,2.9911,36.0,5.123595505617978,1.002808988764045,905.9999999999998,2.544943820224719,38.52,-121.48,N,21.565693855285645,Y,N,N,0.0,0.0,0.0,0.0,0.0,0.0,0.0,0.0,Y,0.49989998,1.0,0.84615386,0.33333334,8.0,0.6923077,32.54,-124.35,Y
0,0.08005406821974871,0.3333333333333333,0.032492503602165185,0.0179100790513834,0.003361579942573009,0.0020582712584858555,0.513283740701381,0.36653386454183234,N,1.6607,18.0,5.125,0.9375,104.0,3.25,37.37,-120.67,N,21.527517080307007,Y,N,N,0.0,0.0,0.0,0.0,0.0,0.0,0.0,0.0,Y,0.49989998,1.0,0.84615386,0.33333334,8.0,0.6923077,32.54,-124.35,Y
0,0.08005406821974871,0.3333333333333333,0.032492503602165185,0.0179100790513834,0.003361579942573009,0.0020582712584858555,0.513283740701381,0.36653386454183234,N,1.6607,18.0,5.125,0.9375,104.0,3.25,37.37,-120.67,N,21.550798177719116,Y,N,N,0.0,0.0,0.0,0.0,0.0,0.0,0.0,0.0,Y,0.49989998,1.0,0.84615386,0.33333334,8.0,0.6923077,32.54,-124.35,Y
0,0.08005406821974871,0.3333333333333333,0.032492503602165185,0.0179100790513834,0.003361579942573009,0.0020582712584858555,0.513283740701381,0.36653386454183234,N,1.6607,18.0,5.125,0.9375,104.0,3.25,37.37,-120.67,N,22.111284971237183,Y,N,N,0.0,0.0,0.0,0.0,0.0,0.0,0.0,0.0,Y,0.49989998,1.0,0.84615386,0.33333334,8.0,0.6923077,32.54,-124.35,Y
0,0.08005406821974871,0.3333333333333333,0.032492503602165185,0.0179100790513834,0.003361579942573009,0.0020582712584858555,0.513283740701381,0.36653386454183234,N,1.6607,18.0,5.125,0.9375,104.0,3.25,37.37,-120.67,N,21.88127899169922,Y,N,N,0.0,0.0,0.0,0.0,0.0,0.0,0.0,0.0,Y,0.49989998,1.0,0.84615386,0.33333334,8.0,0.6923077,32.54,-124.35,Y
0,0.08005406821974871,0.3333333333333333,0.032492503602165185,0.0179100790513834,0.003361579942573009,0.0020582712584858555,0.513283740701381,0.36653386454183234,N,1.6607,18.0,5.125,0.9375,104.0,3.25,37.37,-120.67,N,22.408568859100342,Y,N,N,0.0,0.0,0.0,0.0,0.0,0.0,0.0,0.0,Y,0.49989998,1.0,0.84615386,0.33333334,8.0,0.6923077,32.54,-124.35,Y
0,0.35666404601315843,0.27450980392156865,0.041309232468720085,0.020343650488805192,0.27046711954618674,0.0018810523906128305,0.15302869287991472,0.6374501992031867,Y,5.6716,15.0,6.286050156739812,1.0195924764890285,7732.000000000001,3.029780564263323,33.98,-117.95,Y,22.441025018692017,N,Y,Y,,,,,,,,,,,,,,,,,,
0,0.35666404601315843,0.27450980392156865,0.041309232468720085,0.020343650488805192,0.27046711954618674,0.0018810523906128305,0.15302869287991472,0.6374501992031867,Y,5.6716,15.0,6.286050156739812,1.0195924764890285,7732.000000000001,3.029780564263323,33.98,-117.95,Y,22.504042863845825,N,Y,Y,,,,,,,,,,,,,,,,,,
0,0.35666404601315843,0.27450980392156865,0.041309232468720085,0.020343650488805192,0.27046711954618674,0.0018810523906128305,0.15302869287991472,0.6374501992031867,Y,5.6716,15.0,6.286050156739812,1.0195924764890285,7732.000000000001,3.029780564263323,33.98,-117.95,Y,22.24460005760193,N,Y,Y,,,,,,,,,,,,,,,,,,
0,0.35666404601315843,0.27450980392156865,0.041309232468720085,0.020343650488805192,0.27046711954618674,0.0018810523906128305,0.15302869287991472,0.6374501992031867,Y,5.6716,15.0,6.286050156739812,1.0195924764890285,7732.000000000001,3.029780564263323,33.98,-117.95,Y,22.2977557182312,N,Y,Y,,,,,,,,,,,,,,,,,,
0,0.35666404601315843,0.27450980392156865,0.041309232468720085,0.020343650488805192,0.27046711954618674,0.0018810523906128305,0.15302869287991472,0.6374501992031867,Y,5.6716,15.0,6.286050156739812,1.0195924764890285,7732.000000000001,3.029780564263323,33.98,-117.95,Y,22.26900601387024,N,Y,Y,,,,,,,,,,,,,,,,,,
0,0.23785878815464617,0.39215686274509803,0.02967365870774388,0.022512314285904715,0.04996848518803837,0.0013902575978148382,0.1594048884165784,0.5876494023904382,Y,3.9489,21.0,4.753794266441822,1.092748735244519,1434.9999999999998,2.419898819561551,34.04,-118.45,Y,21.922699213027954,N,Y,Y,,,,,,,,,,,,,,,,,,
0,0.23785878815464617,0.39215686274509803,0.02967365870774388,0.022512314285904715,0.04996848518803837,0.0013902575978148382,0.1594048884165784,0.5876494023904382,Y,3.9489,21.0,4.753794266441822,1.092748735244519,1434.9999999999998,2.419898819561551,34.04,-118.45,Y,21.840216159820557,N,Y,Y,,,,,,,,,,,,,,,,,,
0,0.23785878815464617,0.39215686274509803,0.02967365870774388,0.022512314285904715,0.04996848518803837,0.0013902575978148382,0.1594048884165784,0.5876494023904382,Y,3.9489,21.0,4.753794266441822,1.092748735244519,1434.9999999999998,2.419898819561551,34.04,-118.45,Y,22.404218196868896,N,Y,Y,,,,,,,,,,,,,,,,,,
0,0.23785878815464617,0.39215686274509803,0.02967365870774388,0.022512314285904715,0.04996848518803837,0.0013902575978148382,0.1594048884165784,0.5876494023904382,Y,3.9489,21.0,4.753794266441822,1.092748735244519,1434.9999999999998,2.419898819561551,34.04,-118.45,Y,22.13119101524353,N,Y,Y,,,,,,,,,,,,,,,,,,
0,0.23785878815464617,0.39215686274509803,0.02967365870774388,0.022512314285904715,0.04996848518803837,0.0013902575978148382,0.1594048884165784,0.5876494023904382,Y,3.9489,21.0,4.753794266441822,1.092748735244519,1434.9999999999998,2.419898819561551,34.04,-118.45,Y,22.151591777801514,N,Y,Y,,,,,,,,,,,,,,,,,,
0,0.2884649866898388,0.35294117647058826,0.03232761575880768,0.021711295440627956,0.03466629315778416,0.0013281513150877697,0.5015940488841655,0.2370517928286855,Y,4.6827,19.0,5.103286384976526,1.0657276995305163,998.0,2.342723004694835,37.26,-121.96999999999998,Y,22.485955953598022,N,Y,Y,,,,,,,,,,,,,,,,,,
0,0.2884649866898388,0.35294117647058826,0.03232761575880768,0.021711295440627956,0.03466629315778416,0.0013281513150877697,0.5015940488841655,0.2370517928286855,Y,4.6827,19.0,5.103286384976526,1.0657276995305163,998.0,2.342723004694835,37.26,-121.96999999999998,Y,21.97779107093811,N,Y,Y,,,,,,,,,,,,,,,,,,
0,0.2884649866898388,0.35294117647058826,0.03232761575880768,0.021711295440627956,0.03466629315778416,0.0013281513150877697,0.5015940488841655,0.2370517928286855,Y,4.6827,19.0,5.103286384976526,1.0657276995305163,998.0,2.342723004694835,37.26,-121.96999999999998,Y,21.898467779159546,N,Y,Y,,,,,,,,,,,,,,,,,,
0,0.2884649866898388,0.35294117647058826,0.03232761575880768,0.021711295440627956,0.03466629315778416,0.0013281513150877697,0.5015940488841655,0.2370517928286855,Y,4.6827,19.0,5.103286384976526,1.0657276995305163,998.0,2.342723004694835,37.26,-121.96999999999998,Y,22.064810037612915,N,Y,Y,,,,,,,,,,,,,,,,,,
0,0.2884649866898388,0.35294117647058826,0.03232761575880768,0.021711295440627956,0.03466629315778416,0.0013281513150877697,0.5015940488841655,0.2370517928286855,Y,4.6827,19.0,5.103286384976526,1.0657276995305163,998.0,2.342723004694835,37.26,-121.96999999999998,Y,21.861307859420776,N,Y,Y,,,,,,,,,,,,,,,,,,
0,0.21032813340505652,0.47058823529411764,0.030039312579443627,0.021883929763275724,0.1566986483647314,0.0015079219228860486,0.18278427205100956,0.5836653386454191,Y,3.5497000000000005,25.0,4.801946193474528,1.0715512306811676,4483.0,2.566113337149399,34.26,-118.48999999999998,Y,21.93068504333496,N,Y,Y,,,,,,,,,,,,,,,,,,
0,0.21032813340505652,0.47058823529411764,0.030039312579443627,0.021883929763275724,0.1566986483647314,0.0015079219228860486,0.18278427205100956,0.5836653386454191,Y,3.5497000000000005,25.0,4.801946193474528,1.0715512306811676,4483.0,2.566113337149399,34.26,-118.48999999999998,Y,21.870782136917114,N,Y,Y,,,,,,,,,,,,,,,,,,
0,0.21032813340505652,0.47058823529411764,0.030039312579443627,0.021883929763275724,0.1566986483647314,0.0015079219228860486,0.18278427205100956,0.5836653386454191,Y,3.5497000000000005,25.0,4.801946193474528,1.0715512306811676,4483.0,2.566113337149399,34.26,-118.48999999999998,Y,22.013070106506348,N,Y,Y,,,,,,,,,,,,,,,,,,
0,0.21032813340505652,0.47058823529411764,0.030039312579443627,0.021883929763275724,0.1566986483647314,0.0015079219228860486,0.18278427205100956,0.5836653386454191,Y,3.5497000000000005,25.0,4.801946193474528,1.0715512306811676,4483.0,2.566113337149399,34.26,-118.48999999999998,Y,22.01969599723816,N,Y,Y,,,,,,,,,,,,,,,,,,
0,0.21032813340505652,0.47058823529411764,0.030039312579443627,0.021883929763275724,0.1566986483647314,0.0015079219228860486,0.18278427205100956,0.5836653386454191,Y,3.5497000000000005,25.0,4.801946193474528,1.0715512306811676,4483.0,2.566113337149399,34.26,-118.48999999999998,Y,22.03791117668152,N,Y,Y,,,,,,,,,,,,,,,,,,
0,0.1796044192493897,0.25490196078431376,0.03486811707536813,0.020083324431150514,0.015897471811751523,0.0014525430657325094,0.7056323060573853,0.3177290836653377,N,3.1042,14.000000000000002,5.437837837837838,1.0108108108108107,462.0,2.497297297297297,39.17999999999999,-121.16,N,21.9846670627594,Y,N,N,0.0,0.0,0.0,0.0,0.0,0.0,0.0,0.0,Y,0.49989998,1.0,0.84615386,0.33333334,8.0,0.6923077,32.54,-124.35,Y
0,0.1796044192493897,0.25490196078431376,0.03486811707536813,0.020083324431150514,0.015897471811751523,0.0014525430657325094,0.7056323060573853,0.3177290836653377,N,3.1042,14.000000000000002,5.437837837837838,1.0108108108108107,462.0,2.497297297297297,39.17999999999999,-121.16,N,21.904252290725708,Y,N,N,0.0,0.0,0.0,0.0,0.0,0.0,0.0,0.0,Y,0.49989998,1.0,0.84615386,0.33333334,8.0,0.6923077,32.54,-124.35,Y
0,0.1796044192493897,0.25490196078431376,0.03486811707536813,0.020083324431150514,0.015897471811751523,0.0014525430657325094,0.7056323060573853,0.3177290836653377,N,3.1042,14.000000000000002,5.437837837837838,1.0108108108108107,462.0,2.497297297297297,39.17999999999999,-121.16,N,21.888697147369385,Y,N,N,0.0,0.0,0.0,0.0,0.0,0.0,0.0,0.0,Y,0.49989998,1.0,0.84615386,0.33333334,8.0,0.6923077,32.54,-124.35,Y
0,0.1796044192493897,0.25490196078431376,0.03486811707536813,0.020083324431150514,0.015897471811751523,0.0014525430657325094,0.7056323060573853,0.3177290836653377,N,3.1042,14.000000000000002,5.437837837837838,1.0108108108108107,462.0,2.497297297297297,39.17999999999999,-121.16,N,21.79988408088684,Y,N,N,0.0,0.0,0.0,0.0,0.0,0.0,0.0,0.0,Y,0.49989998,1.0,0.84615386,0.33333334,8.0,0.6923077,32.54,-124.35,Y
0,0.1796044192493897,0.25490196078431376,0.03486811707536813,0.020083324431150514,0.015897471811751523,0.0014525430657325094,0.7056323060573853,0.3177290836653377,N,3.1042,14.000000000000002,5.437837837837838,1.0108108108108107,462.0,2.497297297297297,39.17999999999999,-121.16,N,21.741732120513916,Y,N,N,0.0,0.0,0.0,0.0,0.0,0.0,0.0,0.0,Y,0.49989998,1.0,0.84615386,0.33333334,8.0,0.6923077,32.54,-124.35,Y
0,0.1706528185818127,0.8235294117647058,0.0396690844807884,0.020990156340474814,0.03459626024231388,0.0019954812200942322,0.6078639744952179,0.27788844621513853,N,2.9744,43.0,6.070063694267516,1.0414012738853504,995.9999999999998,3.171974522292994,38.26,-121.56,N,21.666454076766968,Y,N,N,0.0,0.0,0.0,0.0,0.0,0.0,0.0,0.0,Y,0.49989998,1.0,0.84615386,0.33333334,8.0,0.6923077,32.54,-124.35,Y
0,0.1706528185818127,0.8235294117647058,0.0396690844807884,0.020990156340474814,0.03459626024231388,0.0019954812200942322,0.6078639744952179,0.27788844621513853,N,2.9744,43.0,6.070063694267516,1.0414012738853504,995.9999999999998,3.171974522292994,38.26,-121.56,N,21.642312049865723,Y,N,N,0.0,0.0,0.0,0.0,0.0,0.0,0.0,0.0,Y,0.49989998,1.0,0.84615386,0.33333334,8.0,0.6923077,32.54,-124.35,Y
0,0.1706528185818127,0.8235294117647058,0.0396690844807884,0.020990156340474814,0.03459626024231388,0.0019954812200942322,0.6078639744952179,0.27788844621513853,N,2.9744,43.0,6.070063694267516,1.0414012738853504,995.9999999999998,3.171974522292994,38.26,-121.56,N,21.779383897781372,Y,N,N,0.0,0.0,0.0,0.0,0.0,0.0,0.0,0.0,Y,0.49989998,1.0,0.84615386,0.33333334,8.0,0.6923077,32.54,-124.35,Y
0,0.1706528185818127,0.8235294117647058,0.0396690844807884,0.020990156340474814,0.03459626024231388,0.0019954812200942322,0.6078639744952179,0.27788844621513853,N,2.9744,43.0,6.070063694267516,1.0414012738853504,995.9999999999998,3.171974522292994,38.26,-121.56,N,22.527987957000732,Y,N,N,0.0,0.0,0.0,0.0,0.0,0.0,0.0,0.0,Y,0.49989998,1.0,0.84615386,0.33333334,8.0,0.6923077,32.54,-124.35,Y
0,0.1706528185818127,0.8235294117647058,0.0396690844807884,0.020990156340474814,0.03459626024231388,0.0019954812200942322,0.6078639744952179,0.27788844621513853,N,2.9744,43.0,6.070063694267516,1.0414012738853504,995.9999999999998,3.171974522292994,38.26,-121.56,N,22.569870710372925,Y,N,N,0.0,0.0,0.0,0.0,0.0,0.0,0.0,0.0,Y,0.49989998,1.0,0.84615386,0.33333334,8.0,0.6923077,32.54,-124.35,Y
0,0.09626763768775605,0.6666666666666666,0.033370826768211875,0.022345956406934216,0.03298550318649765,0.002615076240307552,0.02869287991498437,0.893426294820717,N,1.8958000000000002,35.0,5.240663900414938,1.0871369294605808,949.9999999999998,3.941908713692946,32.81,-115.38,N,21.888837099075317,Y,N,N,0.0,0.0,0.0,0.0,0.0,0.0,0.0,0.0,Y,0.49989998,1.0,0.84615386,0.33333334,8.0,0.6923077,32.54,-124.35,Y
0,0.09626763768775605,0.6666666666666666,0.033370826768211875,0.022345956406934216,0.03298550318649765,0.002615076240307552,0.02869287991498437,0.893426294820717,N,1.8958000000000002,35.0,5.240663900414938,1.0871369294605808,949.9999999999998,3.941908713692946,32.81,-115.38,N,21.790139198303223,Y,N,N,0.0,0.0,0.0,0.0,0.0,0.0,0.0,0.0,Y,0.49989998,1.0,0.84615386,0.33333334,8.0,0.6923077,32.54,-124.35,Y
0,0.09626763768775605,0.6666666666666666,0.033370826768211875,0.022345956406934216,0.03298550318649765,0.002615076240307552,0.02869287991498437,0.893426294820717,N,1.8958000000000002,35.0,5.240663900414938,1.0871369294605808,949.9999999999998,3.941908713692946,32.81,-115.38,N,21.756942987442017,Y,N,N,0.0,0.0,0.0,0.0,0.0,0.0,0.0,0.0,Y,0.49989998,1.0,0.84615386,0.33333334,8.0,0.6923077,32.54,-124.35,Y
0,0.09626763768775605,0.6666666666666666,0.033370826768211875,0.022345956406934216,0.03298550318649765,0.002615076240307552,0.02869287991498437,0.893426294820717,N,1.8958000000000002,35.0,5.240663900414938,1.0871369294605808,949.9999999999998,3.941908713692946,32.81,-115.38,N,21.983501195907593,Y,N,N,0.0,0.0,0.0,0.0,0.0,0.0,0.0,0.0,Y,0.49989998,1.0,0.84615386,0.33333334,8.0,0.6923077,32.54,-124.35,Y
0,0.09626763768775605,0.6666666666666666,0.033370826768211875,0.022345956406934216,0.03298550318649765,0.002615076240307552,0.02869287991498437,0.893426294820717,N,1.8958000000000002,35.0,5.240663900414938,1.0871369294605808,949.9999999999998,3.941908713692946,32.81,-115.38,N,21.63644528388977,Y,N,N,0.0,0.0,0.0,0.0,0.0,0.0,0.0,0.0,Y,0.49989998,1.0,0.84615386,0.33333334,8.0,0.6923077,32.54,-124.35,Y
0,0.2838236713976359,0.6666666666666666,0.04068759507483552,0.021470107402272204,0.021254989845227255,0.0020340448637180225,0.02550478214665297,0.8754980079681278,N,4.6154,35.0,6.204188481675392,1.0575916230366489,615.0,3.2198952879581157,32.78,-115.55999999999999,N,21.80735206604004,Y,N,N,0.0,0.0,0.0,0.0,0.0,0.0,0.0,0.0,Y,0.49989998,1.0,0.84615386,0.33333334,8.0,0.6923077,32.54,-124.35,Y
0,0.2838236713976359,0.6666666666666666,0.04068759507483552,0.021470107402272204,0.021254989845227255,0.0020340448637180225,0.02550478214665297,0.8754980079681278,N,4.6154,35.0,6.204188481675392,1.0575916230366489,615.0,3.2198952879581157,32.78,-115.55999999999999,N,21.73672604560852,Y,N,N,0.0,0.0,0.0,0.0,0.0,0.0,0.0,0.0,Y,0.49989998,1.0,0.84615386,0.33333334,8.0,0.6923077,32.54,-124.35,Y
0,0.2838236713976359,0.6666666666666666,0.04068759507483552,0.021470107402272204,0.021254989845227255,0.0020340448637180225,0.02550478214665297,0.8754980079681278,N,4.6154,35.0,6.204188481675392,1.0575916230366489,615.0,3.2198952879581157,32.78,-115.55999999999999,N,21.735068321228027,Y,N,N,0.0,0.0,0.0,0.0,0.0,0.0,0.0,0.0,Y,0.49989998,1.0,0.84615386,0.33333334,8.0,0.6923077,32.54,-124.35,Y
0,0.2838236713976359,0.6666666666666666,0.04068759507483552,0.021470107402272204,0.021254989845227255,0.0020340448637180225,0.02550478214665297,0.8754980079681278,N,4.6154,35.0,6.204188481675392,1.0575916230366489,615.0,3.2198952879581157,32.78,-115.55999999999999,N,21.821369171142578,Y,N,N,0.0,0.0,0.0,0.0,0.0,0.0,0.0,0.0,Y,0.49989998,1.0,0.84615386,0.33333334,8.0,0.6923077,32.54,-124.35,Y
0,0.2838236713976359,0.6666666666666666,0.04068759507483552,0.021470107402272204,0.021254989845227255,0.0020340448637180225,0.02550478214665297,0.8754980079681278,N,4.6154,35.0,6.204188481675392,1.0575916230366489,615.0,3.2198952879581157,32.78,-115.55999999999999,N,21.836451053619385,Y,N,N,0.0,0.0,0.0,0.0,0.0,0.0,0.0,0.0,Y,0.49989998,1.0,0.84615386,0.33333334,8.0,0.6923077,32.54,-124.35,Y
0,0.10646749700004139,0.6862745098039215,0.023679040839197883,0.020271256791848737,0.07164367252608726,0.0016235218369948148,0.1594048884165784,0.5946215139442224,N,2.0437,36.0,3.9643799472295513,1.017150395778364,2054.0,2.709762532981531,34.04,-118.38000000000001,N,21.83398175239563,Y,Y,N,0.0,0.0,0.0,0.0,0.0,0.0,0.0,0.0,Y,0.49989998,1.0,0.84615386,0.33333334,8.0,0.6923077,32.54,-124.35,Y
0,0.10646749700004139,0.6862745098039215,0.023679040839197883,0.020271256791848737,0.07164367252608726,0.0016235218369948148,0.1594048884165784,0.5946215139442224,N,2.0437,36.0,3.9643799472295513,1.017150395778364,2054.0,2.709762532981531,34.04,-118.38000000000001,N,21.799957990646362,Y,Y,N,0.0,0.0,0.0,0.0,0.0,0.0,0.0,0.0,Y,0.49989998,1.0,0.84615386,0.33333334,8.0,0.6923077,32.54,-124.35,Y
0,0.10646749700004139,0.6862745098039215,0.023679040839197883,0.020271256791848737,0.07164367252608726,0.0016235218369948148,0.1594048884165784,0.5946215139442224,N,2.0437,36.0,3.9643799472295513,1.017150395778364,2054.0,2.709762532981531,34.04,-118.38000000000001,N,21.79533100128174,Y,Y,N,0.0,0.0,0.0,0.0,0.0,0.0,0.0,0.0,Y,0.49989998,1.0,0.84615386,0.33333334,8.0,0.6923077,32.54,-124.35,Y
0,0.10646749700004139,0.6862745098039215,0.023679040839197883,0.020271256791848737,0.07164367252608726,0.0016235218369948148,0.1594048884165784,0.5946215139442224,N,2.0437,36.0,3.9643799472295513,1.017150395778364,2054.0,2.709762532981531,34.04,-118.38000000000001,N,21.902355194091797,Y,Y,N,0.0,0.0,0.0,0.0,0.0,0.0,0.0,0.0,Y,0.49989998,1.0,0.84615386,0.33333334,8.0,0.6923077,32.54,-124.35,Y
0,0.10646749700004139,0.6862745098039215,0.023679040839197883,0.020271256791848737,0.07164367252608726,0.0016235218369948148,0.1594048884165784,0.5946215139442224,N,2.0437,36.0,3.9643799472295513,1.017150395778364,2054.0,2.709762532981531,34.04,-118.38000000000001,N,21.803849935531616,Y,Y,N,0.0,0.0,0.0,0.0,0.0,0.0,0.0,0.0,Y,0.49989998,1.0,0.84615386,0.33333334,8.0,0.6923077,32.54,-124.35,Y
0,0.27767892856650256,0.6274509803921569,0.04333168292045195,0.02060982495765104,0.048182645843546465,0.002978610093316158,0.13283740701381497,0.6334661354581677,Y,4.5263,33.0,6.552380952380952,1.0285714285714285,1384.0,4.393650793650794,33.79,-117.99,Y,23.042161226272583,N,N,Y,,,,,,,,,,,,,,,,,,
0,0.27767892856650256,0.6274509803921569,0.04333168292045195,0.02060982495765104,0.048182645843546465,0.002978610093316158,0.13283740701381497,0.6334661354581677,Y,4.5263,33.0,6.552380952380952,1.0285714285714285,1384.0,4.393650793650794,33.79,-117.99,Y,23.37864089012146,N,N,Y,,,,,,,,,,,,,,,,,,
0,0.27767892856650256,0.6274509803921569,0.04333168292045195,0.02060982495765104,0.048182645843546465,0.002978610093316158,0.13283740701381497,0.6334661354581677,Y,4.5263,33.0,6.552380952380952,1.0285714285714285,1384.0,4.393650793650794,33.79,-117.99,Y,21.895385265350342,N,N,Y,,,,,,,,,,,,,,,,,,
0,0.27767892856650256,0.6274509803921569,0.04333168292045195,0.02060982495765104,0.048182645843546465,0.002978610093316158,0.13283740701381497,0.6334661354581677,Y,4.5263,33.0,6.552380952380952,1.0285714285714285,1384.0,4.393650793650794,33.79,-117.99,Y,21.849398851394653,N,N,Y,,,,,,,,,,,,,,,,,,
0,0.27767892856650256,0.6274509803921569,0.04333168292045195,0.02060982495765104,0.048182645843546465,0.002978610093316158,0.13283740701381497,0.6334661354581677,Y,4.5263,33.0,6.552380952380952,1.0285714285714285,1384.0,4.393650793650794,33.79,-117.99,Y,21.929429054260254,N,N,Y,,,,,,,,,,,,,,,,,,
0,0.3310230203721328,0.5686274509803921,0.044043988729786154,0.020535694570185708,0.0536452132502276,0.001750687646637526,0.12752391073326308,0.6523904382470125,Y,5.2998,30.0,6.646182495344506,1.0260707635009312,1539.9999999999998,2.8677839851024207,33.74,-117.8,Y,21.818281888961792,N,Y,Y,,,,,,,,,,,,,,,,,,
0,0.3310230203721328,0.5686274509803921,0.044043988729786154,0.020535694570185708,0.0536452132502276,0.001750687646637526,0.12752391073326308,0.6523904382470125,Y,5.2998,30.0,6.646182495344506,1.0260707635009312,1539.9999999999998,2.8677839851024207,33.74,-117.8,Y,21.767274141311646,N,Y,Y,,,,,,,,,,,,,,,,,,
0,0.3310230203721328,0.5686274509803921,0.044043988729786154,0.020535694570185708,0.0536452132502276,0.001750687646637526,0.12752391073326308,0.6523904382470125,Y,5.2998,30.0,6.646182495344506,1.0260707635009312,1539.9999999999998,2.8677839851024207,33.74,-117.8,Y,21.776642084121704,N,Y,Y,,,,,,,,,,,,,,,,,,
0,0.3310230203721328,0.5686274509803921,0.044043988729786154,0.020535694570185708,0.0536452132502276,0.001750687646637526,0.12752391073326308,0.6523904382470125,Y,5.2998,30.0,6.646182495344506,1.0260707635009312,1539.9999999999998,2.8677839851024207,33.74,-117.8,Y,21.752597093582153,N,Y,Y,,,,,,,,,,,,,,,,,,
0,0.3310230203721328,0.5686274509803921,0.044043988729786154,0.020535694570185708,0.0536452132502276,0.001750687646637526,0.12752391073326308,0.6523904382470125,Y,5.2998,30.0,6.646182495344506,1.0260707635009312,1539.9999999999998,2.8677839851024207,33.74,-117.8,Y,21.790622234344482,N,Y,Y,,,,,,,,,,,,,,,,,,
0,0.05581302326864457,0.0784313725490196,0.018600973640036475,0.02233383368045997,0.07206387001890889,0.0016276150143180613,0.018065887353879262,0.7161354581673312,N,1.3092,5.0,3.295663600525624,1.0867279894875164,2066.0,2.7148488830486204,32.71,-117.16,N,21.70388913154602,Y,Y,N,0.0,0.0,0.0,0.0,0.0,0.0,0.0,0.0,Y,0.49989998,1.0,0.84615386,0.33333334,8.0,0.6923077,32.54,-124.35,Y
0,0.05581302326864457,0.0784313725490196,0.018600973640036475,0.02233383368045997,0.07206387001890889,0.0016276150143180613,0.018065887353879262,0.7161354581673312,N,1.3092,5.0,3.295663600525624,1.0867279894875164,2066.0,2.7148488830486204,32.71,-117.16,N,21.67178225517273,Y,Y,N,0.0,0.0,0.0,0.0,0.0,0.0,0.0,0.0,Y,0.49989998,1.0,0.84615386,0.33333334,8.0,0.6923077,32.54,-124.35,Y
0,0.05581302326864457,0.0784313725490196,0.018600973640036475,0.02233383368045997,0.07206387001890889,0.0016276150143180613,0.018065887353879262,0.7161354581673312,N,1.3092,5.0,3.295663600525624,1.0867279894875164,2066.0,2.7148488830486204,32.71,-117.16,N,21.768545150756836,Y,Y,N,0.0,0.0,0.0,0.0,0.0,0.0,0.0,0.0,Y,0.49989998,1.0,0.84615386,0.33333334,8.0,0.6923077,32.54,-124.35,Y
0,0.05581302326864457,0.0784313725490196,0.018600973640036475,0.02233383368045997,0.07206387001890889,0.0016276150143180613,0.018065887353879262,0.7161354581673312,N,1.3092,5.0,3.295663600525624,1.0867279894875164,2066.0,2.7148488830486204,32.71,-117.16,N,21.68996024131775,Y,Y,N,0.0,0.0,0.0,0.0,0.0,0.0,0.0,0.0,Y,0.49989998,1.0,0.84615386,0.33333334,8.0,0.6923077,32.54,-124.35,Y
0,0.05581302326864457,0.0784313725490196,0.018600973640036475,0.02233383368045997,0.07206387001890889,0.0016276150143180613,0.018065887353879262,0.7161354581673312,N,1.3092,5.0,3.295663600525624,1.0867279894875164,2066.0,2.7148488830486204,32.71,-117.16,N,21.66704797744751,Y,Y,N,0.0,0.0,0.0,0.0,0.0,0.0,0.0,0.0,Y,0.49989998,1.0,0.84615386,0.33333334,8.0,0.6923077,32.54,-124.35,Y
0,0.4203114439800831,0.39215686274509803,0.05533445631980673,0.023022957249577952,0.049198123117865394,0.002351043454301863,0.144527098831031,0.6444223107569726,Y,6.5945,21.0,8.132992327365729,1.1099744245524297,1413.0,3.613810741687979,33.9,-117.88,Y,21.852229118347168,N,Y,Y,,,,,,,,,,,,,,,,,,
0,0.4203114439800831,0.39215686274509803,0.05533445631980673,0.023022957249577952,0.049198123117865394,0.002351043454301863,0.144527098831031,0.6444223107569726,Y,6.5945,21.0,8.132992327365729,1.1099744245524297,1413.0,3.613810741687979,33.9,-117.88,Y,21.840008974075317,N,Y,Y,,,,,,,,,,,,,,,,,,
0,0.4203114439800831,0.39215686274509803,0.05533445631980673,0.023022957249577952,0.049198123117865394,0.002351043454301863,0.144527098831031,0.6444223107569726,Y,6.5945,21.0,8.132992327365729,1.1099744245524297,1413.0,3.613810741687979,33.9,-117.88,Y,21.799570083618164,N,Y,Y,,,,,,,,,,,,,,,,,,
0,0.4203114439800831,0.39215686274509803,0.05533445631980673,0.023022957249577952,0.049198123117865394,0.002351043454301863,0.144527098831031,0.6444223107569726,Y,6.5945,21.0,8.132992327365729,1.1099744245524297,1413.0,3.613810741687979,33.9,-117.88,Y,21.860867977142334,N,Y,Y,,,,,,,,,,,,,,,,,,
0,0.4203114439800831,0.39215686274509803,0.05533445631980673,0.023022957249577952,0.049198123117865394,0.002351043454301863,0.144527098831031,0.6444223107569726,Y,6.5945,21.0,8.132992327365729,1.1099744245524297,1413.0,3.613810741687979,33.9,-117.88,Y,21.693697214126587,N,Y,Y,,,,,,,,,,,,,,,,,,
0,0.08142646308326783,0.8823529411764706,0.023561764601093865,0.019888991674375574,0.02738286994887597,0.0021481621645115536,0.013815090329437396,0.7211155378486058,N,1.6806,46.0,3.948936170212766,1.004255319148936,790.0,3.3617021276595747,32.67,-117.11,N,21.598659992218018,Y,N,N,0.0,0.0,0.0,0.0,0.0,0.0,0.0,0.0,Y,0.49989998,1.0,0.84615386,0.33333334,8.0,0.6923077,32.54,-124.35,Y
0,0.08142646308326783,0.8823529411764706,0.023561764601093865,0.019888991674375574,0.02738286994887597,0.0021481621645115536,0.013815090329437396,0.7211155378486058,N,1.6806,46.0,3.948936170212766,1.004255319148936,790.0,3.3617021276595747,32.67,-117.11,N,21.6629159450531,Y,N,N,0.0,0.0,0.0,0.0,0.0,0.0,0.0,0.0,Y,0.49989998,1.0,0.84615386,0.33333334,8.0,0.6923077,32.54,-124.35,Y
0,0.08142646308326783,0.8823529411764706,0.023561764601093865,0.019888991674375574,0.02738286994887597,0.0021481621645115536,0.013815090329437396,0.7211155378486058,N,1.6806,46.0,3.948936170212766,1.004255319148936,790.0,3.3617021276595747,32.67,-117.11,N,21.69280982017517,Y,N,N,0.0,0.0,0.0,0.0,0.0,0.0,0.0,0.0,Y,0.49989998,1.0,0.84615386,0.33333334,8.0,0.6923077,32.54,-124.35,Y
0,0.08142646308326783,0.8823529411764706,0.023561764601093865,0.019888991674375574,0.02738286994887597,0.0021481621645115536,0.013815090329437396,0.7211155378486058,N,1.6806,46.0,3.948936170212766,1.004255319148936,790.0,3.3617021276595747,32.67,-117.11,N,21.675945281982422,Y,N,N,0.0,0.0,0.0,0.0,0.0,0.0,0.0,0.0,Y,0.49989998,1.0,0.84615386,0.33333334,8.0,0.6923077,32.54,-124.35,Y
0,0.08142646308326783,0.8823529411764706,0.023561764601093865,0.019888991674375574,0.02738286994887597,0.0021481621645115536,0.013815090329437396,0.7211155378486058,N,1.6806,46.0,3.948936170212766,1.004255319148936,790.0,3.3617021276595747,32.67,-117.11,N,21.66847014427185,Y,N,N,0.0,0.0,0.0,0.0,0.0,0.0,0.0,0.0,Y,0.49989998,1.0,0.84615386,0.33333334,8.0,0.6923077,32.54,-124.35,Y
