,scaled_input_X1,scaled_input_X2,scaled_input_X3,scaled_input_X4,scaled_input_X5,scaled_input_X6,scaled_input_X7,scaled_input_X8,scaled_input_X9,scaled_input_X10,scaled_input_target,origin_input_X1,origin_input_X2,origin_input_X3,origin_input_X4,origin_input_X5,origin_input_X6,origin_input_X7,origin_input_X8,origin_input_X9,origin_input_X10,origin_input_target,scaled_cf_X1,scaled_cf_X2,scaled_cf_X3,scaled_cf_X4,scaled_cf_X5,scaled_cf_X6,scaled_cf_X7,scaled_cf_X8,scaled_cf_X9,scaled_cf_X10,scaled_cf_target,origin_cf_X1,origin_cf_X2,origin_cf_X3,origin_cf_X4,origin_cf_X5,origin_cf_X6,origin_cf_X7,origin_cf_X8,origin_cf_X9,origin_cf_X10,origin_cf_target,running_time,Found,ground_truth,prediction
0,0.2731366648062038,0.16666666666666669,0.3333332882490918,0.04294918038103205,0.2596899542358566,0.06814668313526408,0.9094487733907585,0.7440941831108666,0.31102362742209116,0.07124930789272141,0.0,8.589754104614258,0.5361273288726807,2.937938928604126,0.2822873890399933,0.4803136885166168,0.3110460042953491,8.629097938537598,9.560568809509276,2.0640358924865723,0.3858948051929474,0.0,0.2731366648062038,0.16666666666666669,0.3333332882490918,0.04294918038103205,0.2596899542358566,0.06814668313526408,0.320752,0.7440941831108666,0.31102362742209116,0.07124930789272141,Y,8.589754104614258,0.5361273288726807,2.937938928604126,0.2822873890399933,0.4803136885166168,0.3110460042953491,3.043382434463501,9.560568809509276,2.0640358924865723,0.3858948051929474,Y,0.03515219688415527,Y,0.0,N
0,0.2731366648062038,0.16666666666666669,0.3333332882490918,0.04294918038103205,0.2596899542358566,0.06814668313526408,0.9094487733907585,0.7440941831108666,0.31102362742209116,0.07124930789272141,0.0,8.589754104614258,0.5361273288726807,2.937938928604126,0.2822873890399933,0.4803136885166168,0.3110460042953491,8.629097938537598,9.560568809509276,2.0640358924865723,0.3858948051929474,0.0,0.485473,0.16666666666666669,0.3333332882490918,0.04294918038103205,0.2596899542358566,0.762851037,0.9094487733907585,0.7440941831108666,0.31102362742209116,0.07124930789272141,Y,10.105765849647998,0.5361273288726807,2.937938928604126,0.2822873890399933,0.4803136885166168,3.4819268673786206,8.629097938537598,9.560568809509276,2.0640358924865723,0.3858948051929474,Y,0.030870676040649414,Y,0.0,N
0,0.2731366648062038,0.16666666666666669,0.3333332882490918,0.04294918038103205,0.2596899542358566,0.06814668313526408,0.9094487733907585,0.7440941831108666,0.31102362742209116,0.07124930789272141,0.0,8.589754104614258,0.5361273288726807,2.937938928604126,0.2822873890399933,0.4803136885166168,0.3110460042953491,8.629097938537598,9.560568809509276,2.0640358924865723,0.3858948051929474,0.0,0.2731366648062038,0.16666666666666669,0.3333332882490918,0.04294918038103205,0.2596899542358566,0.06814668313526408,0.9094487733907585,0.7440941831108666,0.31102362742209116,0.88554835,Y,8.589754104614258,0.5361273288726807,2.937938928604126,0.2822873890399933,0.4803136885166168,0.3110460042953491,8.629097938537598,9.560568809509276,2.0640358924865723,4.796236175749517,Y,0.030751943588256836,Y,0.0,N
0,0.2731366648062038,0.16666666666666669,0.3333332882490918,0.04294918038103205,0.2596899542358566,0.06814668313526408,0.9094487733907585,0.7440941831108666,0.31102362742209116,0.07124930789272141,0.0,8.589754104614258,0.5361273288726807,2.937938928604126,0.2822873890399933,0.4803136885166168,0.3110460042953491,8.629097938537598,9.560568809509276,2.0640358924865723,0.3858948051929474,0.0,0.2731366648062038,0.16666666666666669,0.3333332882490918,0.04294918038103205,0.2596899542358566,0.644437638,0.9094487733907585,0.7440941831108666,0.31102362742209116,0.07124930789272141,Y,8.589754104614258,0.5361273288726807,2.937938928604126,0.2822873890399933,0.4803136885166168,2.9414454687333897,8.629097938537598,9.560568809509276,2.0640358924865723,0.3858948051929474,Y,0.029892921447753906,Y,0.0,N
0,0.2731366648062038,0.16666666666666669,0.3333332882490918,0.04294918038103205,0.2596899542358566,0.06814668313526408,0.9094487733907585,0.7440941831108666,0.31102362742209116,0.07124930789272141,0.0,8.589754104614258,0.5361273288726807,2.937938928604126,0.2822873890399933,0.4803136885166168,0.3110460042953491,8.629097938537598,9.560568809509276,2.0640358924865723,0.3858948051929474,0.0,0.2731366648062038,0.16666666666666669,0.3333332882490918,0.04294918038103205,0.2596899542358566,0.687355878,0.9094487733907585,0.7440941831108666,0.4342351,0.07124930789272141,Y,8.589754104614258,0.5361273288726807,2.937938928604126,0.2822873890399933,0.4803136885166168,3.1373397727436285,8.629097938537598,9.560568809509276,2.881700144796896,0.3858948051929474,Y,0.029093027114868164,Y,0.0,N
0,0.6623318128385557,0.8944442690329724,0.2121212436801812,0.23622053970618379,0.35788114108053515,0.6321484279875477,0.7244094108305462,0.8897638742069726,0.7125984775308877,0.18460680118822786,0.0,11.36847972869873,2.877216100692749,1.8695980310440063,1.552580952644348,1.784021973609924,2.8853530883789062,6.873394012451172,11.432220458984377,4.728993892669678,0.9998525977134703,0.0,0.6623318128385557,0.8944442690329724,0.2121212436801812,0.84028502,0.35788114108053515,0.6321484279875477,0.7244094108305462,0.8897638742069726,0.7125984775308877,0.18460680118822786,Y,11.36847972869873,2.877216100692749,1.8695980310440063,5.522849615308973,1.784021973609924,2.8853530883789062,6.873394012451172,11.432220458984377,4.728993892669678,0.9998525977134703,Y,0.02917790412902832,Y,0.0,N
0,0.6623318128385557,0.8944442690329724,0.2121212436801812,0.23622053970618379,0.35788114108053515,0.6321484279875477,0.7244094108305462,0.8897638742069726,0.7125984775308877,0.18460680118822786,0.0,11.36847972869873,2.877216100692749,1.8695980310440063,1.552580952644348,1.784021973609924,2.8853530883789062,6.873394012451172,11.432220458984377,4.728993892669678,0.9998525977134703,0.0,0.0739952,0.8944442690329724,0.2121212436801812,0.23622053970618379,0.11154178,0.6321484279875477,0.7244094108305462,0.8897638742069726,0.7125984775308877,0.18460680118822786,Y,7.167949403624726,2.877216100692749,1.8695980310440063,1.552580952644348,-1.4866856764900447,2.8853530883789062,6.873394012451172,11.432220458984377,4.728993892669678,0.9998525977134703,Y,0.028450727462768555,Y,0.0,N
0,0.6623318128385557,0.8944442690329724,0.2121212436801812,0.23622053970618379,0.35788114108053515,0.6321484279875477,0.7244094108305462,0.8897638742069726,0.7125984775308877,0.18460680118822786,0.0,11.36847972869873,2.877216100692749,1.8695980310440063,1.552580952644348,1.784021973609924,2.8853530883789062,6.873394012451172,11.432220458984377,4.728993892669678,0.9998525977134703,0.0,0.6623318128385557,0.8944442690329724,0.2121212436801812,0.8057235,0.35788114108053515,0.6321484279875477,0.7244094108305462,0.8897638742069726,0.7125984775308877,0.18460680118822786,Y,11.36847972869873,2.877216100692749,1.8695980310440063,5.295690885957242,1.784021973609924,2.8853530883789062,6.873394012451172,11.432220458984377,4.728993892669678,0.9998525977134703,Y,0.029325008392333984,Y,0.0,N
0,0.6623318128385557,0.8944442690329724,0.2121212436801812,0.23622053970618379,0.35788114108053515,0.6321484279875477,0.7244094108305462,0.8897638742069726,0.7125984775308877,0.18460680118822786,0.0,11.36847972869873,2.877216100692749,1.8695980310440063,1.552580952644348,1.784021973609924,2.8853530883789062,6.873394012451172,11.432220458984377,4.728993892669678,0.9998525977134703,0.0,0.5254135,0.8944442690329724,0.2121212436801812,0.23622053970618379,0.52978731,0.6321484279875477,0.7244094108305462,0.8897638742069726,0.7125984775308877,0.18460680118822786,Y,10.390927911276577,2.877216100692749,1.8695980310440063,1.552580952644348,4.066462016151297,2.8853530883789062,6.873394012451172,11.432220458984377,4.728993892669678,0.9998525977134703,Y,0.029308080673217773,Y,0.0,N
0,0.6623318128385557,0.8944442690329724,0.2121212436801812,0.23622053970618379,0.35788114108053515,0.6321484279875477,0.7244094108305462,0.8897638742069726,0.7125984775308877,0.18460680118822786,0.0,11.36847972869873,2.877216100692749,1.8695980310440063,1.552580952644348,1.784021973609924,2.8853530883789062,6.873394012451172,11.432220458984377,4.728993892669678,0.9998525977134703,0.0,0.6623318128385557,0.8944442690329724,0.2121212436801812,0.23622053970618379,0.23878266,0.94926277,0.7244094108305462,0.8897638742069726,0.7125984775308877,0.18460680118822786,Y,11.36847972869873,2.877216100692749,1.8695980310440063,1.552580952644348,0.202722454618144,4.332777151439138,6.873394012451172,11.432220458984377,4.728993892669678,0.9998525977134703,Y,0.03037095069885254,Y,0.0,N
0,0.8524260071995035,0.1888888604771716,0.30303032106399963,0.6721545893046884,0.58268736107506,0.3285091333123767,0.9291338226536371,0.7755903144825689,0.33070864302968805,0.20189620006361794,0.0,12.725689888000488,0.6076108813285828,2.670854091644287,4.417797088623047,4.768828868865966,1.4994339942932127,8.815875053405762,9.965250015258787,2.1946709156036377,1.0934940576553345,0.0,0.0667238,0.1888888604771716,0.30303032106399963,0.6721545893046884,0.58268736107506,0.3285091333123767,0.9291338226536371,0.34336261,0.33070864302968805,0.20189620006361794,Y,7.116033994079876,0.6076108813285828,2.670854091644287,4.417797088623047,4.768828868865966,1.4994339942932127,8.815875053405762,4.41172896392416,2.1946709156036377,1.0934940576553345,Y,0.028768062591552734,Y,0.0,N
0,0.8524260071995035,0.1888888604771716,0.30303032106399963,0.6721545893046884,0.58268736107506,0.3285091333123767,0.9291338226536371,0.7755903144825689,0.33070864302968805,0.20189620006361794,0.0,12.725689888000488,0.6076108813285828,2.670854091644287,4.417797088623047,4.768828868865966,1.4994339942932127,8.815875053405762,9.965250015258787,2.1946709156036377,1.0934940576553345,0.0,0.3301903,0.1888888604771716,0.30303032106399963,0.6721545893046884,0.58268736107506,0.3285091333123767,0.9291338226536371,0.7755903144825689,0.33070864302968805,0.20189620006361794,Y,8.99709833503871,0.6076108813285828,2.670854091644287,4.417797088623047,4.768828868865966,1.4994339942932127,8.815875053405762,9.965250015258787,2.1946709156036377,1.0934940576553345,Y,0.030694007873535156,Y,0.0,N
0,0.8524260071995035,0.1888888604771716,0.30303032106399963,0.6721545893046884,0.58268736107506,0.3285091333123767,0.9291338226536371,0.7755903144825689,0.33070864302968805,0.20189620006361794,0.0,12.725689888000488,0.6076108813285828,2.670854091644287,4.417797088623047,4.768828868865966,1.4994339942932127,8.815875053405762,9.965250015258787,2.1946709156036377,1.0934940576553345,0.0,0.8524260071995035,0.1888888604771716,0.30303032106399963,0.6721545893046884,0.58268736107506,0.924679261,0.9291338226536371,0.7755903144825689,0.33070864302968805,0.6285853,Y,12.725689888000488,0.6076108813285828,2.670854091644287,4.417797088623047,4.768828868865966,4.2205691628150825,8.815875053405762,9.965250015258787,2.1946709156036377,3.4044934479346756,Y,0.027899742126464844,Y,0.0,N
0,0.8524260071995035,0.1888888604771716,0.30303032106399963,0.6721545893046884,0.58268736107506,0.3285091333123767,0.9291338226536371,0.7755903144825689,0.33070864302968805,0.20189620006361794,0.0,12.725689888000488,0.6076108813285828,2.670854091644287,4.417797088623047,4.768828868865966,1.4994339942932127,8.815875053405762,9.965250015258787,2.1946709156036377,1.0934940576553345,0.0,0.6116898,0.1888888604771716,0.5560925,0.6721545893046884,0.58268736107506,0.3285091333123767,0.9291338226536371,0.7755903144825689,0.33070864302968805,0.20189620006361794,Y,11.0069123776124,0.6076108813285828,4.901298073878288,4.417797088623047,4.768828868865966,1.4994339942932127,8.815875053405762,9.965250015258787,2.1946709156036377,1.0934940576553345,Y,0.029735088348388672,Y,0.0,N
0,0.8524260071995035,0.1888888604771716,0.30303032106399963,0.6721545893046884,0.58268736107506,0.3285091333123767,0.9291338226536371,0.7755903144825689,0.33070864302968805,0.20189620006361794,0.0,12.725689888000488,0.6076108813285828,2.670854091644287,4.417797088623047,4.768828868865966,1.4994339942932127,8.815875053405762,9.965250015258787,2.1946709156036377,1.0934940576553345,0.0,0.1249818,0.1888888604771716,0.30303032106399963,0.6721545893046884,0.58268736107506,0.401660005,0.9291338226536371,0.7755903144825689,0.33070864302968805,0.20189620006361794,Y,7.53197699395113,0.6076108813285828,2.670854091644287,4.417797088623047,4.768828868865966,1.8333209173587728,8.815875053405762,9.965250015258787,2.1946709156036377,1.0934940576553345,Y,0.02912116050720215,Y,0.0,N
0,0.0725362765200267,0.016666666203432132,0.3333332882490918,0.04795991423796852,0.2596899542358566,0.05479837250893397,0.7322834305356977,0.7480311716983353,0.5354330855762495,0.0730618938256151,0.0,7.157533168792725,0.053612731397151905,2.937938928604126,0.3152208924293518,0.4803136885166168,0.2501195073127746,6.9481048583984375,9.611153602600098,3.553277015686035,0.3957119882106781,0.0,0.3276973,0.016666666203432132,0.3333332882490918,0.04795991423796852,0.2596899542358566,0.05479837250893397,0.7322834305356977,0.7480311716983353,0.5354330855762495,0.0730618938256151,Y,8.979299133235026,0.053612731397151905,2.937938928604126,0.3152208924293518,0.4803136885166168,0.2501195073127746,6.9481048583984375,9.611153602600098,3.553277015686035,0.3957119882106781,Y,0.02858281135559082,Y,0.0,N
0,0.0725362765200267,0.016666666203432132,0.3333332882490918,0.04795991423796852,0.2596899542358566,0.05479837250893397,0.7322834305356977,0.7480311716983353,0.5354330855762495,0.0730618938256151,0.0,7.157533168792725,0.053612731397151905,2.937938928604126,0.3152208924293518,0.4803136885166168,0.2501195073127746,6.9481048583984375,9.611153602600098,3.553277015686035,0.3957119882106781,0.0,0.5134697,0.016666666203432132,0.3333332882490918,0.04795991423796852,0.2596899542358566,0.05479837250893397,0.7322834305356977,0.7480311716983353,0.5354330855762495,0.0730618938256151,Y,10.305653099201631,0.053612731397151905,2.937938928604126,0.3152208924293518,0.4803136885166168,0.2501195073127746,6.9481048583984375,9.611153602600098,3.553277015686035,0.3957119882106781,Y,0.028931140899658203,Y,0.0,N
0,0.0725362765200267,0.016666666203432132,0.3333332882490918,0.04795991423796852,0.2596899542358566,0.05479837250893397,0.7322834305356977,0.7480311716983353,0.5354330855762495,0.0730618938256151,0.0,7.157533168792725,0.053612731397151905,2.937938928604126,0.3152208924293518,0.4803136885166168,0.2501195073127746,6.9481048583984375,9.611153602600098,3.553277015686035,0.3957119882106781,0.0,0.0725362765200267,0.016666666203432132,0.3333332882490918,0.04795991423796852,0.2596899542358566,0.915920083,0.7322834305356977,0.7480311716983353,0.5354330855762495,0.0730618938256151,Y,7.157533168792725,0.053612731397151905,2.937938928604126,0.3152208924293518,0.4803136885166168,4.180589119877354,6.9481048583984375,9.611153602600098,3.553277015686035,0.3957119882106781,Y,0.029168128967285156,Y,0.0,N
0,0.0725362765200267,0.016666666203432132,0.3333332882490918,0.04795991423796852,0.2596899542358566,0.05479837250893397,0.7322834305356977,0.7480311716983353,0.5354330855762495,0.0730618938256151,0.0,7.157533168792725,0.053612731397151905,2.937938928604126,0.3152208924293518,0.4803136885166168,0.2501195073127746,6.9481048583984375,9.611153602600098,3.553277015686035,0.3957119882106781,0.0,0.0725362765200267,0.016666666203432132,0.3333332882490918,0.04795991423796852,0.2596899542358566,0.05479837250893397,0.7322834305356977,0.7480311716983353,0.7916787,0.87436537,Y,7.157533168792725,0.053612731397151905,2.937938928604126,0.3152208924293518,0.4803136885166168,0.2501195073127746,6.9481048583984375,9.611153602600098,5.253791378040647,4.735667813526627,Y,0.029983997344970703,Y,0.0,N
0,0.0725362765200267,0.016666666203432132,0.3333332882490918,0.04795991423796852,0.2596899542358566,0.05479837250893397,0.7322834305356977,0.7480311716983353,0.5354330855762495,0.0730618938256151,0.0,7.157533168792725,0.053612731397151905,2.937938928604126,0.3152208924293518,0.4803136885166168,0.2501195073127746,6.9481048583984375,9.611153602600098,3.553277015686035,0.3957119882106781,0.0,0.0725362765200267,0.016666666203432132,0.3333332882490918,0.47235264,0.2596899542358566,0.05479837250893397,0.7322834305356977,0.7480311716983353,0.5354330855762495,0.94208759,Y,7.157533168792725,0.053612731397151905,2.937938928604126,3.10458062921814,0.4803136885166168,0.2501195073127746,6.9481048583984375,9.611153602600098,3.553277015686035,5.102459487257447,Y,0.029240131378173828,Y,0.0,N
0,0.40870449477081283,0.8138887493008865,0.06060606286027268,0.236936238992632,0.24031011198033644,0.22270612569350878,0.8228346068895159,0.9409445031721104,0.6614172860593761,0.846068033892369,1.0,9.557663917541504,2.6180880069732666,0.5341708064079285,1.557284951210022,0.22300280630588523,1.0165109634399414,7.807279109954834,12.08981990814209,4.389341831207275,4.582406044006348,1.0,0.40870449477081283,0.8138887493008865,0.06060606286027268,0.03737921,0.78105635,0.22270612569350878,0.8228346068895159,0.9409445031721104,0.6614172860593761,0.846068033892369,N,9.557663917541504,2.6180880069732666,0.5341708064079285,0.24567825280171401,7.402622213029444,1.0165109634399414,7.807279109954834,12.08981990814209,4.389341831207275,4.582406044006348,N,0.029083967208862305,Y,1.0,Y
0,0.40870449477081283,0.8138887493008865,0.06060606286027268,0.236936238992632,0.24031011198033644,0.22270612569350878,0.8228346068895159,0.9409445031721104,0.6614172860593761,0.846068033892369,1.0,9.557663917541504,2.6180880069732666,0.5341708064079285,1.557284951210022,0.22300280630588523,1.0165109634399414,7.807279109954834,12.08981990814209,4.389341831207275,4.582406044006348,1.0,0.6265483,0.8138887493008865,0.06060606286027268,0.236936238992632,0.24031011198033644,0.22270612569350878,0.8228346068895159,0.9409445031721104,0.6614172860593761,0.846068033892369,N,11.112997191090153,2.6180880069732666,0.5341708064079285,1.557284951210022,0.22300280630588523,1.0165109634399414,7.807279109954834,12.08981990814209,4.389341831207275,4.582406044006348,N,0.030411958694458008,Y,1.0,Y
0,0.40870449477081283,0.8138887493008865,0.06060606286027268,0.236936238992632,0.24031011198033644,0.22270612569350878,0.8228346068895159,0.9409445031721104,0.6614172860593761,0.846068033892369,1.0,9.557663917541504,2.6180880069732666,0.5341708064079285,1.557284951210022,0.22300280630588523,1.0165109634399414,7.807279109954834,12.08981990814209,4.389341831207275,4.582406044006348,1.0,0.40870449477081283,0.8138887493008865,0.06060606286027268,0.236936238992632,0.9119655,0.22270612569350878,0.8228346068895159,0.9409445031721104,0.6614172860593761,0.23161421,N,9.557663917541504,2.6180880069732666,0.5341708064079285,1.557284951210022,9.140734857695698,1.0165109634399414,7.807279109954834,12.08981990814209,4.389341831207275,1.2544503671873428,N,0.0279691219329834,Y,1.0,Y
0,0.40870449477081283,0.8138887493008865,0.06060606286027268,0.236936238992632,0.24031011198033644,0.22270612569350878,0.8228346068895159,0.9409445031721104,0.6614172860593761,0.846068033892369,1.0,9.557663917541504,2.6180880069732666,0.5341708064079285,1.557284951210022,0.22300280630588523,1.0165109634399414,7.807279109954834,12.08981990814209,4.389341831207275,4.582406044006348,1.0,0.9424149,0.271,0.06060606286027268,0.236936238992632,0.24031011198033644,0.22270612569350878,0.8228346068895159,0.9409445031721104,0.6614172860593761,0.846068033892369,N,13.368181048468257,0.8717430367469787,0.5341708064079285,1.557284951210022,0.22300280630588523,1.0165109634399414,7.807279109954834,12.08981990814209,4.389341831207275,4.582406044006348,N,0.029434919357299805,Y,1.0,Y
0,0.40870449477081283,0.8138887493008865,0.06060606286027268,0.236936238992632,0.24031011198033644,0.22270612569350878,0.8228346068895159,0.9409445031721104,0.6614172860593761,0.846068033892369,1.0,9.557663917541504,2.6180880069732666,0.5341708064079285,1.557284951210022,0.22300280630588523,1.0165109634399414,7.807279109954834,12.08981990814209,4.389341831207275,4.582406044006348,1.0,0.40870449477081283,0.028,0.06060606286027268,0.236936238992632,0.24031011198033644,0.22270612569350878,0.8228346068895159,0.56465847,0.6614172860593761,0.846068033892369,N,9.557663917541504,0.09006939125061035,0.5341708064079285,1.557284951210022,0.22300280630588523,1.0165109634399414,7.807279109954834,7.255071036488514,4.389341831207275,4.582406044006348,N,0.02745509147644043,Y,1.0,Y
0,0.6078041127025043,0.4222221456341147,0.28787876984509125,0.3192555319963649,0.42248069831642077,0.17282561025691492,0.9448818620639399,0.9291339085296275,0.4606298969315873,0.44046292677674465,0.0,10.979169845581056,1.3581889867782593,2.53731107711792,2.0983359813690186,2.641726016998291,0.7888383269309998,8.965296745300293,11.938070297241213,3.0568630695343018,2.3856000900268555,0.0,0.6078041127025043,0.4222221456341147,0.28787876984509125,0.3192555319963649,0.83165186,0.17282561025691492,0.9448818620639399,0.9291339085296275,0.4606298969315873,0.44046292677674465,N,10.979169845581056,1.3581889867782593,2.53731107711792,2.0983359813690186,8.074391113021063,0.7888383269309998,8.965296745300293,11.938070297241213,3.0568630695343018,2.3856000900268555,N,0.02977275848388672,N,0.0,Y
0,0.6078041127025043,0.4222221456341147,0.28787876984509125,0.3192555319963649,0.42248069831642077,0.17282561025691492,0.9448818620639399,0.9291339085296275,0.4606298969315873,0.44046292677674465,0.0,10.979169845581056,1.3581889867782593,2.53731107711792,2.0983359813690186,2.641726016998291,0.7888383269309998,8.965296745300293,11.938070297241213,3.0568630695343018,2.3856000900268555,0.0,0.8107929,0.4222221456341147,0.28787876984509125,0.3192555319963649,0.42248069831642077,0.17282561025691492,0.9448818620639399,0.9291339085296275,0.4606298969315873,0.44046292677674465,N,12.42844316647687,1.3581889867782593,2.53731107711792,2.0983359813690186,2.641726016998291,0.7888383269309998,8.965296745300293,11.938070297241213,3.0568630695343018,2.3856000900268555,N,0.028052091598510742,N,0.0,Y
0,0.6078041127025043,0.4222221456341147,0.28787876984509125,0.3192555319963649,0.42248069831642077,0.17282561025691492,0.9448818620639399,0.9291339085296275,0.4606298969315873,0.44046292677674465,0.0,10.979169845581056,1.3581889867782593,2.53731107711792,2.0983359813690186,2.641726016998291,0.7888383269309998,8.965296745300293,11.938070297241213,3.0568630695343018,2.3856000900268555,0.0,0.6078041127025043,0.4222221456341147,0.28787876984509125,0.3192555319963649,0.60148786,0.17282561025691492,0.9448818620639399,0.9291339085296275,0.4606298969315873,0.44046292677674465,N,10.979169845581056,1.3581889867782593,2.53731107711792,2.0983359813690186,5.01844766867845,0.7888383269309998,8.965296745300293,11.938070297241213,3.0568630695343018,2.3856000900268555,N,0.028825044631958008,N,0.0,Y
0,0.6078041127025043,0.4222221456341147,0.28787876984509125,0.3192555319963649,0.42248069831642077,0.17282561025691492,0.9448818620639399,0.9291339085296275,0.4606298969315873,0.44046292677674465,0.0,10.979169845581056,1.3581889867782593,2.53731107711792,2.0983359813690186,2.641726016998291,0.7888383269309998,8.965296745300293,11.938070297241213,3.0568630695343018,2.3856000900268555,0.0,0.3082533,0.4222221456341147,0.28787876984509125,0.3192555319963649,0.42248069831642077,0.17282561025691492,0.9320909,0.9291339085296275,0.4606298969315873,0.44046292677674465,N,8.840475354706811,1.3581889867782593,2.53731107711792,2.0983359813690186,2.641726016998291,0.7888383269309998,8.84393260956526,11.938070297241213,3.0568630695343018,2.3856000900268555,N,0.030185937881469727,N,0.0,Y
0,0.6078041127025043,0.4222221456341147,0.28787876984509125,0.3192555319963649,0.42248069831642077,0.17282561025691492,0.9448818620639399,0.9291339085296275,0.4606298969315873,0.44046292677674465,0.0,10.979169845581056,1.3581889867782593,2.53731107711792,2.0983359813690186,2.641726016998291,0.7888383269309998,8.965296745300293,11.938070297241213,3.0568630695343018,2.3856000900268555,0.0,0.6078041127025043,0.4222221456341147,0.28787876984509125,0.3192555319963649,0.42248069831642077,0.17282561025691492,0.5817131,0.9291339085296275,0.4606298969315873,0.44046292677674465,N,10.979169845581056,1.3581889867782593,2.53731107711792,2.0983359813690186,2.641726016998291,0.7888383269309998,5.519452506725789,11.938070297241213,3.0568630695343018,2.3856000900268555,N,0.029011011123657227,N,0.0,Y
0,0.6028010996076468,0.32499989252959105,0.030303031430136337,0.0,0.22351424554975557,0.2149781914358488,0.8779526945701528,0.9330705259971733,0.5905511149068771,0.26129388338719783,1.0,10.94344997406006,1.0454479455947876,0.2670854032039642,0.0,0.0,0.9812378883361816,8.330254554748535,11.98865032196045,3.9190549850463863,1.415199041366577,1.0,0.6028010996076468,0.32499989252959105,0.83077919,0.0,0.22351424554975557,0.2149781914358488,0.8779526945701528,0.9330705259971733,0.5905511149068771,0.26129388338719783,Y,10.94344997406006,1.0454479455947876,7.322336560491581,0.0,0.0,0.9812378883361816,8.330254554748535,11.98865032196045,3.9190549850463863,1.415199041366577,Y,0.027485132217407227,N,1.0,N
0,0.6028010996076468,0.32499989252959105,0.030303031430136337,0.0,0.22351424554975557,0.2149781914358488,0.8779526945701528,0.9330705259971733,0.5905511149068771,0.26129388338719783,1.0,10.94344997406006,1.0454479455947876,0.2670854032039642,0.0,0.0,0.9812378883361816,8.330254554748535,11.98865032196045,3.9190549850463863,1.415199041366577,1.0,0.6028010996076468,0.32499989252959105,0.030303031430136337,0.0,0.22351424554975557,0.2149781914358488,0.8779526945701528,0.20686487,0.5905511149068771,0.26129388338719783,Y,10.94344997406006,1.0454479455947876,0.2670854032039642,0.0,0.0,0.9812378883361816,8.330254554748535,2.6579240488572884,3.9190549850463863,1.415199041366577,Y,0.029579877853393555,N,1.0,N
0,0.6028010996076468,0.32499989252959105,0.030303031430136337,0.0,0.22351424554975557,0.2149781914358488,0.8779526945701528,0.9330705259971733,0.5905511149068771,0.26129388338719783,1.0,10.94344997406006,1.0454479455947876,0.2670854032039642,0.0,0.0,0.9812378883361816,8.330254554748535,11.98865032196045,3.9190549850463863,1.415199041366577,1.0,0.6028010996076468,0.32499989252959105,0.030303031430136337,0.0,0.40358512,0.2149781914358488,0.8779526945701528,0.9330705259971733,0.5905511149068771,0.26129388338719783,Y,10.94344997406006,1.0454479455947876,0.2670854032039642,0.0,2.3908448249650953,0.9812378883361816,8.330254554748535,11.98865032196045,3.9190549850463863,1.415199041366577,Y,0.028207063674926758,N,1.0,N
0,0.6028010996076468,0.32499989252959105,0.030303031430136337,0.0,0.22351424554975557,0.2149781914358488,0.8779526945701528,0.9330705259971733,0.5905511149068771,0.26129388338719783,1.0,10.94344997406006,1.0454479455947876,0.2670854032039642,0.0,0.0,0.9812378883361816,8.330254554748535,11.98865032196045,3.9190549850463863,1.415199041366577,1.0,0.6028010996076468,0.32499989252959105,0.030303031430136337,0.0,0.22351424554975557,0.2149781914358488,0.8779526945701528,0.24728528,0.5905511149068771,0.26129388338719783,Y,10.94344997406006,1.0454479455947876,0.2670854032039642,0.0,0.0,0.9812378883361816,8.330254554748535,3.1772697444491578,3.9190549850463863,1.415199041366577,Y,0.029979944229125977,N,1.0,N
0,0.6028010996076468,0.32499989252959105,0.030303031430136337,0.0,0.22351424554975557,0.2149781914358488,0.8779526945701528,0.9330705259971733,0.5905511149068771,0.26129388338719783,1.0,10.94344997406006,1.0454479455947876,0.2670854032039642,0.0,0.0,0.9812378883361816,8.330254554748535,11.98865032196045,3.9190549850463863,1.415199041366577,1.0,0.6028010996076468,0.32499989252959105,0.11497267,0.78439001,0.22351424554975557,0.2149781914358488,0.8779526945701528,0.9330705259971733,0.5905511149068771,0.26129388338719783,Y,10.94344997406006,1.0454479455947876,1.0133481858137703,5.155474585255252,0.0,0.9812378883361816,8.330254554748535,11.98865032196045,3.9190549850463863,1.415199041366577,Y,0.029256105422973633,N,1.0,N
0,0.5842918879792572,0.1888888604771716,0.19696969246127283,0.13600572653743304,0.23514215584122444,0.5773499118328294,0.9173227930959099,0.83858235455402,0.42913386477411025,0.5131064363049566,1.0,10.81130027770996,0.6076108813285828,1.7360550165176392,0.8939099907875061,0.15438659489154816,2.635232925415039,8.703808784484863,10.774609565734863,2.847846984863281,2.7790460586547847,1.0,0.5842918879792572,0.1888888604771716,0.19696969246127283,0.13600572653743304,0.23514215584122444,0.112803658,0.9173227930959099,0.83858235455402,0.42913386477411025,0.58748556,N,10.81130027770996,0.6076108813285828,1.7360550165176392,0.8939099907875061,0.15438659489154816,0.5148765204192667,8.703808784484863,10.774609565734863,2.847846984863281,3.1818923219748116,N,0.028036117553710938,Y,1.0,Y
0,0.5842918879792572,0.1888888604771716,0.19696969246127283,0.13600572653743304,0.23514215584122444,0.5773499118328294,0.9173227930959099,0.83858235455402,0.42913386477411025,0.5131064363049566,1.0,10.81130027770996,0.6076108813285828,1.7360550165176392,0.8939099907875061,0.15438659489154816,2.635232925415039,8.703808784484863,10.774609565734863,2.847846984863281,2.7790460586547847,1.0,0.5842918879792572,0.1888888604771716,0.19696969246127283,0.13600572653743304,0.39149404,0.5773499118328294,0.9173227930959099,0.83858235455402,0.42913386477411025,0.5131064363049566,N,10.81130027770996,0.6076108813285828,1.7360550165176392,0.8939099907875061,2.230308613129091,2.635232925415039,8.703808784484863,10.774609565734863,2.847846984863281,2.7790460586547847,N,0.027463197708129883,Y,1.0,Y
0,0.5842918879792572,0.1888888604771716,0.19696969246127283,0.13600572653743304,0.23514215584122444,0.5773499118328294,0.9173227930959099,0.83858235455402,0.42913386477411025,0.5131064363049566,1.0,10.81130027770996,0.6076108813285828,1.7360550165176392,0.8939099907875061,0.15438659489154816,2.635232925415039,8.703808784484863,10.774609565734863,2.847846984863281,2.7790460586547847,1.0,0.739877,0.1888888604771716,0.19696969246127283,0.13600572653743304,0.23514215584122444,0.5773499118328294,0.9173227930959099,0.83858235455402,0.42913386477411025,0.5131064363049566,N,11.922126914896488,0.6076108813285828,1.7360550165176392,0.8939099907875061,0.15438659489154816,2.635232925415039,8.703808784484863,10.774609565734863,2.847846984863281,2.7790460586547847,N,0.02682018280029297,Y,1.0,Y
0,0.5842918879792572,0.1888888604771716,0.19696969246127283,0.13600572653743304,0.23514215584122444,0.5773499118328294,0.9173227930959099,0.83858235455402,0.42913386477411025,0.5131064363049566,1.0,10.81130027770996,0.6076108813285828,1.7360550165176392,0.8939099907875061,0.15438659489154816,2.635232925415039,8.703808784484863,10.774609565734863,2.847846984863281,2.7790460586547847,1.0,0.5966039,0.1888888604771716,0.19696969246127283,0.13600572653743304,0.23514215584122444,0.5773499118328294,0.9173227930959099,0.83858235455402,0.42913386477411025,0.5131064363049566,N,10.899204002766751,0.6076108813285828,1.7360550165176392,0.8939099907875061,0.15438659489154816,2.635232925415039,8.703808784484863,10.774609565734863,2.847846984863281,2.7790460586547847,N,0.029015064239501953,Y,1.0,Y
0,0.5842918879792572,0.1888888604771716,0.19696969246127283,0.13600572653743304,0.23514215584122444,0.5773499118328294,0.9173227930959099,0.83858235455402,0.42913386477411025,0.5131064363049566,1.0,10.81130027770996,0.6076108813285828,1.7360550165176392,0.8939099907875061,0.15438659489154816,2.635232925415039,8.703808784484863,10.774609565734863,2.847846984863281,2.7790460586547847,1.0,0.5842918879792572,0.1888888604771716,0.19696969246127283,0.13600572653743304,0.02818122,0.5773499118328294,0.9173227930959099,0.83858235455402,0.42913386477411025,0.5131064363049566,N,10.81130027770996,0.6076108813285828,1.7360550165176392,0.8939099907875061,-2.5934841195512055,2.635232925415039,8.703808784484863,10.774609565734863,2.847846984863281,2.7790460586547847,N,0.029468059539794922,Y,1.0,Y
0,0.29564788618856486,0.4222221456341147,0.19696969246127283,0.25769503694285184,0.2777778141904489,0.04636785692608259,0.9251968128010614,0.9448819371034862,0.5236220690263694,0.14974902554728747,0.0,8.750476837158203,1.3581889867782593,1.7360550165176392,1.693724036216736,0.7204706072807309,0.2116395980119705,8.778519630432129,12.140410423278809,3.47489595413208,0.8110587000846863,0.0,0.6330495,0.4222221456341147,0.19696969246127283,0.25769503694285184,0.2777778141904489,0.04636785692608259,0.9251968128010614,0.9448819371034862,0.5236220690263694,0.33535088,Y,11.159413625412704,1.3581889867782593,1.7360550165176392,1.693724036216736,0.7204706072807309,0.2116395980119705,8.778519630432129,12.140410423278809,3.47489595413208,1.8163006257370762,Y,0.028586149215698242,Y,0.0,N
0,0.29564788618856486,0.4222221456341147,0.19696969246127283,0.25769503694285184,0.2777778141904489,0.04636785692608259,0.9251968128010614,0.9448819371034862,0.5236220690263694,0.14974902554728747,0.0,8.750476837158203,1.3581889867782593,1.7360550165176392,1.693724036216736,0.7204706072807309,0.2116395980119705,8.778519630432129,12.140410423278809,3.47489595413208,0.8110587000846863,0.0,0.29564788618856486,0.4222221456341147,0.19696969246127283,0.25769503694285184,0.2777778141904489,0.04636785692608259,0.9251968128010614,0.36420104,0.5236220690263694,0.14974902554728747,Y,8.750476837158203,1.3581889867782593,1.7360550165176392,1.693724036216736,0.7204706072807309,0.2116395980119705,8.778519630432129,4.679473623698577,3.47489595413208,0.8110587000846863,Y,0.02922797203063965,Y,0.0,N
0,0.29564788618856486,0.4222221456341147,0.19696969246127283,0.25769503694285184,0.2777778141904489,0.04636785692608259,0.9251968128010614,0.9448819371034862,0.5236220690263694,0.14974902554728747,0.0,8.750476837158203,1.3581889867782593,1.7360550165176392,1.693724036216736,0.7204706072807309,0.2116395980119705,8.778519630432129,12.140410423278809,3.47489595413208,0.8110587000846863,0.0,0.29564788618856486,0.4222221456341147,0.19696969246127283,0.25769503694285184,0.46945678,0.63760756,0.9251968128010614,0.9448819371034862,0.5236220690263694,0.14974902554728747,Y,8.750476837158203,1.3581889867782593,1.7360550165176392,1.693724036216736,3.265438886351609,2.910270532945118,8.778519630432129,12.140410423278809,3.47489595413208,0.8110587000846863,Y,0.028533935546875,Y,0.0,N
0,0.29564788618856486,0.4222221456341147,0.19696969246127283,0.25769503694285184,0.2777778141904489,0.04636785692608259,0.9251968128010614,0.9448819371034862,0.5236220690263694,0.14974902554728747,0.0,8.750476837158203,1.3581889867782593,1.7360550165176392,1.693724036216736,0.7204706072807309,0.2116395980119705,8.778519630432129,12.140410423278809,3.47489595413208,0.8110587000846863,0.0,0.29564788618856486,0.4222221456341147,0.19696969246127283,0.25769503694285184,0.2777778141904489,0.04636785692608259,0.9251968128010614,0.9448819371034862,0.5236220690263694,0.81479788,Y,8.750476837158203,1.3581889867782593,1.7360550165176392,1.693724036216736,0.7204706072807309,0.2116395980119705,8.778519630432129,12.140410423278809,3.47489595413208,4.413043136470204,Y,0.028943777084350586,Y,0.0,N
0,0.29564788618856486,0.4222221456341147,0.19696969246127283,0.25769503694285184,0.2777778141904489,0.04636785692608259,0.9251968128010614,0.9448819371034862,0.5236220690263694,0.14974902554728747,0.0,8.750476837158203,1.3581889867782593,1.7360550165176392,1.693724036216736,0.7204706072807309,0.2116395980119705,8.778519630432129,12.140410423278809,3.47489595413208,0.8110587000846863,0.0,0.29564788618856486,0.4222221456341147,0.19696969246127283,0.25769503694285184,0.2777778141904489,0.04636785692608259,0.1717838,0.9448819371034862,0.5236220690263694,0.14974902554728747,Y,8.750476837158203,1.3581889867782593,1.7360550165176392,1.693724036216736,0.7204706072807309,0.2116395980119705,1.6299315341615677,12.140410423278809,3.47489595413208,0.8110587000846863,Y,0.029494047164916992,Y,0.0,N
0,0.32666349517534143,0.9472220974577246,0.5454545454545455,0.0644237728387151,0.2984496477253638,0.14135168280252822,0.48818897044227283,0.6377950459053078,0.6377953248128349,0.2264360857361675,1.0,8.971918106079102,3.046989917755127,4.807537078857422,0.4234310984611511,0.9949355721473695,0.6451799869537354,4.632070064544678,8.19477367401123,4.232580184936523,1.2264050245285034,1.0,0.32666349517534143,0.9472220974577246,0.5454545454545455,0.0644237728387151,0.91686013,0.14135168280252822,0.48818897044227283,0.6377950459053078,0.6377953248128349,0.2264360857361675,N,8.971918106079102,3.046989917755127,4.807537078857422,0.4234310984611511,9.205722051440084,0.6451799869537354,4.632070064544678,8.19477367401123,4.232580184936523,1.2264050245285034,N,0.028203725814819336,Y,1.0,Y
0,0.32666349517534143,0.9472220974577246,0.5454545454545455,0.0644237728387151,0.2984496477253638,0.14135168280252822,0.48818897044227283,0.6377950459053078,0.6377953248128349,0.2264360857361675,1.0,8.971918106079102,3.046989917755127,4.807537078857422,0.4234310984611511,0.9949355721473695,0.6451799869537354,4.632070064544678,8.19477367401123,4.232580184936523,1.2264050245285034,1.0,0.8486426,0.9472220974577246,0.5454545454545455,0.0644237728387151,0.06059551,0.14135168280252822,0.48818897044227283,0.6377950459053078,0.6377953248128349,0.2264360857361675,N,12.69867760230074,3.046989917755127,4.807537078857422,0.4234310984611511,-2.1631117023681523,0.6451799869537354,4.632070064544678,8.19477367401123,4.232580184936523,1.2264050245285034,N,0.029716968536376953,Y,1.0,Y
0,0.32666349517534143,0.9472220974577246,0.5454545454545455,0.0644237728387151,0.2984496477253638,0.14135168280252822,0.48818897044227283,0.6377950459053078,0.6377953248128349,0.2264360857361675,1.0,8.971918106079102,3.046989917755127,4.807537078857422,0.4234310984611511,0.9949355721473695,0.6451799869537354,4.632070064544678,8.19477367401123,4.232580184936523,1.2264050245285034,1.0,0.8493459,0.9472220974577246,0.5454545454545455,0.0644237728387151,0.2984496477253638,0.642111978,0.48818897044227283,0.6377950459053078,0.6377953248128349,0.2264360857361675,N,12.703698933479451,3.046989917755127,4.807537078857422,0.4234310984611511,0.9949355721473695,2.930830318926118,4.632070064544678,8.19477367401123,4.232580184936523,1.2264050245285034,N,0.027336835861206055,Y,1.0,Y
0,0.32666349517534143,0.9472220974577246,0.5454545454545455,0.0644237728387151,0.2984496477253638,0.14135168280252822,0.48818897044227283,0.6377950459053078,0.6377953248128349,0.2264360857361675,1.0,8.971918106079102,3.046989917755127,4.807537078857422,0.4234310984611511,0.9949355721473695,0.6451799869537354,4.632070064544678,8.19477367401123,4.232580184936523,1.2264050245285034,1.0,0.2218029,0.9472220974577246,0.5454545454545455,0.0644237728387151,0.2984496477253638,0.14135168280252822,0.48818897044227283,0.6377950459053078,0.6377953248128349,0.2264360857361675,N,8.223247871510171,3.046989917755127,4.807537078857422,0.4234310984611511,0.9949355721473695,0.6451799869537354,4.632070064544678,8.19477367401123,4.232580184936523,1.2264050245285034,N,0.029810190200805664,Y,1.0,Y
0,0.32666349517534143,0.9472220974577246,0.5454545454545455,0.0644237728387151,0.2984496477253638,0.14135168280252822,0.48818897044227283,0.6377950459053078,0.6377953248128349,0.2264360857361675,1.0,8.971918106079102,3.046989917755127,4.807537078857422,0.4234310984611511,0.9949355721473695,0.6451799869537354,4.632070064544678,8.19477367401123,4.232580184936523,1.2264050245285034,1.0,0.32666349517534143,0.9472220974577246,0.5454545454545455,0.0644237728387151,0.92034117,0.14135168280252822,0.48818897044227283,0.6377950459053078,0.6377953248128349,0.2264360857361675,N,8.971918106079102,3.046989917755127,4.807537078857422,0.4234310984611511,9.251940666720904,0.6451799869537354,4.632070064544678,8.19477367401123,4.232580184936523,1.2264050245285034,N,0.029582977294921875,Y,1.0,Y
0,0.45022529587803406,0.047222210486947684,0.3787878337036373,0.088761629478598,0.2829457703295609,0.44485030907871653,0.7480315202014237,0.7007871602007433,0.4527558978738704,0.2367539757045584,1.0,9.854108810424805,0.1519027054309845,3.338567018508911,0.5833938717842102,0.7890868186950682,2.030457019805908,7.097527027130127,9.004134178161621,3.0046091079711914,1.2822879552841189,1.0,0.45022529587803406,0.047222210486947684,0.97598647,0.088761629478598,0.2829457703295609,0.44485030907871653,0.7480315202014237,0.7007871602007433,0.4527558978738704,0.65477829,N,9.854108810424805,0.1519027054309845,8.602167095478306,0.5833938717842102,0.7890868186950682,2.030457019805908,7.097527027130127,9.004134178161621,3.0046091079711914,3.546357826304355,N,0.030279159545898438,Y,1.0,Y
0,0.45022529587803406,0.047222210486947684,0.3787878337036373,0.088761629478598,0.2829457703295609,0.44485030907871653,0.7480315202014237,0.7007871602007433,0.4527558978738704,0.2367539757045584,1.0,9.854108810424805,0.1519027054309845,3.338567018508911,0.5833938717842102,0.7890868186950682,2.030457019805908,7.097527027130127,9.004134178161621,3.0046091079711914,1.2822879552841189,1.0,0.2545375,0.047222210486947684,0.3787878337036373,0.088761629478598,0.2829457703295609,0.44485030907871653,0.7480315202014237,0.7007871602007433,0.4527558978738704,0.2367539757045584,N,8.456962172096967,0.1519027054309845,3.338567018508911,0.5833938717842102,0.7890868186950682,2.030457019805908,7.097527027130127,9.004134178161621,3.0046091079711914,1.2822879552841189,N,0.0262148380279541,Y,1.0,Y
0,0.45022529587803406,0.047222210486947684,0.3787878337036373,0.088761629478598,0.2829457703295609,0.44485030907871653,0.7480315202014237,0.7007871602007433,0.4527558978738704,0.2367539757045584,1.0,9.854108810424805,0.1519027054309845,3.338567018508911,0.5833938717842102,0.7890868186950682,2.030457019805908,7.097527027130127,9.004134178161621,3.0046091079711914,1.2822879552841189,1.0,0.45022529587803406,0.047222210486947684,0.3787878337036373,0.088761629478598,0.2829457703295609,0.44485030907871653,0.0524653,0.7007871602007433,0.4527558978738704,0.2367539757045584,N,9.854108810424805,0.1519027054309845,3.338567018508911,0.5833938717842102,0.7890868186950682,2.030457019805908,0.497805071952343,9.004134178161621,3.0046091079711914,1.2822879552841189,N,0.030379056930541992,Y,1.0,Y
0,0.45022529587803406,0.047222210486947684,0.3787878337036373,0.088761629478598,0.2829457703295609,0.44485030907871653,0.7480315202014237,0.7007871602007433,0.4527558978738704,0.2367539757045584,1.0,9.854108810424805,0.1519027054309845,3.338567018508911,0.5833938717842102,0.7890868186950682,2.030457019805908,7.097527027130127,9.004134178161621,3.0046091079711914,1.2822879552841189,1.0,0.853487,0.047222210486947684,0.3787878337036373,0.05998362,0.2829457703295609,0.44485030907871653,0.7480315202014237,0.7007871602007433,0.4527558978738704,0.2367539757045584,N,12.73326502838087,0.1519027054309845,3.338567018508911,0.3942477906387521,0.7890868186950682,2.030457019805908,7.097527027130127,9.004134178161621,3.0046091079711914,1.2822879552841189,N,0.028536081314086914,Y,1.0,Y
0,0.45022529587803406,0.047222210486947684,0.3787878337036373,0.088761629478598,0.2829457703295609,0.44485030907871653,0.7480315202014237,0.7007871602007433,0.4527558978738704,0.2367539757045584,1.0,9.854108810424805,0.1519027054309845,3.338567018508911,0.5833938717842102,0.7890868186950682,2.030457019805908,7.097527027130127,9.004134178161621,3.0046091079711914,1.2822879552841189,1.0,0.9769329,0.047222210486947684,0.59182801,0.088761629478598,0.2829457703295609,0.44485030907871653,0.7480315202014237,0.7007871602007433,0.4527558978738704,0.2367539757045584,N,13.614628239747667,0.1519027054309845,5.216264354365902,0.5833938717842102,0.7890868186950682,2.030457019805908,7.097527027130127,9.004134178161621,3.0046091079711914,1.2822879552841189,N,0.027345895767211914,Y,1.0,Y
0,0.3976989345538967,0.42500010747040895,0.2575757756094542,0.0644237728387151,0.23772613391078046,0.48939147153562146,0.9370078423587885,0.9409445031721104,0.49212589316245486,0.3587562564781197,0.0,9.479087829589844,1.3671250343322754,2.270226001739502,0.4234310984611511,0.18869470059871687,2.2337589263916016,8.890585899353027,12.08981990814209,3.265878915786743,1.9430669546127322,0.0,0.8199092,0.42500010747040895,0.2575757756094542,0.0644237728387151,0.23772613391078046,0.48939147153562146,0.9370078423587885,0.9409445031721104,0.49212589316245486,0.3587562564781197,N,12.493530556530189,1.3671250343322754,2.270226001739502,0.4234310984611511,0.18869470059871687,2.2337589263916016,8.890585899353027,12.08981990814209,3.265878915786743,1.9430669546127322,N,0.02941608428955078,N,0.0,Y
0,0.3976989345538967,0.42500010747040895,0.2575757756094542,0.0644237728387151,0.23772613391078046,0.48939147153562146,0.9370078423587885,0.9409445031721104,0.49212589316245486,0.3587562564781197,0.0,9.479087829589844,1.3671250343322754,2.270226001739502,0.4234310984611511,0.18869470059871687,2.2337589263916016,8.890585899353027,12.08981990814209,3.265878915786743,1.9430669546127322,0.0,0.9638683,0.42500010747040895,0.2575757756094542,0.0644237728387151,0.23772613391078046,0.358549086,0.9370078423587885,0.9409445031721104,0.49212589316245486,0.3587562564781197,N,13.521351283516454,1.3671250343322754,2.270226001739502,0.4234310984611511,0.18869470059871687,1.6365471570007812,8.890585899353027,12.08981990814209,3.265878915786743,1.9430669546127322,N,0.0299527645111084,N,0.0,Y
0,0.3976989345538967,0.42500010747040895,0.2575757756094542,0.0644237728387151,0.23772613391078046,0.48939147153562146,0.9370078423587885,0.9409445031721104,0.49212589316245486,0.3587562564781197,0.0,9.479087829589844,1.3671250343322754,2.270226001739502,0.4234310984611511,0.18869470059871687,2.2337589263916016,8.890585899353027,12.08981990814209,3.265878915786743,1.9430669546127322,0.0,0.8815622,0.42500010747040895,0.2575757756094542,0.5313384,0.23772613391078046,0.48939147153562146,0.9370078423587885,0.9409445031721104,0.49212589316245486,0.3587562564781197,N,12.933712742171002,1.3671250343322754,2.270226001739502,3.4922698943733224,0.18869470059871687,2.2337589263916016,8.890585899353027,12.08981990814209,3.265878915786743,1.9430669546127322,N,0.02662205696105957,N,0.0,Y
0,0.3976989345538967,0.42500010747040895,0.2575757756094542,0.0644237728387151,0.23772613391078046,0.48939147153562146,0.9370078423587885,0.9409445031721104,0.49212589316245486,0.3587562564781197,0.0,9.479087829589844,1.3671250343322754,2.270226001739502,0.4234310984611511,0.18869470059871687,2.2337589263916016,8.890585899353027,12.08981990814209,3.265878915786743,1.9430669546127322,0.0,0.3976989345538967,0.42500010747040895,0.2575757756094542,0.0644237728387151,0.15436883,0.719291577,0.9370078423587885,0.9409445031721104,0.49212589316245486,0.3587562564781197,N,9.479087829589844,1.3671250343322754,2.270226001739502,0.4234310984611511,-0.9180605105734228,3.2831058043582866,8.890585899353027,12.08981990814209,3.265878915786743,1.9430669546127322,N,0.030003786087036133,N,0.0,Y
0,0.3976989345538967,0.42500010747040895,0.2575757756094542,0.0644237728387151,0.23772613391078046,0.48939147153562146,0.9370078423587885,0.9409445031721104,0.49212589316245486,0.3587562564781197,0.0,9.479087829589844,1.3671250343322754,2.270226001739502,0.4234310984611511,0.18869470059871687,2.2337589263916016,8.890585899353027,12.08981990814209,3.265878915786743,1.9430669546127322,0.0,0.3976989345538967,0.42500010747040895,0.2575757756094542,0.0644237728387151,0.23772613391078046,0.48939147153562146,0.9370078423587885,0.9409445031721104,0.49212589316245486,0.41302828,N,9.479087829589844,1.3671250343322754,2.270226001739502,0.4234310984611511,0.18869470059871687,2.2337589263916016,8.890585899353027,12.08981990814209,3.265878915786743,2.2370107494905285,N,0.030261993408203125,N,0.0,Y
0,0.6548273599832554,0.1805555493790953,0.12121216629636275,0.2734431599824778,0.36046518873320926,0.5484052340553962,0.8976377438330313,0.8818898228080507,0.5118110524764894,0.12200222574833644,1.0,11.314900398254396,0.5808045864105225,1.0683419704437256,1.7972300052642822,1.8183310031890867,2.503118991851806,8.5170316696167,11.331049919128418,3.396514892578125,0.6607787013053894,1.0,0.7436746,0.536,0.12121216629636275,0.2734431599824778,0.36046518873320926,0.5484052340553962,0.8976377438330313,0.8818898228080507,0.5118110524764894,0.12200222574833644,N,11.949240532533741,1.724185489654541,1.0683419704437256,1.7972300052642822,1.8183310031890867,2.503118991851806,8.5170316696167,11.331049919128418,3.396514892578125,0.6607787013053894,N,0.030401945114135742,Y,1.0,Y
0,0.6548273599832554,0.1805555493790953,0.12121216629636275,0.2734431599824778,0.36046518873320926,0.5484052340553962,0.8976377438330313,0.8818898228080507,0.5118110524764894,0.12200222574833644,1.0,11.314900398254396,0.5808045864105225,1.0683419704437256,1.7972300052642822,1.8183310031890867,2.503118991851806,8.5170316696167,11.331049919128418,3.396514892578125,0.6607787013053894,1.0,0.6548273599832554,0.1805555493790953,0.12121216629636275,0.2734431599824778,0.30938118,0.5484052340553962,0.8976377438330313,0.38923178,0.5118110524764894,0.12200222574833644,N,11.314900398254396,0.5808045864105225,1.0683419704437256,1.7972300052642822,1.1400761866278881,2.503118991851806,8.5170316696167,5.001083599363823,3.396514892578125,0.6607787013053894,N,0.02892899513244629,Y,1.0,Y
0,0.6548273599832554,0.1805555493790953,0.12121216629636275,0.2734431599824778,0.36046518873320926,0.5484052340553962,0.8976377438330313,0.8818898228080507,0.5118110524764894,0.12200222574833644,1.0,11.314900398254396,0.5808045864105225,1.0683419704437256,1.7972300052642822,1.8183310031890867,2.503118991851806,8.5170316696167,11.331049919128418,3.396514892578125,0.6607787013053894,1.0,0.6548273599832554,0.1805555493790953,0.12121216629636275,0.2734431599824778,0.07692848,0.5484052340553962,0.8976377438330313,0.8818898228080507,0.5118110524764894,0.12200222574833644,N,11.314900398254396,0.5808045864105225,1.0683419704437256,1.7972300052642822,-1.946254884628868,2.503118991851806,8.5170316696167,11.331049919128418,3.396514892578125,0.6607787013053894,N,0.027843713760375977,Y,1.0,Y
0,0.6548273599832554,0.1805555493790953,0.12121216629636275,0.2734431599824778,0.36046518873320926,0.5484052340553962,0.8976377438330313,0.8818898228080507,0.5118110524764894,0.12200222574833644,1.0,11.314900398254396,0.5808045864105225,1.0683419704437256,1.7972300052642822,1.8183310031890867,2.503118991851806,8.5170316696167,11.331049919128418,3.396514892578125,0.6607787013053894,1.0,0.6548273599832554,0.1805555493790953,0.12121216629636275,0.2734431599824778,0.36046518873320926,0.325448567,0.8976377438330313,0.8818898228080507,0.5118110524764894,0.12200222574833644,N,11.314900398254396,0.5808045864105225,1.0683419704437256,1.7972300052642822,1.8183310031890867,1.4854644674058053,8.5170316696167,11.331049919128418,3.396514892578125,0.6607787013053894,N,0.02706003189086914,Y,1.0,Y
0,0.6548273599832554,0.1805555493790953,0.12121216629636275,0.2734431599824778,0.36046518873320926,0.5484052340553962,0.8976377438330313,0.8818898228080507,0.5118110524764894,0.12200222574833644,1.0,11.314900398254396,0.5808045864105225,1.0683419704437256,1.7972300052642822,1.8183310031890867,2.503118991851806,8.5170316696167,11.331049919128418,3.396514892578125,0.6607787013053894,1.0,0.6548273599832554,0.1805555493790953,0.12121216629636275,0.2734431599824778,0.36046518873320926,0.5484052340553962,0.6097508,0.8818898228080507,0.5118110524764894,0.12200222574833644,N,11.314900398254396,0.5808045864105225,1.0683419704437256,1.7972300052642822,1.8183310031890867,2.503118991851806,5.785481849279404,11.331049919128418,3.396514892578125,0.6607787013053894,N,0.02675604820251465,Y,1.0,Y
0,0.43421725686214574,0.19999996664711447,0.36363639068690856,0.30350755405542856,0.5387597451156916,0.12308555427998098,0.9409448522113643,0.7362202059359296,0.2598424539138844,0.1649470036652082,1.0,9.739816665649414,0.6433526873588562,3.2050249576568604,1.994830965995789,4.185591220855712,0.5618067979812622,8.92794132232666,9.459399223327637,1.72438395023346,0.8933727741241455,1.0,0.3177277,0.19999996664711447,0.36363639068690856,0.26301073,0.5387597451156916,0.12308555427998098,0.9409448522113643,0.7362202059359296,0.2598424539138844,0.1649470036652082,N,8.908119461232614,0.6433526873588562,3.2050249576568604,1.7286619116483026,4.185591220855712,0.5618067979812622,8.92794132232666,9.459399223327637,1.72438395023346,0.8933727741241455,N,0.028564929962158203,Y,1.0,Y
0,0.43421725686214574,0.19999996664711447,0.36363639068690856,0.30350755405542856,0.5387597451156916,0.12308555427998098,0.9409448522113643,0.7362202059359296,0.2598424539138844,0.1649470036652082,1.0,9.739816665649414,0.6433526873588562,3.2050249576568604,1.994830965995789,4.185591220855712,0.5618067979812622,8.92794132232666,9.459399223327637,1.72438395023346,0.8933727741241455,1.0,0.2688609,0.19999996664711447,0.79696338,0.30350755405542856,0.5387597451156916,0.12308555427998098,0.9409448522113643,0.7362202059359296,0.2598424539138844,0.1649470036652082,N,8.559226547193195,0.6433526873588562,7.024290166376152,1.994830965995789,4.185591220855712,0.5618067979812622,8.92794132232666,9.459399223327637,1.72438395023346,0.8933727741241455,N,0.03007674217224121,Y,1.0,Y
0,0.43421725686214574,0.19999996664711447,0.36363639068690856,0.30350755405542856,0.5387597451156916,0.12308555427998098,0.9409448522113643,0.7362202059359296,0.2598424539138844,0.1649470036652082,1.0,9.739816665649414,0.6433526873588562,3.2050249576568604,1.994830965995789,4.185591220855712,0.5618067979812622,8.92794132232666,9.459399223327637,1.72438395023346,0.8933727741241455,1.0,0.43421725686214574,0.19999996664711447,0.36363639068690856,0.30350755405542856,0.5387597451156916,0.12308555427998098,0.1147867,0.7362202059359296,0.2598424539138844,0.93661691,N,9.739816665649414,0.6433526873588562,3.2050249576568604,1.994830965995789,4.185591220855712,0.5618067979812622,1.0891275081372263,9.459399223327637,1.72438395023346,5.072829627609526,N,0.02999711036682129,Y,1.0,Y
0,0.43421725686214574,0.19999996664711447,0.36363639068690856,0.30350755405542856,0.5387597451156916,0.12308555427998098,0.9409448522113643,0.7362202059359296,0.2598424539138844,0.1649470036652082,1.0,9.739816665649414,0.6433526873588562,3.2050249576568604,1.994830965995789,4.185591220855712,0.5618067979812622,8.92794132232666,9.459399223327637,1.72438395023346,0.8933727741241455,1.0,0.6642837,0.19999996664711447,0.36363639068690856,0.30350755405542856,0.5387597451156916,0.12308555427998098,0.9409448522113643,0.7362202059359296,0.2598424539138844,0.1649470036652082,N,11.382415562426996,0.6433526873588562,3.2050249576568604,1.994830965995789,4.185591220855712,0.5618067979812622,8.92794132232666,9.459399223327637,1.72438395023346,0.8933727741241455,N,0.028467893600463867,Y,1.0,Y
0,0.43421725686214574,0.19999996664711447,0.36363639068690856,0.30350755405542856,0.5387597451156916,0.12308555427998098,0.9409448522113643,0.7362202059359296,0.2598424539138844,0.1649470036652082,1.0,9.739816665649414,0.6433526873588562,3.2050249576568604,1.994830965995789,4.185591220855712,0.5618067979812622,8.92794132232666,9.459399223327637,1.72438395023346,0.8933727741241455,1.0,0.43421725686214574,0.19999996664711447,0.51433224,0.30350755405542856,0.5387597451156916,0.12308555427998098,0.9409448522113643,0.7362202059359296,0.2598424539138844,0.84924686,N,9.739816665649414,0.6433526873588562,4.533230743528289,1.994830965995789,4.185591220855712,0.5618067979812622,8.92794132232666,9.459399223327637,1.72438395023346,4.599622947830783,N,0.02698206901550293,Y,1.0,Y
0,0.3016509676065088,0.2499999629412383,0.30303032106399963,0.12884752754009401,0.2622739412838795,0.11690317030947152,0.9685039211793942,0.803148937698911,0.30708664585653733,0.17331288478589507,0.0,8.793336868286133,0.8041908740997314,2.670854091644287,0.8468620777130127,0.5146219134330752,0.533588171005249,9.18942928314209,10.319339752197266,2.037909030914306,0.9386833906173706,0.0,0.3016509676065088,0.736,0.30303032106399963,0.12884752754009401,0.2622739412838795,0.11690317030947152,0.9685039211793942,0.14723978,0.30708664585653733,0.17331288478589507,Y,8.793336868286133,2.367538284301758,2.670854091644287,0.8468620777130127,0.5146219134330752,0.533588171005249,9.18942928314209,1.8918250943741988,2.037909030914306,0.9386833906173706,Y,0.02898383140563965,Y,0.0,N
0,0.3016509676065088,0.2499999629412383,0.30303032106399963,0.12884752754009401,0.2622739412838795,0.11690317030947152,0.9685039211793942,0.803148937698911,0.30708664585653733,0.17331288478589507,0.0,8.793336868286133,0.8041908740997314,2.670854091644287,0.8468620777130127,0.5146219134330752,0.533588171005249,9.18942928314209,10.319339752197266,2.037909030914306,0.9386833906173706,0.0,0.3016509676065088,0.2499999629412383,0.30303032106399963,0.12884752754009401,0.2622739412838795,0.245482234,0.9685039211793942,0.14002601,0.30708664585653733,0.17331288478589507,Y,8.793336868286133,0.8041908740997314,2.670854091644287,0.8468620777130127,0.5146219134330752,1.1204693243783654,9.18942928314209,1.7991382463563348,2.037909030914306,0.9386833906173706,Y,0.026519060134887695,Y,0.0,N
0,0.3016509676065088,0.2499999629412383,0.30303032106399963,0.12884752754009401,0.2622739412838795,0.11690317030947152,0.9685039211793942,0.803148937698911,0.30708664585653733,0.17331288478589507,0.0,8.793336868286133,0.8041908740997314,2.670854091644287,0.8468620777130127,0.5146219134330752,0.533588171005249,9.18942928314209,10.319339752197266,2.037909030914306,0.9386833906173706,0.0,0.3016509676065088,0.262,0.30303032106399963,0.12884752754009401,0.2622739412838795,0.948368766,0.9685039211793942,0.803148937698911,0.30708664585653733,0.17331288478589507,Y,8.793336868286133,0.842792160987854,2.670854091644287,0.8468620777130127,0.5146219134330752,4.328696595214969,9.18942928314209,10.319339752197266,2.037909030914306,0.9386833906173706,Y,0.02683281898498535,Y,0.0,N
0,0.3016509676065088,0.2499999629412383,0.30303032106399963,0.12884752754009401,0.2622739412838795,0.11690317030947152,0.9685039211793942,0.803148937698911,0.30708664585653733,0.17331288478589507,0.0,8.793336868286133,0.8041908740997314,2.670854091644287,0.8468620777130127,0.5146219134330752,0.533588171005249,9.18942928314209,10.319339752197266,2.037909030914306,0.9386833906173706,0.0,0.3016509676065088,0.2499999629412383,0.30303032106399963,0.12884752754009401,0.2622739412838795,0.11690317030947152,0.9685039211793942,0.25658334,0.30708664585653733,0.17331288478589507,Y,8.793336868286133,0.8041908740997314,2.670854091644287,0.8468620777130127,0.5146219134330752,0.533588171005249,9.18942928314209,3.2967368017688368,2.037909030914306,0.9386833906173706,Y,0.02749919891357422,Y,0.0,N
0,0.3016509676065088,0.2499999629412383,0.30303032106399963,0.12884752754009401,0.2622739412838795,0.11690317030947152,0.9685039211793942,0.803148937698911,0.30708664585653733,0.17331288478589507,0.0,8.793336868286133,0.8041908740997314,2.670854091644287,0.8468620777130127,0.5146219134330752,0.533588171005249,9.18942928314209,10.319339752197266,2.037909030914306,0.9386833906173706,0.0,0.3016509676065088,0.2499999629412383,0.30303032106399963,0.12884752754009401,0.2622739412838795,0.808618835,0.9685039211793942,0.803148937698911,0.6871675,0.17331288478589507,Y,8.793336868286133,0.8041908740997314,2.670854091644287,0.8468620777130127,0.5146219134330752,3.690827580345676,9.18942928314209,10.319339752197266,4.5602271309936055,0.9386833906173706,Y,0.02826213836669922,Y,0.0,N
0,0.6728364706631152,0.7805555790261046,0.16666669822563573,0.18468150329787553,0.3165374740107054,0.3342700605516604,0.7480315202014237,0.9488185545710323,0.7519685087460816,0.12716118173757684,0.0,11.443479537963867,2.5108630657196045,1.4689699411392212,1.2138359546661377,1.2350920438766482,1.5257289409637451,7.097527027130127,12.190990447998049,4.990263938903809,0.6887202262878418,0.0,0.6728364706631152,0.7805555790261046,0.16666669822563573,0.52853398,0.3165374740107054,0.51941114,0.7480315202014237,0.9488185545710323,0.7519685087460816,0.12716118173757684,Y,11.443479537963867,2.5108630657196045,1.4689699411392212,3.473837589203625,1.2350920438766482,2.370779504599085,7.097527027130127,12.190990447998049,4.990263938903809,0.6887202262878418,Y,0.026877164840698242,Y,0.0,N
0,0.6728364706631152,0.7805555790261046,0.16666669822563573,0.18468150329787553,0.3165374740107054,0.3342700605516604,0.7480315202014237,0.9488185545710323,0.7519685087460816,0.12716118173757684,0.0,11.443479537963867,2.5108630657196045,1.4689699411392212,1.2138359546661377,1.2350920438766482,1.5257289409637451,7.097527027130127,12.190990447998049,4.990263938903809,0.6887202262878418,0.0,0.6728364706631152,0.7805555790261046,0.16666669822563573,0.6828783,0.3165374740107054,0.539954829,0.7480315202014237,0.9488185545710323,0.7519685087460816,0.12716118173757684,Y,11.443479537963867,2.5108630657196045,1.4689699411392212,4.488279651180554,1.2350920438766482,2.464548299835278,7.097527027130127,12.190990447998049,4.990263938903809,0.6887202262878418,Y,0.02742910385131836,Y,0.0,N
0,0.6728364706631152,0.7805555790261046,0.16666669822563573,0.18468150329787553,0.3165374740107054,0.3342700605516604,0.7480315202014237,0.9488185545710323,0.7519685087460816,0.12716118173757684,0.0,11.443479537963867,2.5108630657196045,1.4689699411392212,1.2138359546661377,1.2350920438766482,1.5257289409637451,7.097527027130127,12.190990447998049,4.990263938903809,0.6887202262878418,0.0,0.6728364706631152,0.7805555790261046,0.16666669822563573,0.18468150329787553,0.3165374740107054,0.166591694,0.7480315202014237,0.9488185545710323,0.9978878,0.12716118173757684,Y,11.443479537963867,2.5108630657196045,1.4689699411392212,1.2138359546661377,1.2350920438766482,0.7603844880409041,7.097527027130127,12.190990447998049,6.622250061662579,0.6887202262878418,Y,0.027682065963745117,Y,0.0,N
0,0.6728364706631152,0.7805555790261046,0.16666669822563573,0.18468150329787553,0.3165374740107054,0.3342700605516604,0.7480315202014237,0.9488185545710323,0.7519685087460816,0.12716118173757684,0.0,11.443479537963867,2.5108630657196045,1.4689699411392212,1.2138359546661377,1.2350920438766482,1.5257289409637451,7.097527027130127,12.190990447998049,4.990263938903809,0.6887202262878418,0.0,0.6728364706631152,0.7805555790261046,0.59731015,0.18468150329787553,0.3165374740107054,0.3342700605516604,0.7480315202014237,0.9488185545710323,0.7519685087460816,0.14450978,Y,11.443479537963867,2.5108630657196045,5.264582938455296,1.2138359546661377,1.2350920438766482,1.5257289409637451,7.097527027130127,12.190990447998049,4.990263938903809,0.7826823172169018,Y,0.029128313064575195,Y,0.0,N
0,0.6728364706631152,0.7805555790261046,0.16666669822563573,0.18468150329787553,0.3165374740107054,0.3342700605516604,0.7480315202014237,0.9488185545710323,0.7519685087460816,0.12716118173757684,0.0,11.443479537963867,2.5108630657196045,1.4689699411392212,1.2138359546661377,1.2350920438766482,1.5257289409637451,7.097527027130127,12.190990447998049,4.990263938903809,0.6887202262878418,0.0,0.6728364706631152,0.7805555790261046,0.16666669822563573,0.18468150329787553,0.3165374740107054,0.3342700605516604,0.885411,0.9488185545710323,0.7519685087460816,0.12716118173757684,Y,11.443479537963867,2.5108630657196045,1.4689699411392212,1.2138359546661377,1.2350920438766482,1.5257289409637451,8.401020990300179,12.190990447998049,4.990263938903809,0.6887202262878418,Y,0.028563976287841797,Y,0.0,N
0,0.6373195524176657,0.29722221975163815,0.2121212436801812,0.236936238992632,0.34625328129294236,0.0379373217551697,0.956692891621667,0.8740158456331134,0.41338586665867655,0.24010030174072516,1.0,11.189900398254396,0.956093728542328,1.8695980310440063,1.557284951210022,1.62963604927063,0.1731595993041992,9.077363014221191,11.229880332946776,2.7433390617370605,1.3004120588302612,1.0,0.6373195524176657,0.29722221975163815,0.2121212436801812,0.3494205,0.34625328129294236,0.923103845,0.956692891621667,0.8740158456331134,0.41338586665867655,0.24010030174072516,Y,11.189900398254396,0.956093728542328,1.8695980310440063,2.2965979733948716,1.62963604927063,4.213378396818001,9.077363014221191,11.229880332946776,2.7433390617370605,1.3004120588302612,Y,0.029690265655517578,N,1.0,N
0,0.6373195524176657,0.29722221975163815,0.2121212436801812,0.236936238992632,0.34625328129294236,0.0379373217551697,0.956692891621667,0.8740158456331134,0.41338586665867655,0.24010030174072516,1.0,11.189900398254396,0.956093728542328,1.8695980310440063,1.557284951210022,1.62963604927063,0.1731595993041992,9.077363014221191,11.229880332946776,2.7433390617370605,1.3004120588302612,1.0,0.6373195524176657,0.29722221975163815,0.2121212436801812,0.34139171,0.34625328129294236,0.0379373217551697,0.956692891621667,0.8740158456331134,0.41338586665867655,0.56923657,Y,11.189900398254396,0.956093728542328,1.8695980310440063,2.2438280218813995,1.62963604927063,0.1731595993041992,9.077363014221191,11.229880332946776,2.7433390617370605,3.083053601300903,Y,0.029592037200927734,N,1.0,N
0,0.6373195524176657,0.29722221975163815,0.2121212436801812,0.236936238992632,0.34625328129294236,0.0379373217551697,0.956692891621667,0.8740158456331134,0.41338586665867655,0.24010030174072516,1.0,11.189900398254396,0.956093728542328,1.8695980310440063,1.557284951210022,1.62963604927063,0.1731595993041992,9.077363014221191,11.229880332946776,2.7433390617370605,1.3004120588302612,1.0,0.4451595,0.671,0.2121212436801812,0.236936238992632,0.34625328129294236,0.0379373217551697,0.956692891621667,0.8740158456331134,0.41338586665867655,0.24010030174072516,Y,9.817940690437078,2.1584486260414124,1.8695980310440063,1.557284951210022,1.62963604927063,0.1731595993041992,9.077363014221191,11.229880332946776,2.7433390617370605,1.3004120588302612,Y,0.028097152709960938,N,1.0,N
0,0.6373195524176657,0.29722221975163815,0.2121212436801812,0.236936238992632,0.34625328129294236,0.0379373217551697,0.956692891621667,0.8740158456331134,0.41338586665867655,0.24010030174072516,1.0,11.189900398254396,0.956093728542328,1.8695980310440063,1.557284951210022,1.62963604927063,0.1731595993041992,9.077363014221191,11.229880332946776,2.7433390617370605,1.3004120588302612,1.0,0.6373195524176657,0.29722221975163815,0.2121212436801812,0.236936238992632,0.16248047,0.371986339,0.956692891621667,0.8740158456331134,0.41338586665867655,0.24010030174072516,Y,11.189900398254396,0.956093728542328,1.8695980310440063,1.557284951210022,-0.8103602921167257,1.6978796190086474,9.077363014221191,11.229880332946776,2.7433390617370605,1.3004120588302612,Y,0.027169227600097656,N,1.0,N
0,0.6373195524176657,0.29722221975163815,0.2121212436801812,0.236936238992632,0.34625328129294236,0.0379373217551697,0.956692891621667,0.8740158456331134,0.41338586665867655,0.24010030174072516,1.0,11.189900398254396,0.956093728542328,1.8695980310440063,1.557284951210022,1.62963604927063,0.1731595993041992,9.077363014221191,11.229880332946776,2.7433390617370605,1.3004120588302612,1.0,0.6373195524176657,0.29722221975163815,0.2121212436801812,0.236936238992632,0.34625328129294236,0.884849385,0.956692891621667,0.8740158456331134,0.41338586665867655,0.54944103,Y,11.189900398254396,0.956093728542328,1.8695980310440063,1.557284951210022,1.62963604927063,4.0387712643496725,9.077363014221191,11.229880332946776,2.7433390617370605,2.9758385801600507,Y,0.02981090545654297,N,1.0,N
0,0.6528272233370825,0.11944444691502856,0.16666669822563573,0.2147459155081624,0.2596899542358566,0.39960650979711265,0.8740157852284234,0.8543303831278788,0.5039370534187725,0.18697721084090252,0.0,11.300620079040527,0.3842245936393738,1.4689699411392212,1.4114370346069336,0.4803136885166168,1.8239480257034304,8.292900085449219,10.97694969177246,3.344260931015014,1.0126910209655762,0.0,0.6528272233370825,0.11944444691502856,0.16666669822563573,0.2147459155081624,0.2596899542358566,0.39960650979711265,0.8740157852284234,0.00529509,0.9748098,0.18697721084090252,Y,11.300620079040527,0.3842245936393738,1.4689699411392212,1.4114370346069336,0.4803136885166168,1.8239480257034304,8.292900085449219,0.06803449542623519,6.469098287562275,1.0126910209655762,Y,0.026765108108520508,Y,0.0,N
0,0.6528272233370825,0.11944444691502856,0.16666669822563573,0.2147459155081624,0.2596899542358566,0.39960650979711265,0.8740157852284234,0.8543303831278788,0.5039370534187725,0.18697721084090252,0.0,11.300620079040527,0.3842245936393738,1.4689699411392212,1.4114370346069336,0.4803136885166168,1.8239480257034304,8.292900085449219,10.97694969177246,3.344260931015014,1.0126910209655762,0.0,0.6528272233370825,0.11944444691502856,0.38340719,0.52357176,0.2596899542358566,0.39960650979711265,0.8740157852284234,0.8543303831278788,0.5039370534187725,0.18697721084090252,Y,11.300620079040527,0.3842245936393738,3.379281184080143,3.441222947545396,0.4803136885166168,1.8239480257034304,8.292900085449219,10.97694969177246,3.344260931015014,1.0126910209655762,Y,0.027627944946289062,Y,0.0,N
0,0.6528272233370825,0.11944444691502856,0.16666669822563573,0.2147459155081624,0.2596899542358566,0.39960650979711265,0.8740157852284234,0.8543303831278788,0.5039370534187725,0.18697721084090252,0.0,11.300620079040527,0.3842245936393738,1.4689699411392212,1.4114370346069336,0.4803136885166168,1.8239480257034304,8.292900085449219,10.97694969177246,3.344260931015014,1.0126910209655762,0.0,0.6528272233370825,0.11944444691502856,0.58773287,0.2147459155081624,0.2596899542358566,0.39960650979711265,0.8740157852284234,0.8543303831278788,0.5039370534187725,0.18697721084090252,Y,11.300620079040527,0.3842245936393738,5.180170535811863,1.4114370346069336,0.4803136885166168,1.8239480257034304,8.292900085449219,10.97694969177246,3.344260931015014,1.0126910209655762,Y,0.027688980102539062,Y,0.0,N
0,0.6528272233370825,0.11944444691502856,0.16666669822563573,0.2147459155081624,0.2596899542358566,0.39960650979711265,0.8740157852284234,0.8543303831278788,0.5039370534187725,0.18697721084090252,0.0,11.300620079040527,0.3842245936393738,1.4689699411392212,1.4114370346069336,0.4803136885166168,1.8239480257034304,8.292900085449219,10.97694969177246,3.344260931015014,1.0126910209655762,0.0,0.6528272233370825,0.11944444691502856,0.16666669822563573,0.70399291,0.2596899542358566,0.541329116,0.8740157852284234,0.8543303831278788,0.5039370534187725,0.18697721084090252,Y,11.300620079040527,0.3842245936393738,1.4689699411392212,4.627057343202124,0.4803136885166168,2.470821040641409,8.292900085449219,10.97694969177246,3.344260931015014,1.0126910209655762,Y,0.02950906753540039,Y,0.0,N
0,0.6528272233370825,0.11944444691502856,0.16666669822563573,0.2147459155081624,0.2596899542358566,0.39960650979711265,0.8740157852284234,0.8543303831278788,0.5039370534187725,0.18697721084090252,0.0,11.300620079040527,0.3842245936393738,1.4689699411392212,1.4114370346069336,0.4803136885166168,1.8239480257034304,8.292900085449219,10.97694969177246,3.344260931015014,1.0126910209655762,0.0,0.6528272233370825,0.11944444691502856,0.16666669822563573,0.2147459155081624,0.2596899542358566,0.39960650979711265,0.8740157852284234,0.99183419,0.5039370534187725,0.18697721084090252,Y,11.300620079040527,0.3842245936393738,1.4689699411392212,1.4114370346069336,0.4803136885166168,1.8239480257034304,8.292900085449219,12.743681158042392,3.344260931015014,1.0126910209655762,Y,0.029349088668823242,Y,0.0,N
0,0.5827917187076425,0.1638888715948001,0.4545454545454546,0.13600572653743304,0.34883724813941475,0.29956442941752837,0.8897637241278799,0.6417321087167609,0.19291342599668138,0.3848299152690773,0.0,10.800589561462402,0.5271918177604675,4.006280899047852,0.8939099907875061,1.663944005966186,1.367319941520691,8.442320823669434,8.245359420776367,1.2802250385284424,2.084285020828247,0.0,0.5827917187076425,0.1638888715948001,0.70678792,0.13600572653743304,0.34883724813941475,0.29956442941752837,0.8897637241278799,0.54714442,0.19291342599668138,0.3848299152690773,Y,10.800589561462402,0.5271918177604675,6.229500075862274,0.8939099907875061,1.663944005966186,1.367319941520691,8.442320823669434,7.030040006870536,1.2802250385284424,2.084285020828247,Y,0.027940988540649414,Y,0.0,N
0,0.5827917187076425,0.1638888715948001,0.4545454545454546,0.13600572653743304,0.34883724813941475,0.29956442941752837,0.8897637241278799,0.6417321087167609,0.19291342599668138,0.3848299152690773,0.0,10.800589561462402,0.5271918177604675,4.006280899047852,0.8939099907875061,1.663944005966186,1.367319941520691,8.442320823669434,8.245359420776367,1.2802250385284424,2.084285020828247,0.0,0.5827917187076425,0.1638888715948001,0.4545454545454546,0.13600572653743304,0.34883724813941475,0.29956442941752837,0.8897637241278799,0.20226799,0.19291342599668138,0.3848299152690773,Y,10.800589561462402,0.5271918177604675,4.006280899047852,0.8939099907875061,1.663944005966186,1.367319941520691,8.442320823669434,2.5988605747076607,1.2802250385284424,2.084285020828247,Y,0.02783513069152832,Y,0.0,N
0,0.5827917187076425,0.1638888715948001,0.4545454545454546,0.13600572653743304,0.34883724813941475,0.29956442941752837,0.8897637241278799,0.6417321087167609,0.19291342599668138,0.3848299152690773,0.0,10.800589561462402,0.5271918177604675,4.006280899047852,0.8939099907875061,1.663944005966186,1.367319941520691,8.442320823669434,8.245359420776367,1.2802250385284424,2.084285020828247,0.0,0.5827917187076425,0.1638888715948001,0.68365126,0.13600572653743304,0.34883724813941475,0.29956442941752837,0.8897637241278799,0.84792069,0.19291342599668138,0.3848299152690773,Y,10.800589561462402,0.5271918177604675,6.025577766005592,0.8939099907875061,1.663944005966186,1.367319941520691,8.442320823669434,10.894594106165371,1.2802250385284424,2.084285020828247,Y,0.02672100067138672,Y,0.0,N
0,0.5827917187076425,0.1638888715948001,0.4545454545454546,0.13600572653743304,0.34883724813941475,0.29956442941752837,0.8897637241278799,0.6417321087167609,0.19291342599668138,0.3848299152690773,0.0,10.800589561462402,0.5271918177604675,4.006280899047852,0.8939099907875061,1.663944005966186,1.367319941520691,8.442320823669434,8.245359420776367,1.2802250385284424,2.084285020828247,0.0,0.5827917187076425,0.545,0.4545454545454546,0.40146358,0.34883724813941475,0.29956442941752837,0.8897637241278799,0.6417321087167609,0.19291342599668138,0.3848299152690773,Y,10.800589561462402,1.7531363654136658,4.006280899047852,2.6386558436607173,1.663944005966186,1.367319941520691,8.442320823669434,8.245359420776367,1.2802250385284424,2.084285020828247,Y,0.026553869247436523,Y,0.0,N
0,0.5827917187076425,0.1638888715948001,0.4545454545454546,0.13600572653743304,0.34883724813941475,0.29956442941752837,0.8897637241278799,0.6417321087167609,0.19291342599668138,0.3848299152690773,0.0,10.800589561462402,0.5271918177604675,4.006280899047852,0.8939099907875061,1.663944005966186,1.367319941520691,8.442320823669434,8.245359420776367,1.2802250385284424,2.084285020828247,0.0,0.5827917187076425,0.1638888715948001,0.4545454545454546,0.13600572653743304,0.34883724813941475,0.29956442941752837,0.8897637241278799,0.20860886,0.19291342599668138,0.3848299152690773,Y,10.800589561462402,0.5271918177604675,4.006280899047852,0.8939099907875061,1.663944005966186,1.367319941520691,8.442320823669434,2.680331879447212,1.2802250385284424,2.084285020828247,Y,0.02690601348876953,Y,0.0,N
0,0.6468241419191386,0.11111110802288097,0.12121216629636275,0.15175376795904616,0.2067183791191747,0.680904836809509,0.8700786748650013,0.8779524631006594,0.5393701030684126,0.29447851802014485,0.0,11.257760047912598,0.3574182093143463,1.0683419704437256,0.9974154233932495,-0.22300280630588523,3.107894897460937,8.25554370880127,11.280460357666016,3.5794041156768794,1.5949310064315798,0.0,0.6468241419191386,0.95,0.12121216629636275,0.15175376795904616,0.2067183791191747,0.680904836809509,0.0182063,0.8779524631006594,0.5393701030684126,0.29447851802014485,Y,11.257760047912598,3.0559257745742796,1.0683419704437256,0.9974154233932495,-0.22300280630588523,3.107894897460937,0.17274633865594866,11.280460357666016,3.5794041156768794,1.5949310064315798,Y,0.028851032257080078,Y,0.0,N
0,0.6468241419191386,0.11111110802288097,0.12121216629636275,0.15175376795904616,0.2067183791191747,0.680904836809509,0.8700786748650013,0.8779524631006594,0.5393701030684126,0.29447851802014485,0.0,11.257760047912598,0.3574182093143463,1.0683419704437256,0.9974154233932495,-0.22300280630588523,3.107894897460937,8.25554370880127,11.280460357666016,3.5794041156768794,1.5949310064315798,0.0,0.2901551,0.11111110802288097,0.12121216629636275,0.15175376795904616,0.2067183791191747,0.680904836809509,0.8700786748650013,0.8779524631006594,0.5393701030684126,0.29447851802014485,Y,8.711260146490432,0.3574182093143463,1.0683419704437256,0.9974154233932495,-0.22300280630588523,3.107894897460937,8.25554370880127,11.280460357666016,3.5794041156768794,1.5949310064315798,Y,0.02881002426147461,Y,0.0,N
0,0.6468241419191386,0.11111110802288097,0.12121216629636275,0.15175376795904616,0.2067183791191747,0.680904836809509,0.8700786748650013,0.8779524631006594,0.5393701030684126,0.29447851802014485,0.0,11.257760047912598,0.3574182093143463,1.0683419704437256,0.9974154233932495,-0.22300280630588523,3.107894897460937,8.25554370880127,11.280460357666016,3.5794041156768794,1.5949310064315798,0.0,0.0243501,0.11111110802288097,0.12121216629636275,0.15175376795904616,0.2067183791191747,0.680904836809509,0.8700786748650013,0.8779524631006594,0.5393701030684126,0.29447851802014485,Y,6.813499683021402,0.3574182093143463,1.0683419704437256,0.9974154233932495,-0.22300280630588523,3.107894897460937,8.25554370880127,11.280460357666016,3.5794041156768794,1.5949310064315798,Y,0.028828144073486328,Y,0.0,N
0,0.6468241419191386,0.11111110802288097,0.12121216629636275,0.15175376795904616,0.2067183791191747,0.680904836809509,0.8700786748650013,0.8779524631006594,0.5393701030684126,0.29447851802014485,0.0,11.257760047912598,0.3574182093143463,1.0683419704437256,0.9974154233932495,-0.22300280630588523,3.107894897460937,8.25554370880127,11.280460357666016,3.5794041156768794,1.5949310064315798,0.0,0.6468241419191386,0.616,0.12121216629636275,0.15175376795904616,0.2067183791191747,0.680904836809509,0.8700786748650013,0.8779524631006594,0.5393701030684126,0.7407071,Y,11.257760047912598,1.9815266075134277,1.0683419704437256,0.9974154233932495,-0.22300280630588523,3.107894897460937,8.25554370880127,11.280460357666016,3.5794041156768794,4.011758577218867,Y,0.027650117874145508,Y,0.0,N
0,0.6468241419191386,0.11111110802288097,0.12121216629636275,0.15175376795904616,0.2067183791191747,0.680904836809509,0.8700786748650013,0.8779524631006594,0.5393701030684126,0.29447851802014485,0.0,11.257760047912598,0.3574182093143463,1.0683419704437256,0.9974154233932495,-0.22300280630588523,3.107894897460937,8.25554370880127,11.280460357666016,3.5794041156768794,1.5949310064315798,0.0,0.6468241419191386,0.11111110802288097,0.12121216629636275,0.15175376795904616,0.2067183791191747,0.680904836809509,0.3823941,0.8779524631006594,0.4613012,0.29447851802014485,Y,11.257760047912598,0.3574182093143463,1.0683419704437256,0.9974154233932495,-0.22300280630588523,3.107894897460937,3.6282594870257383,11.280460357666016,3.0613180160585407,1.5949310064315798,Y,0.02869892120361328,Y,0.0,N
