,scaled_input_x1,scaled_input_x5,scaled_input_x6,scaled_input_x7,scaled_input_x8,scaled_input_x9,scaled_input_x10,scaled_input_x11,scaled_input_x12,scaled_input_x13,scaled_input_x14,scaled_input_x15,scaled_input_x16,scaled_input_x17,scaled_input_x18,scaled_input_x19,scaled_input_x20,scaled_input_x21,scaled_input_x22,scaled_input_x23,scaled_input_target,origin_input_x1,origin_input_x5,origin_input_x6,origin_input_x7,origin_input_x8,origin_input_x9,origin_input_x10,origin_input_x11,origin_input_x12,origin_input_x13,origin_input_x14,origin_input_x15,origin_input_x16,origin_input_x17,origin_input_x18,origin_input_x19,origin_input_x20,origin_input_x21,origin_input_x22,origin_input_x23,origin_input_target,running_time,Found,ground_truth,prediction,scaled_cf_x1,scaled_cf_x5,scaled_cf_x6,scaled_cf_x7,scaled_cf_x8,scaled_cf_x9,scaled_cf_x10,scaled_cf_x11,scaled_cf_x12,scaled_cf_x13,scaled_cf_x14,scaled_cf_x15,scaled_cf_x16,scaled_cf_x17,scaled_cf_x18,scaled_cf_x19,scaled_cf_x20,scaled_cf_x21,scaled_cf_x22,scaled_cf_x23,scaled_cf_target,origin_cf_x1,origin_cf_x5,origin_cf_x6,origin_cf_x7,origin_cf_x8,origin_cf_x9,origin_cf_x10,origin_cf_x11,origin_cf_x12,origin_cf_x13,origin_cf_x14,origin_cf_x15,origin_cf_x16,origin_cf_x17,origin_cf_x18,origin_cf_x19,origin_cf_x20,origin_cf_x21,origin_cf_x22,origin_cf_x23,origin_cf_target
0,0.12162162162162163,0.3148148148148149,0.2,0.2222222222222222,0.2,0.4,0.2,0.2,0.15180644891149256,0.2285636062274315,0.20204586491635354,0.22457706626132723,0.20039390847498548,0.44733171041606795,0.012435993486350437,0.017757971885497114,0.00022510225389618473,0.0055723971952884544,0.0060121055527644195,0.005137459189734161,Y,100000.00000000001,38.0,0.0,0.0,0.0,2.0,0.0,0.0,87181.0,84668.0,83898.0,77260.0,68173.0,66681.99999999999,4017.0,7120.999999999999,94.0,2408.0,2513.0,2716.0,Y,0.7053759098052979,N,N,Y,,,,,,,,,,,,,,,,,,,,,,,,,,,,,,,,,,,,,,,,,,
0,0.12162162162162163,0.3148148148148149,0.2,0.2222222222222222,0.2,0.4,0.2,0.2,0.15180644891149256,0.2285636062274315,0.20204586491635354,0.22457706626132723,0.20039390847498548,0.44733171041606795,0.012435993486350437,0.017757971885497114,0.00022510225389618473,0.0055723971952884544,0.0060121055527644195,0.005137459189734161,Y,100000.00000000001,38.0,0.0,0.0,0.0,2.0,0.0,0.0,87181.0,84668.0,83898.0,77260.0,68173.0,66681.99999999999,4017.0,7120.999999999999,94.0,2408.0,2513.0,2716.0,Y,0.64351487159729,N,N,Y,,,,,,,,,,,,,,,,,,,,,,,,,,,,,,,,,,,,,,,,,,
0,0.12162162162162163,0.3148148148148149,0.2,0.2222222222222222,0.2,0.4,0.2,0.2,0.15180644891149256,0.2285636062274315,0.20204586491635354,0.22457706626132723,0.20039390847498548,0.44733171041606795,0.012435993486350437,0.017757971885497114,0.00022510225389618473,0.0055723971952884544,0.0060121055527644195,0.005137459189734161,Y,100000.00000000001,38.0,0.0,0.0,0.0,2.0,0.0,0.0,87181.0,84668.0,83898.0,77260.0,68173.0,66681.99999999999,4017.0,7120.999999999999,94.0,2408.0,2513.0,2716.0,Y,0.6277666091918945,N,N,Y,,,,,,,,,,,,,,,,,,,,,,,,,,,,,,,,,,,,,,,,,,
0,0.12162162162162163,0.3148148148148149,0.2,0.2222222222222222,0.2,0.4,0.2,0.2,0.15180644891149256,0.2285636062274315,0.20204586491635354,0.22457706626132723,0.20039390847498548,0.44733171041606795,0.012435993486350437,0.017757971885497114,0.00022510225389618473,0.0055723971952884544,0.0060121055527644195,0.005137459189734161,Y,100000.00000000001,38.0,0.0,0.0,0.0,2.0,0.0,0.0,87181.0,84668.0,83898.0,77260.0,68173.0,66681.99999999999,4017.0,7120.999999999999,94.0,2408.0,2513.0,2716.0,Y,0.6311941146850586,N,N,Y,,,,,,,,,,,,,,,,,,,,,,,,,,,,,,,,,,,,,,,,,,
0,0.12162162162162163,0.3148148148148149,0.2,0.2222222222222222,0.2,0.4,0.2,0.2,0.15180644891149256,0.2285636062274315,0.20204586491635354,0.22457706626132723,0.20039390847498548,0.44733171041606795,0.012435993486350437,0.017757971885497114,0.00022510225389618473,0.0055723971952884544,0.0060121055527644195,0.005137459189734161,Y,100000.00000000001,38.0,0.0,0.0,0.0,2.0,0.0,0.0,87181.0,84668.0,83898.0,77260.0,68173.0,66681.99999999999,4017.0,7120.999999999999,94.0,2408.0,2513.0,2716.0,Y,0.626866340637207,N,N,Y,,,,,,,,,,,,,,,,,,,,,,,,,,,,,,,,,,,,,,,,,,
0,0.013513513513513513,0.38888888888888884,0.2,0.2222222222222222,0.2,0.2,0.2,0.2,0.0409039813702407,0.13057479429349433,0.10182086017695814,0.13423031499477295,0.11235982927325375,0.3772588993449976,0.004643761570705914,0.0034912457014037303,0.002416257172140962,0.0007104343600305463,0.0028708820785186247,0.0,Y,20000.0,42.0,0.0,0.0,0.0,0.0,0.0,0.0,18317.0,18454.99999999999,19399.0,19962.000000000004,14938.000000000004,3038.999999999997,1500.0,1400.0,1009.0,307.0,1200.0,0.0,Y,0.6274280548095703,N,N,Y,,,,,,,,,,,,,,,,,,,,,,,,,,,,,,,,,,,,,,,,,,
0,0.013513513513513513,0.38888888888888884,0.2,0.2222222222222222,0.2,0.2,0.2,0.2,0.0409039813702407,0.13057479429349433,0.10182086017695814,0.13423031499477295,0.11235982927325375,0.3772588993449976,0.004643761570705914,0.0034912457014037303,0.002416257172140962,0.0007104343600305463,0.0028708820785186247,0.0,Y,20000.0,42.0,0.0,0.0,0.0,0.0,0.0,0.0,18317.0,18454.99999999999,19399.0,19962.000000000004,14938.000000000004,3038.999999999997,1500.0,1400.0,1009.0,307.0,1200.0,0.0,Y,0.6278228759765625,N,N,Y,,,,,,,,,,,,,,,,,,,,,,,,,,,,,,,,,,,,,,,,,,
0,0.013513513513513513,0.38888888888888884,0.2,0.2222222222222222,0.2,0.2,0.2,0.2,0.0409039813702407,0.13057479429349433,0.10182086017695814,0.13423031499477295,0.11235982927325375,0.3772588993449976,0.004643761570705914,0.0034912457014037303,0.002416257172140962,0.0007104343600305463,0.0028708820785186247,0.0,Y,20000.0,42.0,0.0,0.0,0.0,0.0,0.0,0.0,18317.0,18454.99999999999,19399.0,19962.000000000004,14938.000000000004,3038.999999999997,1500.0,1400.0,1009.0,307.0,1200.0,0.0,Y,0.6314737796783447,N,N,Y,,,,,,,,,,,,,,,,,,,,,,,,,,,,,,,,,,,,,,,,,,
0,0.013513513513513513,0.38888888888888884,0.2,0.2222222222222222,0.2,0.2,0.2,0.2,0.0409039813702407,0.13057479429349433,0.10182086017695814,0.13423031499477295,0.11235982927325375,0.3772588993449976,0.004643761570705914,0.0034912457014037303,0.002416257172140962,0.0007104343600305463,0.0028708820785186247,0.0,Y,20000.0,42.0,0.0,0.0,0.0,0.0,0.0,0.0,18317.0,18454.99999999999,19399.0,19962.000000000004,14938.000000000004,3038.999999999997,1500.0,1400.0,1009.0,307.0,1200.0,0.0,Y,0.6322588920593262,N,N,Y,,,,,,,,,,,,,,,,,,,,,,,,,,,,,,,,,,,,,,,,,,
0,0.013513513513513513,0.38888888888888884,0.2,0.2222222222222222,0.2,0.2,0.2,0.2,0.0409039813702407,0.13057479429349433,0.10182086017695814,0.13423031499477295,0.11235982927325375,0.3772588993449976,0.004643761570705914,0.0034912457014037303,0.002416257172140962,0.0007104343600305463,0.0028708820785186247,0.0,Y,20000.0,42.0,0.0,0.0,0.0,0.0,0.0,0.0,18317.0,18454.99999999999,19399.0,19962.000000000004,14938.000000000004,3038.999999999997,1500.0,1400.0,1009.0,307.0,1200.0,0.0,Y,0.6281239986419678,N,N,Y,,,,,,,,,,,,,,,,,,,,,,,,,,,,,,,,,,,,,,,,,,
0,0.02702702702702702,0.16666666666666674,0.2,0.2222222222222222,0.2,0.2,0.2,0.1,0.05843379896995211,0.14868880601432546,0.11727128920878513,0.13992251667846628,0.12301454087833982,0.4054122198843699,0.006194777935321688,0.024984850487402836,0.002919145186164353,0.0023881702265521948,0.0684442211536161,0.00240038133717697,Y,29999.999999999996,30.000000000000004,0.0,0.0,0.0,0.0,0.0,-1.0,29202.0,30695.0,29342.000000000004,23571.999999999996,21381.0,28608.99999999999,2001.0,10019.0,1219.0,1032.0,28608.999999999996,1269.0,Y,0.6321659088134766,N,N,Y,,,,,,,,,,,,,,,,,,,,,,,,,,,,,,,,,,,,,,,,,,
0,0.02702702702702702,0.16666666666666674,0.2,0.2222222222222222,0.2,0.2,0.2,0.1,0.05843379896995211,0.14868880601432546,0.11727128920878513,0.13992251667846628,0.12301454087833982,0.4054122198843699,0.006194777935321688,0.024984850487402836,0.002919145186164353,0.0023881702265521948,0.0684442211536161,0.00240038133717697,Y,29999.999999999996,30.000000000000004,0.0,0.0,0.0,0.0,0.0,-1.0,29202.0,30695.0,29342.000000000004,23571.999999999996,21381.0,28608.99999999999,2001.0,10019.0,1219.0,1032.0,28608.999999999996,1269.0,Y,0.6284909248352051,N,N,Y,,,,,,,,,,,,,,,,,,,,,,,,,,,,,,,,,,,,,,,,,,
0,0.02702702702702702,0.16666666666666674,0.2,0.2222222222222222,0.2,0.2,0.2,0.1,0.05843379896995211,0.14868880601432546,0.11727128920878513,0.13992251667846628,0.12301454087833982,0.4054122198843699,0.006194777935321688,0.024984850487402836,0.002919145186164353,0.0023881702265521948,0.0684442211536161,0.00240038133717697,Y,29999.999999999996,30.000000000000004,0.0,0.0,0.0,0.0,0.0,-1.0,29202.0,30695.0,29342.000000000004,23571.999999999996,21381.0,28608.99999999999,2001.0,10019.0,1219.0,1032.0,28608.999999999996,1269.0,Y,0.629080057144165,N,N,Y,,,,,,,,,,,,,,,,,,,,,,,,,,,,,,,,,,,,,,,,,,
0,0.02702702702702702,0.16666666666666674,0.2,0.2222222222222222,0.2,0.2,0.2,0.1,0.05843379896995211,0.14868880601432546,0.11727128920878513,0.13992251667846628,0.12301454087833982,0.4054122198843699,0.006194777935321688,0.024984850487402836,0.002919145186164353,0.0023881702265521948,0.0684442211536161,0.00240038133717697,Y,29999.999999999996,30.000000000000004,0.0,0.0,0.0,0.0,0.0,-1.0,29202.0,30695.0,29342.000000000004,23571.999999999996,21381.0,28608.99999999999,2001.0,10019.0,1219.0,1032.0,28608.999999999996,1269.0,Y,0.6333003044128418,N,N,Y,,,,,,,,,,,,,,,,,,,,,,,,,,,,,,,,,,,,,,,,,,
0,0.02702702702702702,0.16666666666666674,0.2,0.2222222222222222,0.2,0.2,0.2,0.1,0.05843379896995211,0.14868880601432546,0.11727128920878513,0.13992251667846628,0.12301454087833982,0.4054122198843699,0.006194777935321688,0.024984850487402836,0.002919145186164353,0.0023881702265521948,0.0684442211536161,0.00240038133717697,Y,29999.999999999996,30.000000000000004,0.0,0.0,0.0,0.0,0.0,-1.0,29202.0,30695.0,29342.000000000004,23571.999999999996,21381.0,28608.99999999999,2001.0,10019.0,1219.0,1032.0,28608.999999999996,1269.0,Y,0.6283252239227295,N,N,Y,,,,,,,,,,,,,,,,,,,,,,,,,,,,,,,,,,,,,,,,,,
0,0.06756756756756756,0.2407407407407407,0.1,0.1111111111111111,0.1,0.1,0.1,0.1,0.011930260797304741,0.10374563428639082,0.07218332292220243,0.10326852212468918,0.0884441938188451,0.37427180671209515,0.0010092441813667518,0.0008129614990411543,0.0007806737741505982,0.0011015203758128341,0.0007799229646642264,0.0006166464270446747,Y,59999.99999999999,34.0,-1.0,-1.0,-1.0,-1.0,-1.0,-1.0,326.0000000000004,326.0000000000015,326.0000000000023,326.000000000004,476.0000000000007,326.00000000001785,325.99999999999994,326.0,326.0,476.0,326.0,326.0,Y,0.6291518211364746,N,Y,Y,,,,,,,,,,,,,,,,,,,,,,,,,,,,,,,,,,,,,,,,,,
0,0.06756756756756756,0.2407407407407407,0.1,0.1111111111111111,0.1,0.1,0.1,0.1,0.011930260797304741,0.10374563428639082,0.07218332292220243,0.10326852212468918,0.0884441938188451,0.37427180671209515,0.0010092441813667518,0.0008129614990411543,0.0007806737741505982,0.0011015203758128341,0.0007799229646642264,0.0006166464270446747,Y,59999.99999999999,34.0,-1.0,-1.0,-1.0,-1.0,-1.0,-1.0,326.0000000000004,326.0000000000015,326.0000000000023,326.000000000004,476.0000000000007,326.00000000001785,325.99999999999994,326.0,326.0,476.0,326.0,326.0,Y,0.6329569816589355,N,Y,Y,,,,,,,,,,,,,,,,,,,,,,,,,,,,,,,,,,,,,,,,,,
0,0.06756756756756756,0.2407407407407407,0.1,0.1111111111111111,0.1,0.1,0.1,0.1,0.011930260797304741,0.10374563428639082,0.07218332292220243,0.10326852212468918,0.0884441938188451,0.37427180671209515,0.0010092441813667518,0.0008129614990411543,0.0007806737741505982,0.0011015203758128341,0.0007799229646642264,0.0006166464270446747,Y,59999.99999999999,34.0,-1.0,-1.0,-1.0,-1.0,-1.0,-1.0,326.0000000000004,326.0000000000015,326.0000000000023,326.000000000004,476.0000000000007,326.00000000001785,325.99999999999994,326.0,326.0,476.0,326.0,326.0,Y,0.6278247833251953,N,Y,Y,,,,,,,,,,,,,,,,,,,,,,,,,,,,,,,,,,,,,,,,,,
0,0.06756756756756756,0.2407407407407407,0.1,0.1111111111111111,0.1,0.1,0.1,0.1,0.011930260797304741,0.10374563428639082,0.07218332292220243,0.10326852212468918,0.0884441938188451,0.37427180671209515,0.0010092441813667518,0.0008129614990411543,0.0007806737741505982,0.0011015203758128341,0.0007799229646642264,0.0006166464270446747,Y,59999.99999999999,34.0,-1.0,-1.0,-1.0,-1.0,-1.0,-1.0,326.0000000000004,326.0000000000015,326.0000000000023,326.000000000004,476.0000000000007,326.00000000001785,325.99999999999994,326.0,326.0,476.0,326.0,326.0,Y,0.6285250186920166,N,Y,Y,,,,,,,,,,,,,,,,,,,,,,,,,,,,,,,,,,,,,,,,,,
0,0.06756756756756756,0.2407407407407407,0.1,0.1111111111111111,0.1,0.1,0.1,0.1,0.011930260797304741,0.10374563428639082,0.07218332292220243,0.10326852212468918,0.0884441938188451,0.37427180671209515,0.0010092441813667518,0.0008129614990411543,0.0007806737741505982,0.0011015203758128341,0.0007799229646642264,0.0006166464270446747,Y,59999.99999999999,34.0,-1.0,-1.0,-1.0,-1.0,-1.0,-1.0,326.0000000000004,326.0000000000015,326.0000000000023,326.000000000004,476.0000000000007,326.00000000001785,325.99999999999994,326.0,326.0,476.0,326.0,326.0,Y,0.6294212341308594,N,Y,Y,,,,,,,,,,,,,,,,,,,,,,,,,,,,,,,,,,,,,,,,,,
0,0.33783783783783783,0.20370370370370372,0.2,0.2222222222222222,0.2,0.2,0.2,0.2,0.2085621523427309,0.28530012431184515,0.2627380963480239,0.29781725352057153,0.28709676885907104,0.5089805459123735,0.01838929581999542,0.014962481577444557,0.010776171729072673,0.010413532964617129,0.01087585827412139,0.008530906091937063,N,259999.99999999997,32.0,0.0,0.0,0.0,0.0,0.0,0.0,122423.0,123006.0,122956.00000000001,123708.99999999999,120602.99999999999,122674.00000000004,5940.0,6000.0,4500.0,4500.0,4546.0,4510.0,N,1.3695406913757324,Y,N,N,1.0,1.0,1.0,1.0,1.0,1.0,1.0,1.0,1.0,1.0,1.0,1.0,1.0,1.0,1.0,1.0,1.0,1.0,1.0,1.0,Y,750000.06,75.0,8.0,7.0,8.0,8.0,8.0,8.0,613860.0,605943.0,597415.0,569034.0,551702.0,568638.0,323014.0,401003.0,417588.0,432130.0,417990.0,528666.0,Y
0,0.33783783783783783,0.20370370370370372,0.2,0.2222222222222222,0.2,0.2,0.2,0.2,0.2085621523427309,0.28530012431184515,0.2627380963480239,0.29781725352057153,0.28709676885907104,0.5089805459123735,0.01838929581999542,0.014962481577444557,0.010776171729072673,0.010413532964617129,0.01087585827412139,0.008530906091937063,N,259999.99999999997,32.0,0.0,0.0,0.0,0.0,0.0,0.0,122423.0,123006.0,122956.00000000001,123708.99999999999,120602.99999999999,122674.00000000004,5940.0,6000.0,4500.0,4500.0,4546.0,4510.0,N,1.3642559051513672,Y,N,N,1.0,1.0,1.0,1.0,1.0,1.0,1.0,1.0,1.0,1.0,1.0,1.0,1.0,1.0,1.0,1.0,1.0,1.0,1.0,1.0,Y,750000.06,75.0,8.0,7.0,8.0,8.0,8.0,8.0,613860.0,605943.0,597415.0,569034.0,551702.0,568638.0,323014.0,401003.0,417588.0,432130.0,417990.0,528666.0,Y
0,0.33783783783783783,0.20370370370370372,0.2,0.2222222222222222,0.2,0.2,0.2,0.2,0.2085621523427309,0.28530012431184515,0.2627380963480239,0.29781725352057153,0.28709676885907104,0.5089805459123735,0.01838929581999542,0.014962481577444557,0.010776171729072673,0.010413532964617129,0.01087585827412139,0.008530906091937063,N,259999.99999999997,32.0,0.0,0.0,0.0,0.0,0.0,0.0,122423.0,123006.0,122956.00000000001,123708.99999999999,120602.99999999999,122674.00000000004,5940.0,6000.0,4500.0,4500.0,4546.0,4510.0,N,1.3729989528656006,Y,N,N,1.0,1.0,1.0,1.0,1.0,1.0,1.0,1.0,1.0,1.0,1.0,1.0,1.0,1.0,1.0,1.0,1.0,1.0,1.0,1.0,Y,750000.06,75.0,8.0,7.0,8.0,8.0,8.0,8.0,613860.0,605943.0,597415.0,569034.0,551702.0,568638.0,323014.0,401003.0,417588.0,432130.0,417990.0,528666.0,Y
0,0.33783783783783783,0.20370370370370372,0.2,0.2222222222222222,0.2,0.2,0.2,0.2,0.2085621523427309,0.28530012431184515,0.2627380963480239,0.29781725352057153,0.28709676885907104,0.5089805459123735,0.01838929581999542,0.014962481577444557,0.010776171729072673,0.010413532964617129,0.01087585827412139,0.008530906091937063,N,259999.99999999997,32.0,0.0,0.0,0.0,0.0,0.0,0.0,122423.0,123006.0,122956.00000000001,123708.99999999999,120602.99999999999,122674.00000000004,5940.0,6000.0,4500.0,4500.0,4546.0,4510.0,N,1.3593800067901611,Y,N,N,1.0,1.0,1.0,1.0,1.0,1.0,1.0,1.0,1.0,1.0,1.0,1.0,1.0,1.0,1.0,1.0,1.0,1.0,1.0,1.0,Y,750000.06,75.0,8.0,7.0,8.0,8.0,8.0,8.0,613860.0,605943.0,597415.0,569034.0,551702.0,568638.0,323014.0,401003.0,417588.0,432130.0,417990.0,528666.0,Y
0,0.33783783783783783,0.20370370370370372,0.2,0.2222222222222222,0.2,0.2,0.2,0.2,0.2085621523427309,0.28530012431184515,0.2627380963480239,0.29781725352057153,0.28709676885907104,0.5089805459123735,0.01838929581999542,0.014962481577444557,0.010776171729072673,0.010413532964617129,0.01087585827412139,0.008530906091937063,N,259999.99999999997,32.0,0.0,0.0,0.0,0.0,0.0,0.0,122423.0,123006.0,122956.00000000001,123708.99999999999,120602.99999999999,122674.00000000004,5940.0,6000.0,4500.0,4500.0,4546.0,4510.0,N,1.3692429065704346,Y,N,N,1.0,1.0,1.0,1.0,1.0,1.0,1.0,1.0,1.0,1.0,1.0,1.0,1.0,1.0,1.0,1.0,1.0,1.0,1.0,1.0,Y,750000.06,75.0,8.0,7.0,8.0,8.0,8.0,8.0,613860.0,605943.0,597415.0,569034.0,551702.0,568638.0,323014.0,401003.0,417588.0,432130.0,417990.0,528666.0,Y
0,0.08108108108108107,0.09259259259259262,0.2,0.2222222222222222,0.2,0.2,0.2,0.2,0.11731369435470623,0.15980879654294677,0.11499016381215212,0.1475967398348473,0.1316286015256925,0.4058900666232861,0.009287523141411827,0.004987493859148186,0.0022869431113920896,0.006942355309744752,0.007177205196296561,0.0014943272311818804,N,70000.0,26.0,0.0,0.0,0.0,0.0,0.0,0.0,65763.0,38208.99999999999,27874.0,28439.0,26589.999999999993,29042.999999999985,3000.0,2000.0,955.0,3000.0,3000.0,790.0,N,1.3589191436767578,Y,N,N,1.0,1.0,1.0,1.0,1.0,1.0,1.0,1.0,1.0,1.0,1.0,1.0,1.0,1.0,1.0,1.0,1.0,1.0,1.0,1.0,Y,750000.06,75.0,8.0,7.0,8.0,8.0,8.0,8.0,613860.0,605943.0,597415.0,569034.0,551702.0,568638.0,323014.0,401003.0,417588.0,432130.0,417990.0,528666.0,Y
0,0.08108108108108107,0.09259259259259262,0.2,0.2222222222222222,0.2,0.2,0.2,0.2,0.11731369435470623,0.15980879654294677,0.11499016381215212,0.1475967398348473,0.1316286015256925,0.4058900666232861,0.009287523141411827,0.004987493859148186,0.0022869431113920896,0.006942355309744752,0.007177205196296561,0.0014943272311818804,N,70000.0,26.0,0.0,0.0,0.0,0.0,0.0,0.0,65763.0,38208.99999999999,27874.0,28439.0,26589.999999999993,29042.999999999985,3000.0,2000.0,955.0,3000.0,3000.0,790.0,N,1.373708963394165,Y,N,N,1.0,1.0,1.0,1.0,1.0,1.0,1.0,1.0,1.0,1.0,1.0,1.0,1.0,1.0,1.0,1.0,1.0,1.0,1.0,1.0,Y,750000.06,75.0,8.0,7.0,8.0,8.0,8.0,8.0,613860.0,605943.0,597415.0,569034.0,551702.0,568638.0,323014.0,401003.0,417588.0,432130.0,417990.0,528666.0,Y
0,0.08108108108108107,0.09259259259259262,0.2,0.2222222222222222,0.2,0.2,0.2,0.2,0.11731369435470623,0.15980879654294677,0.11499016381215212,0.1475967398348473,0.1316286015256925,0.4058900666232861,0.009287523141411827,0.004987493859148186,0.0022869431113920896,0.006942355309744752,0.007177205196296561,0.0014943272311818804,N,70000.0,26.0,0.0,0.0,0.0,0.0,0.0,0.0,65763.0,38208.99999999999,27874.0,28439.0,26589.999999999993,29042.999999999985,3000.0,2000.0,955.0,3000.0,3000.0,790.0,N,1.3660268783569336,Y,N,N,1.0,1.0,1.0,1.0,1.0,1.0,1.0,1.0,1.0,1.0,1.0,1.0,1.0,1.0,1.0,1.0,1.0,1.0,1.0,1.0,Y,750000.06,75.0,8.0,7.0,8.0,8.0,8.0,8.0,613860.0,605943.0,597415.0,569034.0,551702.0,568638.0,323014.0,401003.0,417588.0,432130.0,417990.0,528666.0,Y
0,0.08108108108108107,0.09259259259259262,0.2,0.2222222222222222,0.2,0.2,0.2,0.2,0.11731369435470623,0.15980879654294677,0.11499016381215212,0.1475967398348473,0.1316286015256925,0.4058900666232861,0.009287523141411827,0.004987493859148186,0.0022869431113920896,0.006942355309744752,0.007177205196296561,0.0014943272311818804,N,70000.0,26.0,0.0,0.0,0.0,0.0,0.0,0.0,65763.0,38208.99999999999,27874.0,28439.0,26589.999999999993,29042.999999999985,3000.0,2000.0,955.0,3000.0,3000.0,790.0,N,1.3713011741638184,Y,N,N,1.0,1.0,1.0,1.0,1.0,1.0,1.0,1.0,1.0,1.0,1.0,1.0,1.0,1.0,1.0,1.0,1.0,1.0,1.0,1.0,Y,750000.06,75.0,8.0,7.0,8.0,8.0,8.0,8.0,613860.0,605943.0,597415.0,569034.0,551702.0,568638.0,323014.0,401003.0,417588.0,432130.0,417990.0,528666.0,Y
0,0.08108108108108107,0.09259259259259262,0.2,0.2222222222222222,0.2,0.2,0.2,0.2,0.11731369435470623,0.15980879654294677,0.11499016381215212,0.1475967398348473,0.1316286015256925,0.4058900666232861,0.009287523141411827,0.004987493859148186,0.0022869431113920896,0.006942355309744752,0.007177205196296561,0.0014943272311818804,N,70000.0,26.0,0.0,0.0,0.0,0.0,0.0,0.0,65763.0,38208.99999999999,27874.0,28439.0,26589.999999999993,29042.999999999985,3000.0,2000.0,955.0,3000.0,3000.0,790.0,N,1.3673548698425293,Y,N,N,1.0,1.0,1.0,1.0,1.0,1.0,1.0,1.0,1.0,1.0,1.0,1.0,1.0,1.0,1.0,1.0,1.0,1.0,1.0,1.0,Y,750000.06,75.0,8.0,7.0,8.0,8.0,8.0,8.0,613860.0,605943.0,597415.0,569034.0,551702.0,568638.0,323014.0,401003.0,417588.0,432130.0,417990.0,528666.0,Y
0,0.33783783783783783,0.2407407407407407,0.2,0.2222222222222222,0.2,0.2,0.0,0.0,0.42099584180164973,0.48452761498845676,0.3227015486168735,0.10275448950726977,0.087657038344063,0.3739128711432318,0.036252298661977496,0.01871058321259442,0.0,0.0,0.0,0.3699935308871764,N,259999.99999999997,34.0,0.0,0.0,0.0,0.0,-2.0,-2.0,254332.0,257628.0,161545.0,0.0,0.0,0.0,11710.0,7503.000000000001,0.0,0.0,0.0,195603.0,N,1.35988187789917,Y,N,N,1.0,1.0,1.0,1.0,1.0,1.0,1.0,1.0,1.0,1.0,1.0,1.0,1.0,1.0,1.0,1.0,1.0,1.0,1.0,1.0,Y,750000.06,75.0,8.0,7.0,8.0,8.0,8.0,8.0,613860.0,605943.0,597415.0,569034.0,551702.0,568638.0,323014.0,401003.0,417588.0,432130.0,417990.0,528666.0,Y
0,0.33783783783783783,0.2407407407407407,0.2,0.2222222222222222,0.2,0.2,0.0,0.0,0.42099584180164973,0.48452761498845676,0.3227015486168735,0.10275448950726977,0.087657038344063,0.3739128711432318,0.036252298661977496,0.01871058321259442,0.0,0.0,0.0,0.3699935308871764,N,259999.99999999997,34.0,0.0,0.0,0.0,0.0,-2.0,-2.0,254332.0,257628.0,161545.0,0.0,0.0,0.0,11710.0,7503.000000000001,0.0,0.0,0.0,195603.0,N,1.3580479621887207,Y,N,N,1.0,1.0,1.0,1.0,1.0,1.0,1.0,1.0,1.0,1.0,1.0,1.0,1.0,1.0,1.0,1.0,1.0,1.0,1.0,1.0,Y,750000.06,75.0,8.0,7.0,8.0,8.0,8.0,8.0,613860.0,605943.0,597415.0,569034.0,551702.0,568638.0,323014.0,401003.0,417588.0,432130.0,417990.0,528666.0,Y
0,0.33783783783783783,0.2407407407407407,0.2,0.2222222222222222,0.2,0.2,0.0,0.0,0.42099584180164973,0.48452761498845676,0.3227015486168735,0.10275448950726977,0.087657038344063,0.3739128711432318,0.036252298661977496,0.01871058321259442,0.0,0.0,0.0,0.3699935308871764,N,259999.99999999997,34.0,0.0,0.0,0.0,0.0,-2.0,-2.0,254332.0,257628.0,161545.0,0.0,0.0,0.0,11710.0,7503.000000000001,0.0,0.0,0.0,195603.0,N,1.3624060153961182,Y,N,N,1.0,1.0,1.0,1.0,1.0,1.0,1.0,1.0,1.0,1.0,1.0,1.0,1.0,1.0,1.0,1.0,1.0,1.0,1.0,1.0,Y,750000.06,75.0,8.0,7.0,8.0,8.0,8.0,8.0,613860.0,605943.0,597415.0,569034.0,551702.0,568638.0,323014.0,401003.0,417588.0,432130.0,417990.0,528666.0,Y
0,0.33783783783783783,0.2407407407407407,0.2,0.2222222222222222,0.2,0.2,0.0,0.0,0.42099584180164973,0.48452761498845676,0.3227015486168735,0.10275448950726977,0.087657038344063,0.3739128711432318,0.036252298661977496,0.01871058321259442,0.0,0.0,0.0,0.3699935308871764,N,259999.99999999997,34.0,0.0,0.0,0.0,0.0,-2.0,-2.0,254332.0,257628.0,161545.0,0.0,0.0,0.0,11710.0,7503.000000000001,0.0,0.0,0.0,195603.0,N,1.363110065460205,Y,N,N,1.0,1.0,1.0,1.0,1.0,1.0,1.0,1.0,1.0,1.0,1.0,1.0,1.0,1.0,1.0,1.0,1.0,1.0,1.0,1.0,Y,750000.06,75.0,8.0,7.0,8.0,8.0,8.0,8.0,613860.0,605943.0,597415.0,569034.0,551702.0,568638.0,323014.0,401003.0,417588.0,432130.0,417990.0,528666.0,Y
0,0.33783783783783783,0.2407407407407407,0.2,0.2222222222222222,0.2,0.2,0.0,0.0,0.42099584180164973,0.48452761498845676,0.3227015486168735,0.10275448950726977,0.087657038344063,0.3739128711432318,0.036252298661977496,0.01871058321259442,0.0,0.0,0.0,0.3699935308871764,N,259999.99999999997,34.0,0.0,0.0,0.0,0.0,-2.0,-2.0,254332.0,257628.0,161545.0,0.0,0.0,0.0,11710.0,7503.000000000001,0.0,0.0,0.0,195603.0,N,1.3595192432403564,Y,N,N,1.0,1.0,1.0,1.0,1.0,1.0,1.0,1.0,1.0,1.0,1.0,1.0,1.0,1.0,1.0,1.0,1.0,1.0,1.0,1.0,Y,750000.06,75.0,8.0,7.0,8.0,8.0,8.0,8.0,613860.0,605943.0,597415.0,569034.0,551702.0,568638.0,323014.0,401003.0,417588.0,432130.0,417990.0,528666.0,Y
0,0.6621621621621622,0.18518518518518523,0.0,0.0,0.1,0.2,0.1,0.1,0.14225805308708384,0.12543065174924525,0.11221645207305816,0.12377779284485517,0.10957832610396075,0.4908421883618995,0.05116496498603775,0.06793714760238702,0.0023947048286828165,0.03067595399532548,0.2544414938156415,0.4036669655321129,N,500000.0,31.0,-2.0,-2.0,-1.0,0.0,-1.0,-1.0,81252.0,14979.0,26089.000000000004,13332.999999999996,13256.000000000004,106200.0,16527.0,27243.000000000004,1000.0,13256.0,106354.0,213405.0,N,1.363483190536499,Y,N,N,1.0,1.0,1.0,1.0,1.0,1.0,1.0,1.0,1.0,1.0,1.0,1.0,1.0,1.0,1.0,1.0,1.0,1.0,1.0,1.0,Y,750000.06,75.0,8.0,7.0,8.0,8.0,8.0,8.0,613860.0,605943.0,597415.0,569034.0,551702.0,568638.0,323014.0,401003.0,417588.0,432130.0,417990.0,528666.0,Y
0,0.6621621621621622,0.18518518518518523,0.0,0.0,0.1,0.2,0.1,0.1,0.14225805308708384,0.12543065174924525,0.11221645207305816,0.12377779284485517,0.10957832610396075,0.4908421883618995,0.05116496498603775,0.06793714760238702,0.0023947048286828165,0.03067595399532548,0.2544414938156415,0.4036669655321129,N,500000.0,31.0,-2.0,-2.0,-1.0,0.0,-1.0,-1.0,81252.0,14979.0,26089.000000000004,13332.999999999996,13256.000000000004,106200.0,16527.0,27243.000000000004,1000.0,13256.0,106354.0,213405.0,N,1.3688819408416748,Y,N,N,1.0,1.0,1.0,1.0,1.0,1.0,1.0,1.0,1.0,1.0,1.0,1.0,1.0,1.0,1.0,1.0,1.0,1.0,1.0,1.0,Y,750000.06,75.0,8.0,7.0,8.0,8.0,8.0,8.0,613860.0,605943.0,597415.0,569034.0,551702.0,568638.0,323014.0,401003.0,417588.0,432130.0,417990.0,528666.0,Y
0,0.6621621621621622,0.18518518518518523,0.0,0.0,0.1,0.2,0.1,0.1,0.14225805308708384,0.12543065174924525,0.11221645207305816,0.12377779284485517,0.10957832610396075,0.4908421883618995,0.05116496498603775,0.06793714760238702,0.0023947048286828165,0.03067595399532548,0.2544414938156415,0.4036669655321129,N,500000.0,31.0,-2.0,-2.0,-1.0,0.0,-1.0,-1.0,81252.0,14979.0,26089.000000000004,13332.999999999996,13256.000000000004,106200.0,16527.0,27243.000000000004,1000.0,13256.0,106354.0,213405.0,N,1.3617448806762695,Y,N,N,1.0,1.0,1.0,1.0,1.0,1.0,1.0,1.0,1.0,1.0,1.0,1.0,1.0,1.0,1.0,1.0,1.0,1.0,1.0,1.0,Y,750000.06,75.0,8.0,7.0,8.0,8.0,8.0,8.0,613860.0,605943.0,597415.0,569034.0,551702.0,568638.0,323014.0,401003.0,417588.0,432130.0,417990.0,528666.0,Y
0,0.6621621621621622,0.18518518518518523,0.0,0.0,0.1,0.2,0.1,0.1,0.14225805308708384,0.12543065174924525,0.11221645207305816,0.12377779284485517,0.10957832610396075,0.4908421883618995,0.05116496498603775,0.06793714760238702,0.0023947048286828165,0.03067595399532548,0.2544414938156415,0.4036669655321129,N,500000.0,31.0,-2.0,-2.0,-1.0,0.0,-1.0,-1.0,81252.0,14979.0,26089.000000000004,13332.999999999996,13256.000000000004,106200.0,16527.0,27243.000000000004,1000.0,13256.0,106354.0,213405.0,N,1.3564441204071045,Y,N,N,1.0,1.0,1.0,1.0,1.0,1.0,1.0,1.0,1.0,1.0,1.0,1.0,1.0,1.0,1.0,1.0,1.0,1.0,1.0,1.0,Y,750000.06,75.0,8.0,7.0,8.0,8.0,8.0,8.0,613860.0,605943.0,597415.0,569034.0,551702.0,568638.0,323014.0,401003.0,417588.0,432130.0,417990.0,528666.0,Y
0,0.6621621621621622,0.18518518518518523,0.0,0.0,0.1,0.2,0.1,0.1,0.14225805308708384,0.12543065174924525,0.11221645207305816,0.12377779284485517,0.10957832610396075,0.4908421883618995,0.05116496498603775,0.06793714760238702,0.0023947048286828165,0.03067595399532548,0.2544414938156415,0.4036669655321129,N,500000.0,31.0,-2.0,-2.0,-1.0,0.0,-1.0,-1.0,81252.0,14979.0,26089.000000000004,13332.999999999996,13256.000000000004,106200.0,16527.0,27243.000000000004,1000.0,13256.0,106354.0,213405.0,N,1.3581807613372803,Y,N,N,1.0,1.0,1.0,1.0,1.0,1.0,1.0,1.0,1.0,1.0,1.0,1.0,1.0,1.0,1.0,1.0,1.0,1.0,1.0,1.0,Y,750000.06,75.0,8.0,7.0,8.0,8.0,8.0,8.0,613860.0,605943.0,597415.0,569034.0,551702.0,568638.0,323014.0,401003.0,417588.0,432130.0,417990.0,528666.0,Y
0,0.09459459459459459,0.11111111111111116,0.1,0.1111111111111111,0.1,0.1,0.1,0.1,0.012049434568768098,0.1041511276860238,0.07260909155890369,0.10291216822426959,0.08914535751907116,0.3771432912630018,0.0018575046282823654,0.0014962481577444557,0.00023947048286828164,0.0020827065929234258,0.007019306681978038,0.0,Y,80000.0,27.0,-1.0,-1.0,-1.0,-1.0,-1.0,-1.0,400.00000000000017,600.000000000003,600.0000000000008,99.99999999999972,900.0000000000026,2934.0000000000095,600.0,600.0,100.0,900.0,2934.0,0.0,Y,0.6313629150390625,N,N,Y,,,,,,,,,,,,,,,,,,,,,,,,,,,,,,,,,,,,,,,,,,
0,0.09459459459459459,0.11111111111111116,0.1,0.1111111111111111,0.1,0.1,0.1,0.1,0.012049434568768098,0.1041511276860238,0.07260909155890369,0.10291216822426959,0.08914535751907116,0.3771432912630018,0.0018575046282823654,0.0014962481577444557,0.00023947048286828164,0.0020827065929234258,0.007019306681978038,0.0,Y,80000.0,27.0,-1.0,-1.0,-1.0,-1.0,-1.0,-1.0,400.00000000000017,600.000000000003,600.0000000000008,99.99999999999972,900.0000000000026,2934.0000000000095,600.0,600.0,100.0,900.0,2934.0,0.0,Y,0.6265609264373779,N,N,Y,,,,,,,,,,,,,,,,,,,,,,,,,,,,,,,,,,,,,,,,,,
0,0.09459459459459459,0.11111111111111116,0.1,0.1111111111111111,0.1,0.1,0.1,0.1,0.012049434568768098,0.1041511276860238,0.07260909155890369,0.10291216822426959,0.08914535751907116,0.3771432912630018,0.0018575046282823654,0.0014962481577444557,0.00023947048286828164,0.0020827065929234258,0.007019306681978038,0.0,Y,80000.0,27.0,-1.0,-1.0,-1.0,-1.0,-1.0,-1.0,400.00000000000017,600.000000000003,600.0000000000008,99.99999999999972,900.0000000000026,2934.0000000000095,600.0,600.0,100.0,900.0,2934.0,0.0,Y,0.6242930889129639,N,N,Y,,,,,,,,,,,,,,,,,,,,,,,,,,,,,,,,,,,,,,,,,,
0,0.09459459459459459,0.11111111111111116,0.1,0.1111111111111111,0.1,0.1,0.1,0.1,0.012049434568768098,0.1041511276860238,0.07260909155890369,0.10291216822426959,0.08914535751907116,0.3771432912630018,0.0018575046282823654,0.0014962481577444557,0.00023947048286828164,0.0020827065929234258,0.007019306681978038,0.0,Y,80000.0,27.0,-1.0,-1.0,-1.0,-1.0,-1.0,-1.0,400.00000000000017,600.000000000003,600.0000000000008,99.99999999999972,900.0000000000026,2934.0000000000095,600.0,600.0,100.0,900.0,2934.0,0.0,Y,0.625809907913208,N,N,Y,,,,,,,,,,,,,,,,,,,,,,,,,,,,,,,,,,,,,,,,,,
0,0.09459459459459459,0.11111111111111116,0.1,0.1111111111111111,0.1,0.1,0.1,0.1,0.012049434568768098,0.1041511276860238,0.07260909155890369,0.10291216822426959,0.08914535751907116,0.3771432912630018,0.0018575046282823654,0.0014962481577444557,0.00023947048286828164,0.0020827065929234258,0.007019306681978038,0.0,Y,80000.0,27.0,-1.0,-1.0,-1.0,-1.0,-1.0,-1.0,400.00000000000017,600.000000000003,600.0000000000008,99.99999999999972,900.0000000000026,2934.0000000000095,600.0,600.0,100.0,900.0,2934.0,0.0,Y,0.639915943145752,N,N,Y,,,,,,,,,,,,,,,,,,,,,,,,,,,,,,,,,,,,,,,,,,
0,0.13513513513513511,0.2962962962962963,0.2,0.2222222222222222,0.2,0.2,0.2,0.2,0.12216116803179686,0.2061563961404132,0.19019737639501383,0.22323522037965882,0.21361183643703002,0.45801389719248525,0.010835443664980465,0.02493746929574093,0.008381466900389857,0.006942355309744752,0.007177205196296561,0.007566213828769015,Y,109999.99999999999,37.0,0.0,0.0,0.0,0.0,0.0,0.0,68773.0,69527.0,76273.0,76409.00000000001,76165.99999999999,76384.00000000001,3500.0,10000.0,3500.0,3000.0,3000.0,4000.0,Y,0.6248493194580078,N,N,Y,,,,,,,,,,,,,,,,,,,,,,,,,,,,,,,,,,,,,,,,,,
0,0.13513513513513511,0.2962962962962963,0.2,0.2222222222222222,0.2,0.2,0.2,0.2,0.12216116803179686,0.2061563961404132,0.19019737639501383,0.22323522037965882,0.21361183643703002,0.45801389719248525,0.010835443664980465,0.02493746929574093,0.008381466900389857,0.006942355309744752,0.007177205196296561,0.007566213828769015,Y,109999.99999999999,37.0,0.0,0.0,0.0,0.0,0.0,0.0,68773.0,69527.0,76273.0,76409.00000000001,76165.99999999999,76384.00000000001,3500.0,10000.0,3500.0,3000.0,3000.0,4000.0,Y,0.6235158443450928,N,N,Y,,,,,,,,,,,,,,,,,,,,,,,,,,,,,,,,,,,,,,,,,,
0,0.13513513513513511,0.2962962962962963,0.2,0.2222222222222222,0.2,0.2,0.2,0.2,0.12216116803179686,0.2061563961404132,0.19019737639501383,0.22323522037965882,0.21361183643703002,0.45801389719248525,0.010835443664980465,0.02493746929574093,0.008381466900389857,0.006942355309744752,0.007177205196296561,0.007566213828769015,Y,109999.99999999999,37.0,0.0,0.0,0.0,0.0,0.0,0.0,68773.0,69527.0,76273.0,76409.00000000001,76165.99999999999,76384.00000000001,3500.0,10000.0,3500.0,3000.0,3000.0,4000.0,Y,0.6324160099029541,N,N,Y,,,,,,,,,,,,,,,,,,,,,,,,,,,,,,,,,,,,,,,,,,
0,0.13513513513513511,0.2962962962962963,0.2,0.2222222222222222,0.2,0.2,0.2,0.2,0.12216116803179686,0.2061563961404132,0.19019737639501383,0.22323522037965882,0.21361183643703002,0.45801389719248525,0.010835443664980465,0.02493746929574093,0.008381466900389857,0.006942355309744752,0.007177205196296561,0.007566213828769015,Y,109999.99999999999,37.0,0.0,0.0,0.0,0.0,0.0,0.0,68773.0,69527.0,76273.0,76409.00000000001,76165.99999999999,76384.00000000001,3500.0,10000.0,3500.0,3000.0,3000.0,4000.0,Y,0.6273488998413086,N,N,Y,,,,,,,,,,,,,,,,,,,,,,,,,,,,,,,,,,,,,,,,,,
0,0.13513513513513511,0.2962962962962963,0.2,0.2222222222222222,0.2,0.2,0.2,0.2,0.12216116803179686,0.2061563961404132,0.19019737639501383,0.22323522037965882,0.21361183643703002,0.45801389719248525,0.010835443664980465,0.02493746929574093,0.008381466900389857,0.006942355309744752,0.007177205196296561,0.007566213828769015,Y,109999.99999999999,37.0,0.0,0.0,0.0,0.0,0.0,0.0,68773.0,69527.0,76273.0,76409.00000000001,76165.99999999999,76384.00000000001,3500.0,10000.0,3500.0,3000.0,3000.0,4000.0,Y,0.6269950866699219,N,N,Y,,,,,,,,,,,,,,,,,,,,,,,,,,,,,,,,,,,,,,,,,,
0,0.0,0.40740740740740744,0.5,0.4444444444444444,0.4,0.6000000000000001,0.5,0.4,0.02470923210219312,0.11727786657195288,0.08902293867377731,0.11986578387608976,0.1048487785033793,0.38501675216159587,0.004643761570705914,0.004987493859148186,0.0,0.0,0.0,0.0006620437100172887,Y,10000.0,43.0,2.9999999999999996,2.0,2.0,4.000000000000001,2.9999999999999996,2.0,8261.0,9470.0,11163.0,10852.000000000005,10395.999999999996,10085.000000000002,1500.0,2000.0,0.0,0.0,0.0,350.0,Y,0.6312899589538574,N,Y,Y,,,,,,,,,,,,,,,,,,,,,,,,,,,,,,,,,,,,,,,,,,
0,0.0,0.40740740740740744,0.5,0.4444444444444444,0.4,0.6000000000000001,0.5,0.4,0.02470923210219312,0.11727786657195288,0.08902293867377731,0.11986578387608976,0.1048487785033793,0.38501675216159587,0.004643761570705914,0.004987493859148186,0.0,0.0,0.0,0.0006620437100172887,Y,10000.0,43.0,2.9999999999999996,2.0,2.0,4.000000000000001,2.9999999999999996,2.0,8261.0,9470.0,11163.0,10852.000000000005,10395.999999999996,10085.000000000002,1500.0,2000.0,0.0,0.0,0.0,350.0,Y,0.6279170513153076,N,Y,Y,,,,,,,,,,,,,,,,,,,,,,,,,,,,,,,,,,,,,,,,,,
0,0.0,0.40740740740740744,0.5,0.4444444444444444,0.4,0.6000000000000001,0.5,0.4,0.02470923210219312,0.11727786657195288,0.08902293867377731,0.11986578387608976,0.1048487785033793,0.38501675216159587,0.004643761570705914,0.004987493859148186,0.0,0.0,0.0,0.0006620437100172887,Y,10000.0,43.0,2.9999999999999996,2.0,2.0,4.000000000000001,2.9999999999999996,2.0,8261.0,9470.0,11163.0,10852.000000000005,10395.999999999996,10085.000000000002,1500.0,2000.0,0.0,0.0,0.0,350.0,Y,0.6261167526245117,N,Y,Y,,,,,,,,,,,,,,,,,,,,,,,,,,,,,,,,,,,,,,,,,,
0,0.0,0.40740740740740744,0.5,0.4444444444444444,0.4,0.6000000000000001,0.5,0.4,0.02470923210219312,0.11727786657195288,0.08902293867377731,0.11986578387608976,0.1048487785033793,0.38501675216159587,0.004643761570705914,0.004987493859148186,0.0,0.0,0.0,0.0006620437100172887,Y,10000.0,43.0,2.9999999999999996,2.0,2.0,4.000000000000001,2.9999999999999996,2.0,8261.0,9470.0,11163.0,10852.000000000005,10395.999999999996,10085.000000000002,1500.0,2000.0,0.0,0.0,0.0,350.0,Y,0.6279458999633789,N,Y,Y,,,,,,,,,,,,,,,,,,,,,,,,,,,,,,,,,,,,,,,,,,
0,0.0,0.40740740740740744,0.5,0.4444444444444444,0.4,0.6000000000000001,0.5,0.4,0.02470923210219312,0.11727786657195288,0.08902293867377731,0.11986578387608976,0.1048487785033793,0.38501675216159587,0.004643761570705914,0.004987493859148186,0.0,0.0,0.0,0.0006620437100172887,Y,10000.0,43.0,2.9999999999999996,2.0,2.0,4.000000000000001,2.9999999999999996,2.0,8261.0,9470.0,11163.0,10852.000000000005,10395.999999999996,10085.000000000002,1500.0,2000.0,0.0,0.0,0.0,350.0,Y,0.6251468658447266,N,Y,Y,,,,,,,,,,,,,,,,,,,,,,,,,,,,,,,,,,,,,,,,,,
0,0.3918918918918919,0.33333333333333337,0.4,0.2222222222222222,0.2,0.4,0.4,0.4,0.07043814076032867,0.15901408867578287,0.13498730463590564,0.16775911737761373,0.15423947717001069,0.42102371507122005,0.005971877379927805,0.009974987718296371,0.0034627431822753527,0.0,0.007605445106342257,0.0,Y,300000.0,39.0,2.0,0.0,0.0,2.0,2.0,2.0,36656.00000000001,37672.0,40742.99999999999,41226.000000000015,40263.0,42787.99999999998,1929.0,4000.0,1446.0,0.0,3179.0,0.0,Y,0.6255958080291748,N,N,Y,,,,,,,,,,,,,,,,,,,,,,,,,,,,,,,,,,,,,,,,,,
0,0.3918918918918919,0.33333333333333337,0.4,0.2222222222222222,0.2,0.4,0.4,0.4,0.07043814076032867,0.15901408867578287,0.13498730463590564,0.16775911737761373,0.15423947717001069,0.42102371507122005,0.005971877379927805,0.009974987718296371,0.0034627431822753527,0.0,0.007605445106342257,0.0,Y,300000.0,39.0,2.0,0.0,0.0,2.0,2.0,2.0,36656.00000000001,37672.0,40742.99999999999,41226.000000000015,40263.0,42787.99999999998,1929.0,4000.0,1446.0,0.0,3179.0,0.0,Y,0.6249430179595947,N,N,Y,,,,,,,,,,,,,,,,,,,,,,,,,,,,,,,,,,,,,,,,,,
0,0.3918918918918919,0.33333333333333337,0.4,0.2222222222222222,0.2,0.4,0.4,0.4,0.07043814076032867,0.15901408867578287,0.13498730463590564,0.16775911737761373,0.15423947717001069,0.42102371507122005,0.005971877379927805,0.009974987718296371,0.0034627431822753527,0.0,0.007605445106342257,0.0,Y,300000.0,39.0,2.0,0.0,0.0,2.0,2.0,2.0,36656.00000000001,37672.0,40742.99999999999,41226.000000000015,40263.0,42787.99999999998,1929.0,4000.0,1446.0,0.0,3179.0,0.0,Y,0.6261520385742188,N,N,Y,,,,,,,,,,,,,,,,,,,,,,,,,,,,,,,,,,,,,,,,,,
0,0.3918918918918919,0.33333333333333337,0.4,0.2222222222222222,0.2,0.4,0.4,0.4,0.07043814076032867,0.15901408867578287,0.13498730463590564,0.16775911737761373,0.15423947717001069,0.42102371507122005,0.005971877379927805,0.009974987718296371,0.0034627431822753527,0.0,0.007605445106342257,0.0,Y,300000.0,39.0,2.0,0.0,0.0,2.0,2.0,2.0,36656.00000000001,37672.0,40742.99999999999,41226.000000000015,40263.0,42787.99999999998,1929.0,4000.0,1446.0,0.0,3179.0,0.0,Y,0.624863862991333,N,N,Y,,,,,,,,,,,,,,,,,,,,,,,,,,,,,,,,,,,,,,,,,,
0,0.3918918918918919,0.33333333333333337,0.4,0.2222222222222222,0.2,0.4,0.4,0.4,0.07043814076032867,0.15901408867578287,0.13498730463590564,0.16775911737761373,0.15423947717001069,0.42102371507122005,0.005971877379927805,0.009974987718296371,0.0034627431822753527,0.0,0.007605445106342257,0.0,Y,300000.0,39.0,2.0,0.0,0.0,2.0,2.0,2.0,36656.00000000001,37672.0,40742.99999999999,41226.000000000015,40263.0,42787.99999999998,1929.0,4000.0,1446.0,0.0,3179.0,0.0,Y,0.6238961219787598,N,N,Y,,,,,,,,,,,,,,,,,,,,,,,,,,,,,,,,,,,,,,,,,,
0,0.05405405405405406,0.35185185185185186,0.1,0.4444444444444444,0.1,0.1,0.4,0.4,0.012154114232891318,0.10395134079204404,0.07285771558033508,0.10489892005846727,0.08851364871367881,0.3777862924047692,0.0,0.0018952476664763106,0.00143682289720969,0.0,0.007177205196296561,0.0,N,50000.00000000001,40.0,-1.0,2.0,-1.0,-1.0,2.0,2.0,465.0000000000005,465.0000000000004,759.9999999999986,1360.0000000000014,518.0000000000032,3517.9999999999814,0.0,760.0,600.0,0.0,3000.0,0.0,N,1.3567490577697754,Y,Y,N,1.0,1.0,1.0,1.0,1.0,1.0,1.0,1.0,1.0,1.0,1.0,1.0,1.0,1.0,1.0,1.0,1.0,1.0,1.0,1.0,Y,750000.06,75.0,8.0,7.0,8.0,8.0,8.0,8.0,613860.0,605943.0,597415.0,569034.0,551702.0,568638.0,323014.0,401003.0,417588.0,432130.0,417990.0,528666.0,Y
0,0.05405405405405406,0.35185185185185186,0.1,0.4444444444444444,0.1,0.1,0.4,0.4,0.012154114232891318,0.10395134079204404,0.07285771558033508,0.10489892005846727,0.08851364871367881,0.3777862924047692,0.0,0.0018952476664763106,0.00143682289720969,0.0,0.007177205196296561,0.0,N,50000.00000000001,40.0,-1.0,2.0,-1.0,-1.0,2.0,2.0,465.0000000000005,465.0000000000004,759.9999999999986,1360.0000000000014,518.0000000000032,3517.9999999999814,0.0,760.0,600.0,0.0,3000.0,0.0,N,1.368483066558838,Y,Y,N,1.0,1.0,1.0,1.0,1.0,1.0,1.0,1.0,1.0,1.0,1.0,1.0,1.0,1.0,1.0,1.0,1.0,1.0,1.0,1.0,Y,750000.06,75.0,8.0,7.0,8.0,8.0,8.0,8.0,613860.0,605943.0,597415.0,569034.0,551702.0,568638.0,323014.0,401003.0,417588.0,432130.0,417990.0,528666.0,Y
0,0.05405405405405406,0.35185185185185186,0.1,0.4444444444444444,0.1,0.1,0.4,0.4,0.012154114232891318,0.10395134079204404,0.07285771558033508,0.10489892005846727,0.08851364871367881,0.3777862924047692,0.0,0.0018952476664763106,0.00143682289720969,0.0,0.007177205196296561,0.0,N,50000.00000000001,40.0,-1.0,2.0,-1.0,-1.0,2.0,2.0,465.0000000000005,465.0000000000004,759.9999999999986,1360.0000000000014,518.0000000000032,3517.9999999999814,0.0,760.0,600.0,0.0,3000.0,0.0,N,1.3547680377960205,Y,Y,N,1.0,1.0,1.0,1.0,1.0,1.0,1.0,1.0,1.0,1.0,1.0,1.0,1.0,1.0,1.0,1.0,1.0,1.0,1.0,1.0,Y,750000.06,75.0,8.0,7.0,8.0,8.0,8.0,8.0,613860.0,605943.0,597415.0,569034.0,551702.0,568638.0,323014.0,401003.0,417588.0,432130.0,417990.0,528666.0,Y
0,0.05405405405405406,0.35185185185185186,0.1,0.4444444444444444,0.1,0.1,0.4,0.4,0.012154114232891318,0.10395134079204404,0.07285771558033508,0.10489892005846727,0.08851364871367881,0.3777862924047692,0.0,0.0018952476664763106,0.00143682289720969,0.0,0.007177205196296561,0.0,N,50000.00000000001,40.0,-1.0,2.0,-1.0,-1.0,2.0,2.0,465.0000000000005,465.0000000000004,759.9999999999986,1360.0000000000014,518.0000000000032,3517.9999999999814,0.0,760.0,600.0,0.0,3000.0,0.0,N,1.3523249626159668,Y,Y,N,1.0,1.0,1.0,1.0,1.0,1.0,1.0,1.0,1.0,1.0,1.0,1.0,1.0,1.0,1.0,1.0,1.0,1.0,1.0,1.0,Y,750000.06,75.0,8.0,7.0,8.0,8.0,8.0,8.0,613860.0,605943.0,597415.0,569034.0,551702.0,568638.0,323014.0,401003.0,417588.0,432130.0,417990.0,528666.0,Y
0,0.05405405405405406,0.35185185185185186,0.1,0.4444444444444444,0.1,0.1,0.4,0.4,0.012154114232891318,0.10395134079204404,0.07285771558033508,0.10489892005846727,0.08851364871367881,0.3777862924047692,0.0,0.0018952476664763106,0.00143682289720969,0.0,0.007177205196296561,0.0,N,50000.00000000001,40.0,-1.0,2.0,-1.0,-1.0,2.0,2.0,465.0000000000005,465.0000000000004,759.9999999999986,1360.0000000000014,518.0000000000032,3517.9999999999814,0.0,760.0,600.0,0.0,3000.0,0.0,N,1.3568978309631348,Y,Y,N,1.0,1.0,1.0,1.0,1.0,1.0,1.0,1.0,1.0,1.0,1.0,1.0,1.0,1.0,1.0,1.0,1.0,1.0,1.0,1.0,Y,750000.06,75.0,8.0,7.0,8.0,8.0,8.0,8.0,613860.0,605943.0,597415.0,569034.0,551702.0,568638.0,323014.0,401003.0,417588.0,432130.0,417990.0,528666.0,Y
0,0.13513513513513511,0.20370370370370372,0.4,0.4444444444444444,0.4,0.4,0.4,0.4,0.165503380347923,0.2488471556265909,0.2263861566144867,0.2612720572815243,0.25762143444202085,0.4850794007317441,0.015788789340400105,0.009226863639424144,0.008381466900389857,0.009256473746326337,0.0,0.01902902777935407,Y,109999.99999999999,32.0,2.0,2.0,2.0,2.0,2.0,2.0,95686.0,98374.0,99562.0,100532.0,102778.99999999999,100966.0,5100.0,3700.0,3500.0,4000.0,0.0,10060.0,Y,0.6223950386047363,N,Y,Y,,,,,,,,,,,,,,,,,,,,,,,,,,,,,,,,,,,,,,,,,,
0,0.13513513513513511,0.20370370370370372,0.4,0.4444444444444444,0.4,0.4,0.4,0.4,0.165503380347923,0.2488471556265909,0.2263861566144867,0.2612720572815243,0.25762143444202085,0.4850794007317441,0.015788789340400105,0.009226863639424144,0.008381466900389857,0.009256473746326337,0.0,0.01902902777935407,Y,109999.99999999999,32.0,2.0,2.0,2.0,2.0,2.0,2.0,95686.0,98374.0,99562.0,100532.0,102778.99999999999,100966.0,5100.0,3700.0,3500.0,4000.0,0.0,10060.0,Y,0.626960277557373,N,Y,Y,,,,,,,,,,,,,,,,,,,,,,,,,,,,,,,,,,,,,,,,,,
0,0.13513513513513511,0.20370370370370372,0.4,0.4444444444444444,0.4,0.4,0.4,0.4,0.165503380347923,0.2488471556265909,0.2263861566144867,0.2612720572815243,0.25762143444202085,0.4850794007317441,0.015788789340400105,0.009226863639424144,0.008381466900389857,0.009256473746326337,0.0,0.01902902777935407,Y,109999.99999999999,32.0,2.0,2.0,2.0,2.0,2.0,2.0,95686.0,98374.0,99562.0,100532.0,102778.99999999999,100966.0,5100.0,3700.0,3500.0,4000.0,0.0,10060.0,Y,0.6417510509490967,N,Y,Y,,,,,,,,,,,,,,,,,,,,,,,,,,,,,,,,,,,,,,,,,,
0,0.13513513513513511,0.20370370370370372,0.4,0.4444444444444444,0.4,0.4,0.4,0.4,0.165503380347923,0.2488471556265909,0.2263861566144867,0.2612720572815243,0.25762143444202085,0.4850794007317441,0.015788789340400105,0.009226863639424144,0.008381466900389857,0.009256473746326337,0.0,0.01902902777935407,Y,109999.99999999999,32.0,2.0,2.0,2.0,2.0,2.0,2.0,95686.0,98374.0,99562.0,100532.0,102778.99999999999,100966.0,5100.0,3700.0,3500.0,4000.0,0.0,10060.0,Y,0.64046311378479,N,Y,Y,,,,,,,,,,,,,,,,,,,,,,,,,,,,,,,,,,,,,,,,,,
0,0.13513513513513511,0.20370370370370372,0.4,0.4444444444444444,0.4,0.4,0.4,0.4,0.165503380347923,0.2488471556265909,0.2263861566144867,0.2612720572815243,0.25762143444202085,0.4850794007317441,0.015788789340400105,0.009226863639424144,0.008381466900389857,0.009256473746326337,0.0,0.01902902777935407,Y,109999.99999999999,32.0,2.0,2.0,2.0,2.0,2.0,2.0,95686.0,98374.0,99562.0,100532.0,102778.99999999999,100966.0,5100.0,3700.0,3500.0,4000.0,0.0,10060.0,Y,0.6251621246337891,N,Y,Y,,,,,,,,,,,,,,,,,,,,,,,,,,,,,,,,,,,,,,,,,,
0,0.05405405405405406,0.5555555555555556,0.2,0.2222222222222222,0.2,0.2,0.2,0.2,0.0856376279910201,0.17305096785650861,0.14730351709756317,0.16954719402839163,0.12046620771313143,0.3957572934936872,0.005668484957308352,0.0058428490559921,0.003857869479008017,0.0004628236873163168,0.0,0.0,N,50000.00000000001,51.0,0.0,0.0,0.0,0.0,0.0,0.0,46094.0,47157.0,48669.00000000001,42360.00000000001,19840.0,19839.999999999978,1831.0,2343.0,1611.0,200.0,0.0,0.0,N,1.3967208862304688,Y,N,N,1.0,1.0,1.0,1.0,1.0,1.0,1.0,1.0,1.0,1.0,1.0,1.0,1.0,1.0,1.0,1.0,1.0,1.0,1.0,1.0,Y,750000.06,75.0,8.0,7.0,8.0,8.0,8.0,8.0,613860.0,605943.0,597415.0,569034.0,551702.0,568638.0,323014.0,401003.0,417588.0,432130.0,417990.0,528666.0,Y
0,0.05405405405405406,0.5555555555555556,0.2,0.2222222222222222,0.2,0.2,0.2,0.2,0.0856376279910201,0.17305096785650861,0.14730351709756317,0.16954719402839163,0.12046620771313143,0.3957572934936872,0.005668484957308352,0.0058428490559921,0.003857869479008017,0.0004628236873163168,0.0,0.0,N,50000.00000000001,51.0,0.0,0.0,0.0,0.0,0.0,0.0,46094.0,47157.0,48669.00000000001,42360.00000000001,19840.0,19839.999999999978,1831.0,2343.0,1611.0,200.0,0.0,0.0,N,1.3547210693359375,Y,N,N,1.0,1.0,1.0,1.0,1.0,1.0,1.0,1.0,1.0,1.0,1.0,1.0,1.0,1.0,1.0,1.0,1.0,1.0,1.0,1.0,Y,750000.06,75.0,8.0,7.0,8.0,8.0,8.0,8.0,613860.0,605943.0,597415.0,569034.0,551702.0,568638.0,323014.0,401003.0,417588.0,432130.0,417990.0,528666.0,Y
0,0.05405405405405406,0.5555555555555556,0.2,0.2222222222222222,0.2,0.2,0.2,0.2,0.0856376279910201,0.17305096785650861,0.14730351709756317,0.16954719402839163,0.12046620771313143,0.3957572934936872,0.005668484957308352,0.0058428490559921,0.003857869479008017,0.0004628236873163168,0.0,0.0,N,50000.00000000001,51.0,0.0,0.0,0.0,0.0,0.0,0.0,46094.0,47157.0,48669.00000000001,42360.00000000001,19840.0,19839.999999999978,1831.0,2343.0,1611.0,200.0,0.0,0.0,N,1.366314172744751,Y,N,N,1.0,1.0,1.0,1.0,1.0,1.0,1.0,1.0,1.0,1.0,1.0,1.0,1.0,1.0,1.0,1.0,1.0,1.0,1.0,1.0,Y,750000.06,75.0,8.0,7.0,8.0,8.0,8.0,8.0,613860.0,605943.0,597415.0,569034.0,551702.0,568638.0,323014.0,401003.0,417588.0,432130.0,417990.0,528666.0,Y
0,0.05405405405405406,0.5555555555555556,0.2,0.2222222222222222,0.2,0.2,0.2,0.2,0.0856376279910201,0.17305096785650861,0.14730351709756317,0.16954719402839163,0.12046620771313143,0.3957572934936872,0.005668484957308352,0.0058428490559921,0.003857869479008017,0.0004628236873163168,0.0,0.0,N,50000.00000000001,51.0,0.0,0.0,0.0,0.0,0.0,0.0,46094.0,47157.0,48669.00000000001,42360.00000000001,19840.0,19839.999999999978,1831.0,2343.0,1611.0,200.0,0.0,0.0,N,1.353769063949585,Y,N,N,1.0,1.0,1.0,1.0,1.0,1.0,1.0,1.0,1.0,1.0,1.0,1.0,1.0,1.0,1.0,1.0,1.0,1.0,1.0,1.0,Y,750000.06,75.0,8.0,7.0,8.0,8.0,8.0,8.0,613860.0,605943.0,597415.0,569034.0,551702.0,568638.0,323014.0,401003.0,417588.0,432130.0,417990.0,528666.0,Y
0,0.05405405405405406,0.5555555555555556,0.2,0.2222222222222222,0.2,0.2,0.2,0.2,0.0856376279910201,0.17305096785650861,0.14730351709756317,0.16954719402839163,0.12046620771313143,0.3957572934936872,0.005668484957308352,0.0058428490559921,0.003857869479008017,0.0004628236873163168,0.0,0.0,N,50000.00000000001,51.0,0.0,0.0,0.0,0.0,0.0,0.0,46094.0,47157.0,48669.00000000001,42360.00000000001,19840.0,19839.999999999978,1831.0,2343.0,1611.0,200.0,0.0,0.0,N,1.3635578155517578,Y,N,N,1.0,1.0,1.0,1.0,1.0,1.0,1.0,1.0,1.0,1.0,1.0,1.0,1.0,1.0,1.0,1.0,1.0,1.0,1.0,1.0,Y,750000.06,75.0,8.0,7.0,8.0,8.0,8.0,8.0,613860.0,605943.0,597415.0,569034.0,551702.0,568638.0,323014.0,401003.0,417588.0,432130.0,417990.0,528666.0,Y
0,0.28378378378378377,0.14814814814814814,0.2,0.2222222222222222,0.2,0.2,0.2,0.2,0.36142989200279574,0.25199490913396083,0.187333538448151,0.20443361016460082,0.12835264565270238,0.3996978775457175,0.01247623941996322,0.009974987718296371,0.01075701409044321,0.0023141184365815842,0.002392401732098854,0.0,N,219999.99999999997,29.0,0.0,0.0,0.0,0.0,0.0,0.0,217345.0,100501.00000000001,74430.0,64485.000000000015,24609.000000000007,23419.000000000025,4030.0,4000.0,4492.0,1000.0,1000.0,0.0,N,1.3602747917175293,Y,N,N,1.0,1.0,1.0,1.0,1.0,1.0,1.0,1.0,1.0,1.0,1.0,1.0,1.0,1.0,1.0,1.0,1.0,1.0,1.0,1.0,Y,750000.06,75.0,8.0,7.0,8.0,8.0,8.0,8.0,613860.0,605943.0,597415.0,569034.0,551702.0,568638.0,323014.0,401003.0,417588.0,432130.0,417990.0,528666.0,Y
0,0.28378378378378377,0.14814814814814814,0.2,0.2222222222222222,0.2,0.2,0.2,0.2,0.36142989200279574,0.25199490913396083,0.187333538448151,0.20443361016460082,0.12835264565270238,0.3996978775457175,0.01247623941996322,0.009974987718296371,0.01075701409044321,0.0023141184365815842,0.002392401732098854,0.0,N,219999.99999999997,29.0,0.0,0.0,0.0,0.0,0.0,0.0,217345.0,100501.00000000001,74430.0,64485.000000000015,24609.000000000007,23419.000000000025,4030.0,4000.0,4492.0,1000.0,1000.0,0.0,N,1.3565220832824707,Y,N,N,1.0,1.0,1.0,1.0,1.0,1.0,1.0,1.0,1.0,1.0,1.0,1.0,1.0,1.0,1.0,1.0,1.0,1.0,1.0,1.0,Y,750000.06,75.0,8.0,7.0,8.0,8.0,8.0,8.0,613860.0,605943.0,597415.0,569034.0,551702.0,568638.0,323014.0,401003.0,417588.0,432130.0,417990.0,528666.0,Y
0,0.28378378378378377,0.14814814814814814,0.2,0.2222222222222222,0.2,0.2,0.2,0.2,0.36142989200279574,0.25199490913396083,0.187333538448151,0.20443361016460082,0.12835264565270238,0.3996978775457175,0.01247623941996322,0.009974987718296371,0.01075701409044321,0.0023141184365815842,0.002392401732098854,0.0,N,219999.99999999997,29.0,0.0,0.0,0.0,0.0,0.0,0.0,217345.0,100501.00000000001,74430.0,64485.000000000015,24609.000000000007,23419.000000000025,4030.0,4000.0,4492.0,1000.0,1000.0,0.0,N,1.3477261066436768,Y,N,N,1.0,1.0,1.0,1.0,1.0,1.0,1.0,1.0,1.0,1.0,1.0,1.0,1.0,1.0,1.0,1.0,1.0,1.0,1.0,1.0,Y,750000.06,75.0,8.0,7.0,8.0,8.0,8.0,8.0,613860.0,605943.0,597415.0,569034.0,551702.0,568638.0,323014.0,401003.0,417588.0,432130.0,417990.0,528666.0,Y
0,0.28378378378378377,0.14814814814814814,0.2,0.2222222222222222,0.2,0.2,0.2,0.2,0.36142989200279574,0.25199490913396083,0.187333538448151,0.20443361016460082,0.12835264565270238,0.3996978775457175,0.01247623941996322,0.009974987718296371,0.01075701409044321,0.0023141184365815842,0.002392401732098854,0.0,N,219999.99999999997,29.0,0.0,0.0,0.0,0.0,0.0,0.0,217345.0,100501.00000000001,74430.0,64485.000000000015,24609.000000000007,23419.000000000025,4030.0,4000.0,4492.0,1000.0,1000.0,0.0,N,1.3577220439910889,Y,N,N,1.0,1.0,1.0,1.0,1.0,1.0,1.0,1.0,1.0,1.0,1.0,1.0,1.0,1.0,1.0,1.0,1.0,1.0,1.0,1.0,Y,750000.06,75.0,8.0,7.0,8.0,8.0,8.0,8.0,613860.0,605943.0,597415.0,569034.0,551702.0,568638.0,323014.0,401003.0,417588.0,432130.0,417990.0,528666.0,Y
0,0.28378378378378377,0.14814814814814814,0.2,0.2222222222222222,0.2,0.2,0.2,0.2,0.36142989200279574,0.25199490913396083,0.187333538448151,0.20443361016460082,0.12835264565270238,0.3996978775457175,0.01247623941996322,0.009974987718296371,0.01075701409044321,0.0023141184365815842,0.002392401732098854,0.0,N,219999.99999999997,29.0,0.0,0.0,0.0,0.0,0.0,0.0,217345.0,100501.00000000001,74430.0,64485.000000000015,24609.000000000007,23419.000000000025,4030.0,4000.0,4492.0,1000.0,1000.0,0.0,N,1.3532438278198242,Y,N,N,1.0,1.0,1.0,1.0,1.0,1.0,1.0,1.0,1.0,1.0,1.0,1.0,1.0,1.0,1.0,1.0,1.0,1.0,1.0,1.0,Y,750000.06,75.0,8.0,7.0,8.0,8.0,8.0,8.0,613860.0,605943.0,597415.0,569034.0,551702.0,568638.0,323014.0,401003.0,417588.0,432130.0,417990.0,528666.0,Y
0,0.013513513513513513,0.0,0.2,0.2222222222222222,0.2,0.2,0.2,0.2,0.04730393498909721,0.1269401527259812,0.09168166180295924,0.11592066237675437,0.10005969813579754,0.3832716206381346,0.005262929780133369,0.002927658895319985,0.009578819314731266,0.00034711776548723765,0.002392401732098854,0.0,Y,20000.0,21.0,0.0,0.0,0.0,0.0,0.0,0.0,22291.000000000004,15999.00000000001,12873.999999999998,8350.000000000002,7500.0,8500.0,1700.0,1174.0,4000.0,150.0,1000.0,0.0,Y,0.6250948905944824,N,N,Y,,,,,,,,,,,,,,,,,,,,,,,,,,,,,,,,,,,,,,,,,,
0,0.013513513513513513,0.0,0.2,0.2222222222222222,0.2,0.2,0.2,0.2,0.04730393498909721,0.1269401527259812,0.09168166180295924,0.11592066237675437,0.10005969813579754,0.3832716206381346,0.005262929780133369,0.002927658895319985,0.009578819314731266,0.00034711776548723765,0.002392401732098854,0.0,Y,20000.0,21.0,0.0,0.0,0.0,0.0,0.0,0.0,22291.000000000004,15999.00000000001,12873.999999999998,8350.000000000002,7500.0,8500.0,1700.0,1174.0,4000.0,150.0,1000.0,0.0,Y,0.6217241287231445,N,N,Y,,,,,,,,,,,,,,,,,,,,,,,,,,,,,,,,,,,,,,,,,,
0,0.013513513513513513,0.0,0.2,0.2222222222222222,0.2,0.2,0.2,0.2,0.04730393498909721,0.1269401527259812,0.09168166180295924,0.11592066237675437,0.10005969813579754,0.3832716206381346,0.005262929780133369,0.002927658895319985,0.009578819314731266,0.00034711776548723765,0.002392401732098854,0.0,Y,20000.0,21.0,0.0,0.0,0.0,0.0,0.0,0.0,22291.000000000004,15999.00000000001,12873.999999999998,8350.000000000002,7500.0,8500.0,1700.0,1174.0,4000.0,150.0,1000.0,0.0,Y,0.6210141181945801,N,N,Y,,,,,,,,,,,,,,,,,,,,,,,,,,,,,,,,,,,,,,,,,,
0,0.013513513513513513,0.0,0.2,0.2222222222222222,0.2,0.2,0.2,0.2,0.04730393498909721,0.1269401527259812,0.09168166180295924,0.11592066237675437,0.10005969813579754,0.3832716206381346,0.005262929780133369,0.002927658895319985,0.009578819314731266,0.00034711776548723765,0.002392401732098854,0.0,Y,20000.0,21.0,0.0,0.0,0.0,0.0,0.0,0.0,22291.000000000004,15999.00000000001,12873.999999999998,8350.000000000002,7500.0,8500.0,1700.0,1174.0,4000.0,150.0,1000.0,0.0,Y,0.6239047050476074,N,N,Y,,,,,,,,,,,,,,,,,,,,,,,,,,,,,,,,,,,,,,,,,,
0,0.013513513513513513,0.0,0.2,0.2222222222222222,0.2,0.2,0.2,0.2,0.04730393498909721,0.1269401527259812,0.09168166180295924,0.11592066237675437,0.10005969813579754,0.3832716206381346,0.005262929780133369,0.002927658895319985,0.009578819314731266,0.00034711776548723765,0.002392401732098854,0.0,Y,20000.0,21.0,0.0,0.0,0.0,0.0,0.0,0.0,22291.000000000004,15999.00000000001,12873.999999999998,8350.000000000002,7500.0,8500.0,1700.0,1174.0,4000.0,150.0,1000.0,0.0,Y,0.6227459907531738,N,N,Y,,,,,,,,,,,,,,,,,,,,,,,,,,,,,,,,,,,,,,,,,,
0,0.3918918918918919,0.6481481481481481,0.2,0.2222222222222222,0.2,0.2,0.2,0.2,0.21953097068647315,0.29259012608772866,0.26559261089408304,0.2976012336782818,0.2808607115157869,0.5006017125410547,0.03114416093420099,0.027092066642892945,0.024133835263465422,0.024326013005345613,0.023971865355630517,0.01921250846470172,N,300000.0,56.0,0.0,0.0,0.0,0.0,0.0,0.0,129234.0,127932.00000000001,124792.99999999999,123571.99999999999,116831.99999999999,115064.00000000006,10060.0,10864.0,10078.0,10512.0,10020.0,10157.0,N,1.356468915939331,Y,N,N,1.0,1.0,1.0,1.0,1.0,1.0,1.0,1.0,1.0,1.0,1.0,1.0,1.0,1.0,1.0,1.0,1.0,1.0,1.0,1.0,Y,750000.06,75.0,8.0,7.0,8.0,8.0,8.0,8.0,613860.0,605943.0,597415.0,569034.0,551702.0,568638.0,323014.0,401003.0,417588.0,432130.0,417990.0,528666.0,Y
0,0.3918918918918919,0.6481481481481481,0.2,0.2222222222222222,0.2,0.2,0.2,0.2,0.21953097068647315,0.29259012608772866,0.26559261089408304,0.2976012336782818,0.2808607115157869,0.5006017125410547,0.03114416093420099,0.027092066642892945,0.024133835263465422,0.024326013005345613,0.023971865355630517,0.01921250846470172,N,300000.0,56.0,0.0,0.0,0.0,0.0,0.0,0.0,129234.0,127932.00000000001,124792.99999999999,123571.99999999999,116831.99999999999,115064.00000000006,10060.0,10864.0,10078.0,10512.0,10020.0,10157.0,N,1.354292869567871,Y,N,N,1.0,1.0,1.0,1.0,1.0,1.0,1.0,1.0,1.0,1.0,1.0,1.0,1.0,1.0,1.0,1.0,1.0,1.0,1.0,1.0,Y,750000.06,75.0,8.0,7.0,8.0,8.0,8.0,8.0,613860.0,605943.0,597415.0,569034.0,551702.0,568638.0,323014.0,401003.0,417588.0,432130.0,417990.0,528666.0,Y
0,0.3918918918918919,0.6481481481481481,0.2,0.2222222222222222,0.2,0.2,0.2,0.2,0.21953097068647315,0.29259012608772866,0.26559261089408304,0.2976012336782818,0.2808607115157869,0.5006017125410547,0.03114416093420099,0.027092066642892945,0.024133835263465422,0.024326013005345613,0.023971865355630517,0.01921250846470172,N,300000.0,56.0,0.0,0.0,0.0,0.0,0.0,0.0,129234.0,127932.00000000001,124792.99999999999,123571.99999999999,116831.99999999999,115064.00000000006,10060.0,10864.0,10078.0,10512.0,10020.0,10157.0,N,1.3537659645080566,Y,N,N,1.0,1.0,1.0,1.0,1.0,1.0,1.0,1.0,1.0,1.0,1.0,1.0,1.0,1.0,1.0,1.0,1.0,1.0,1.0,1.0,Y,750000.06,75.0,8.0,7.0,8.0,8.0,8.0,8.0,613860.0,605943.0,597415.0,569034.0,551702.0,568638.0,323014.0,401003.0,417588.0,432130.0,417990.0,528666.0,Y
0,0.3918918918918919,0.6481481481481481,0.2,0.2222222222222222,0.2,0.2,0.2,0.2,0.21953097068647315,0.29259012608772866,0.26559261089408304,0.2976012336782818,0.2808607115157869,0.5006017125410547,0.03114416093420099,0.027092066642892945,0.024133835263465422,0.024326013005345613,0.023971865355630517,0.01921250846470172,N,300000.0,56.0,0.0,0.0,0.0,0.0,0.0,0.0,129234.0,127932.00000000001,124792.99999999999,123571.99999999999,116831.99999999999,115064.00000000006,10060.0,10864.0,10078.0,10512.0,10020.0,10157.0,N,1.356308937072754,Y,N,N,1.0,1.0,1.0,1.0,1.0,1.0,1.0,1.0,1.0,1.0,1.0,1.0,1.0,1.0,1.0,1.0,1.0,1.0,1.0,1.0,Y,750000.06,75.0,8.0,7.0,8.0,8.0,8.0,8.0,613860.0,605943.0,597415.0,569034.0,551702.0,568638.0,323014.0,401003.0,417588.0,432130.0,417990.0,528666.0,Y
0,0.3918918918918919,0.6481481481481481,0.2,0.2222222222222222,0.2,0.2,0.2,0.2,0.21953097068647315,0.29259012608772866,0.26559261089408304,0.2976012336782818,0.2808607115157869,0.5006017125410547,0.03114416093420099,0.027092066642892945,0.024133835263465422,0.024326013005345613,0.023971865355630517,0.01921250846470172,N,300000.0,56.0,0.0,0.0,0.0,0.0,0.0,0.0,129234.0,127932.00000000001,124792.99999999999,123571.99999999999,116831.99999999999,115064.00000000006,10060.0,10864.0,10078.0,10512.0,10020.0,10157.0,N,1.3549842834472656,Y,N,N,1.0,1.0,1.0,1.0,1.0,1.0,1.0,1.0,1.0,1.0,1.0,1.0,1.0,1.0,1.0,1.0,1.0,1.0,1.0,1.0,Y,750000.06,75.0,8.0,7.0,8.0,8.0,8.0,8.0,613860.0,605943.0,597415.0,569034.0,551702.0,568638.0,323014.0,401003.0,417588.0,432130.0,417990.0,528666.0,Y
0,0.08108108108108107,0.2592592592592593,0.30000000000000004,0.4444444444444444,0.4,0.2,0.2,0.2,0.08257615042950871,0.1715873438702421,0.14186020492834966,0.15996505839631284,0.12215462313277956,0.3974462725201791,0.009287523141411827,0.00025436218681655745,0.00574729158883876,0.0020688218823039363,0.002392401732098854,0.0018915534571922537,Y,70000.0,35.0,1.0000000000000002,2.0,2.0,0.0,0.0,0.0,44192.99999999999,46167.99999999999,45166.00000000001,36283.0,20860.999999999996,21374.000000000007,3000.0,101.99999999999999,2400.0,894.0,1000.0,1000.0,Y,0.6208100318908691,N,Y,Y,,,,,,,,,,,,,,,,,,,,,,,,,,,,,,,,,,,,,,,,,,
0,0.08108108108108107,0.2592592592592593,0.30000000000000004,0.4444444444444444,0.4,0.2,0.2,0.2,0.08257615042950871,0.1715873438702421,0.14186020492834966,0.15996505839631284,0.12215462313277956,0.3974462725201791,0.009287523141411827,0.00025436218681655745,0.00574729158883876,0.0020688218823039363,0.002392401732098854,0.0018915534571922537,Y,70000.0,35.0,1.0000000000000002,2.0,2.0,0.0,0.0,0.0,44192.99999999999,46167.99999999999,45166.00000000001,36283.0,20860.999999999996,21374.000000000007,3000.0,101.99999999999999,2400.0,894.0,1000.0,1000.0,Y,0.6243200302124023,N,Y,Y,,,,,,,,,,,,,,,,,,,,,,,,,,,,,,,,,,,,,,,,,,
0,0.08108108108108107,0.2592592592592593,0.30000000000000004,0.4444444444444444,0.4,0.2,0.2,0.2,0.08257615042950871,0.1715873438702421,0.14186020492834966,0.15996505839631284,0.12215462313277956,0.3974462725201791,0.009287523141411827,0.00025436218681655745,0.00574729158883876,0.0020688218823039363,0.002392401732098854,0.0018915534571922537,Y,70000.0,35.0,1.0000000000000002,2.0,2.0,0.0,0.0,0.0,44192.99999999999,46167.99999999999,45166.00000000001,36283.0,20860.999999999996,21374.000000000007,3000.0,101.99999999999999,2400.0,894.0,1000.0,1000.0,Y,0.6242609024047852,N,Y,Y,,,,,,,,,,,,,,,,,,,,,,,,,,,,,,,,,,,,,,,,,,
0,0.08108108108108107,0.2592592592592593,0.30000000000000004,0.4444444444444444,0.4,0.2,0.2,0.2,0.08257615042950871,0.1715873438702421,0.14186020492834966,0.15996505839631284,0.12215462313277956,0.3974462725201791,0.009287523141411827,0.00025436218681655745,0.00574729158883876,0.0020688218823039363,0.002392401732098854,0.0018915534571922537,Y,70000.0,35.0,1.0000000000000002,2.0,2.0,0.0,0.0,0.0,44192.99999999999,46167.99999999999,45166.00000000001,36283.0,20860.999999999996,21374.000000000007,3000.0,101.99999999999999,2400.0,894.0,1000.0,1000.0,Y,0.6232519149780273,N,Y,Y,,,,,,,,,,,,,,,,,,,,,,,,,,,,,,,,,,,,,,,,,,
0,0.08108108108108107,0.2592592592592593,0.30000000000000004,0.4444444444444444,0.4,0.2,0.2,0.2,0.08257615042950871,0.1715873438702421,0.14186020492834966,0.15996505839631284,0.12215462313277956,0.3974462725201791,0.009287523141411827,0.00025436218681655745,0.00574729158883876,0.0020688218823039363,0.002392401732098854,0.0018915534571922537,Y,70000.0,35.0,1.0000000000000002,2.0,2.0,0.0,0.0,0.0,44192.99999999999,46167.99999999999,45166.00000000001,36283.0,20860.999999999996,21374.000000000007,3000.0,101.99999999999999,2400.0,894.0,1000.0,1000.0,Y,0.6260628700256348,N,Y,Y,,,,,,,,,,,,,,,,,,,,,,,,,,,,,,,,,,,,,,,,,,
0,0.35135135135135137,0.2222222222222222,0.1,0.1111111111111111,0.4,0.1,0.2,0.2,0.0239346025876813,0.11416267092878707,0.07648918019336733,0.1793011994620002,0.1657937950319906,0.42527478940061064,0.00689753385302185,0.0,0.116253340613236,0.0046282368731631685,0.007177205196296561,0.005674660371576761,N,270000.0,33.0,-1.0,-1.0,2.0,-1.0,0.0,0.0,7780.000000000001,7364.999999999996,3096.9999999999995,48546.0,47250.00000000001,46649.00000000002,2228.0,0.0,48546.0,2000.0,3000.0,3000.0,N,1.355132818222046,Y,Y,N,1.0,1.0,1.0,1.0,1.0,1.0,1.0,1.0,1.0,1.0,1.0,1.0,1.0,1.0,1.0,1.0,1.0,1.0,1.0,1.0,Y,750000.06,75.0,8.0,7.0,8.0,8.0,8.0,8.0,613860.0,605943.0,597415.0,569034.0,551702.0,568638.0,323014.0,401003.0,417588.0,432130.0,417990.0,528666.0,Y
0,0.35135135135135137,0.2222222222222222,0.1,0.1111111111111111,0.4,0.1,0.2,0.2,0.0239346025876813,0.11416267092878707,0.07648918019336733,0.1793011994620002,0.1657937950319906,0.42527478940061064,0.00689753385302185,0.0,0.116253340613236,0.0046282368731631685,0.007177205196296561,0.005674660371576761,N,270000.0,33.0,-1.0,-1.0,2.0,-1.0,0.0,0.0,7780.000000000001,7364.999999999996,3096.9999999999995,48546.0,47250.00000000001,46649.00000000002,2228.0,0.0,48546.0,2000.0,3000.0,3000.0,N,1.3575117588043213,Y,Y,N,1.0,1.0,1.0,1.0,1.0,1.0,1.0,1.0,1.0,1.0,1.0,1.0,1.0,1.0,1.0,1.0,1.0,1.0,1.0,1.0,Y,750000.06,75.0,8.0,7.0,8.0,8.0,8.0,8.0,613860.0,605943.0,597415.0,569034.0,551702.0,568638.0,323014.0,401003.0,417588.0,432130.0,417990.0,528666.0,Y
0,0.35135135135135137,0.2222222222222222,0.1,0.1111111111111111,0.4,0.1,0.2,0.2,0.0239346025876813,0.11416267092878707,0.07648918019336733,0.1793011994620002,0.1657937950319906,0.42527478940061064,0.00689753385302185,0.0,0.116253340613236,0.0046282368731631685,0.007177205196296561,0.005674660371576761,N,270000.0,33.0,-1.0,-1.0,2.0,-1.0,0.0,0.0,7780.000000000001,7364.999999999996,3096.9999999999995,48546.0,47250.00000000001,46649.00000000002,2228.0,0.0,48546.0,2000.0,3000.0,3000.0,N,1.3527350425720215,Y,Y,N,1.0,1.0,1.0,1.0,1.0,1.0,1.0,1.0,1.0,1.0,1.0,1.0,1.0,1.0,1.0,1.0,1.0,1.0,1.0,1.0,Y,750000.06,75.0,8.0,7.0,8.0,8.0,8.0,8.0,613860.0,605943.0,597415.0,569034.0,551702.0,568638.0,323014.0,401003.0,417588.0,432130.0,417990.0,528666.0,Y
0,0.35135135135135137,0.2222222222222222,0.1,0.1111111111111111,0.4,0.1,0.2,0.2,0.0239346025876813,0.11416267092878707,0.07648918019336733,0.1793011994620002,0.1657937950319906,0.42527478940061064,0.00689753385302185,0.0,0.116253340613236,0.0046282368731631685,0.007177205196296561,0.005674660371576761,N,270000.0,33.0,-1.0,-1.0,2.0,-1.0,0.0,0.0,7780.000000000001,7364.999999999996,3096.9999999999995,48546.0,47250.00000000001,46649.00000000002,2228.0,0.0,48546.0,2000.0,3000.0,3000.0,N,1.3523619174957275,Y,Y,N,1.0,1.0,1.0,1.0,1.0,1.0,1.0,1.0,1.0,1.0,1.0,1.0,1.0,1.0,1.0,1.0,1.0,1.0,1.0,1.0,Y,750000.06,75.0,8.0,7.0,8.0,8.0,8.0,8.0,613860.0,605943.0,597415.0,569034.0,551702.0,568638.0,323014.0,401003.0,417588.0,432130.0,417990.0,528666.0,Y
0,0.35135135135135137,0.2222222222222222,0.1,0.1111111111111111,0.4,0.1,0.2,0.2,0.0239346025876813,0.11416267092878707,0.07648918019336733,0.1793011994620002,0.1657937950319906,0.42527478940061064,0.00689753385302185,0.0,0.116253340613236,0.0046282368731631685,0.007177205196296561,0.005674660371576761,N,270000.0,33.0,-1.0,-1.0,2.0,-1.0,0.0,0.0,7780.000000000001,7364.999999999996,3096.9999999999995,48546.0,47250.00000000001,46649.00000000002,2228.0,0.0,48546.0,2000.0,3000.0,3000.0,N,1.3572821617126465,Y,Y,N,1.0,1.0,1.0,1.0,1.0,1.0,1.0,1.0,1.0,1.0,1.0,1.0,1.0,1.0,1.0,1.0,1.0,1.0,1.0,1.0,Y,750000.06,75.0,8.0,7.0,8.0,8.0,8.0,8.0,613860.0,605943.0,597415.0,569034.0,551702.0,568638.0,323014.0,401003.0,417588.0,432130.0,417990.0,528666.0,Y
