,scaled_input_Elevation,scaled_input_Aspect,scaled_input_Slope,scaled_input_Horizontal_Distance_To_Hydrology,scaled_input_Vertical_Distance_To_Hydrology,scaled_input_Horizontal_Distance_To_Roadways,scaled_input_Hillshade_9am,scaled_input_Hillshade_Noon,scaled_input_Hillshade_3pm,scaled_input_Horizontal_Distance_To_Fire_Points,scaled_input_Wilderness_Area1,scaled_input_Wilderness_Area2,scaled_input_Wilderness_Area3,scaled_input_Wilderness_Area4,scaled_input_Soil_Type1,scaled_input_Soil_Type2,scaled_input_Soil_Type3,scaled_input_Soil_Type4,scaled_input_Soil_Type5,scaled_input_Soil_Type6,scaled_input_Soil_Type7,scaled_input_Soil_Type8,scaled_input_Soil_Type9,scaled_input_Soil_Type10,scaled_input_Soil_Type11,scaled_input_Soil_Type12,scaled_input_Soil_Type13,scaled_input_Soil_Type14,scaled_input_Soil_Type15,scaled_input_Soil_Type16,scaled_input_Soil_Type17,scaled_input_Soil_Type18,scaled_input_Soil_Type19,scaled_input_Soil_Type20,scaled_input_Soil_Type21,scaled_input_Soil_Type22,scaled_input_Soil_Type23,scaled_input_Soil_Type24,scaled_input_Soil_Type25,scaled_input_Soil_Type26,scaled_input_Soil_Type27,scaled_input_Soil_Type28,scaled_input_Soil_Type29,scaled_input_Soil_Type30,scaled_input_Soil_Type31,scaled_input_Soil_Type32,scaled_input_Soil_Type33,scaled_input_Soil_Type34,scaled_input_Soil_Type35,scaled_input_Soil_Type36,scaled_input_Soil_Type37,scaled_input_Soil_Type38,scaled_input_Soil_Type39,scaled_input_Soil_Type40,scaled_input_target,origin_input_Elevation,origin_input_Aspect,origin_input_Slope,origin_input_Horizontal_Distance_To_Hydrology,origin_input_Vertical_Distance_To_Hydrology,origin_input_Horizontal_Distance_To_Roadways,origin_input_Hillshade_9am,origin_input_Hillshade_Noon,origin_input_Hillshade_3pm,origin_input_Horizontal_Distance_To_Fire_Points,origin_input_Wilderness_Area1,origin_input_Wilderness_Area2,origin_input_Wilderness_Area3,origin_input_Wilderness_Area4,origin_input_Soil_Type1,origin_input_Soil_Type2,origin_input_Soil_Type3,origin_input_Soil_Type4,origin_input_Soil_Type5,origin_input_Soil_Type6,origin_input_Soil_Type7,origin_input_Soil_Type8,origin_input_Soil_Type9,origin_input_Soil_Type10,origin_input_Soil_Type11,origin_input_Soil_Type12,origin_input_Soil_Type13,origin_input_Soil_Type14,origin_input_Soil_Type15,origin_input_Soil_Type16,origin_input_Soil_Type17,origin_input_Soil_Type18,origin_input_Soil_Type19,origin_input_Soil_Type20,origin_input_Soil_Type21,origin_input_Soil_Type22,origin_input_Soil_Type23,origin_input_Soil_Type24,origin_input_Soil_Type25,origin_input_Soil_Type26,origin_input_Soil_Type27,origin_input_Soil_Type28,origin_input_Soil_Type29,origin_input_Soil_Type30,origin_input_Soil_Type31,origin_input_Soil_Type32,origin_input_Soil_Type33,origin_input_Soil_Type34,origin_input_Soil_Type35,origin_input_Soil_Type36,origin_input_Soil_Type37,origin_input_Soil_Type38,origin_input_Soil_Type39,origin_input_Soil_Type40,origin_input_target,scaled_cf_Elevation,scaled_cf_Aspect,scaled_cf_Slope,scaled_cf_Horizontal_Distance_To_Hydrology,scaled_cf_Vertical_Distance_To_Hydrology,scaled_cf_Horizontal_Distance_To_Roadways,scaled_cf_Hillshade_9am,scaled_cf_Hillshade_Noon,scaled_cf_Hillshade_3pm,scaled_cf_Horizontal_Distance_To_Fire_Points,scaled_cf_Wilderness_Area1,scaled_cf_Wilderness_Area2,scaled_cf_Wilderness_Area3,scaled_cf_Wilderness_Area4,scaled_cf_Soil_Type1,scaled_cf_Soil_Type2,scaled_cf_Soil_Type3,scaled_cf_Soil_Type4,scaled_cf_Soil_Type5,scaled_cf_Soil_Type6,scaled_cf_Soil_Type7,scaled_cf_Soil_Type8,scaled_cf_Soil_Type9,scaled_cf_Soil_Type10,scaled_cf_Soil_Type11,scaled_cf_Soil_Type12,scaled_cf_Soil_Type13,scaled_cf_Soil_Type14,scaled_cf_Soil_Type15,scaled_cf_Soil_Type16,scaled_cf_Soil_Type17,scaled_cf_Soil_Type18,scaled_cf_Soil_Type19,scaled_cf_Soil_Type20,scaled_cf_Soil_Type21,scaled_cf_Soil_Type22,scaled_cf_Soil_Type23,scaled_cf_Soil_Type24,scaled_cf_Soil_Type25,scaled_cf_Soil_Type26,scaled_cf_Soil_Type27,scaled_cf_Soil_Type28,scaled_cf_Soil_Type29,scaled_cf_Soil_Type30,scaled_cf_Soil_Type31,scaled_cf_Soil_Type32,scaled_cf_Soil_Type33,scaled_cf_Soil_Type34,scaled_cf_Soil_Type35,scaled_cf_Soil_Type36,scaled_cf_Soil_Type37,scaled_cf_Soil_Type38,scaled_cf_Soil_Type39,scaled_cf_Soil_Type40,scaled_cf_target,origin_cf_Elevation,origin_cf_Aspect,origin_cf_Slope,origin_cf_Horizontal_Distance_To_Hydrology,origin_cf_Vertical_Distance_To_Hydrology,origin_cf_Horizontal_Distance_To_Roadways,origin_cf_Hillshade_9am,origin_cf_Hillshade_Noon,origin_cf_Hillshade_3pm,origin_cf_Horizontal_Distance_To_Fire_Points,origin_cf_Wilderness_Area1,origin_cf_Wilderness_Area2,origin_cf_Wilderness_Area3,origin_cf_Wilderness_Area4,origin_cf_Soil_Type1,origin_cf_Soil_Type2,origin_cf_Soil_Type3,origin_cf_Soil_Type4,origin_cf_Soil_Type5,origin_cf_Soil_Type6,origin_cf_Soil_Type7,origin_cf_Soil_Type8,origin_cf_Soil_Type9,origin_cf_Soil_Type10,origin_cf_Soil_Type11,origin_cf_Soil_Type12,origin_cf_Soil_Type13,origin_cf_Soil_Type14,origin_cf_Soil_Type15,origin_cf_Soil_Type16,origin_cf_Soil_Type17,origin_cf_Soil_Type18,origin_cf_Soil_Type19,origin_cf_Soil_Type20,origin_cf_Soil_Type21,origin_cf_Soil_Type22,origin_cf_Soil_Type23,origin_cf_Soil_Type24,origin_cf_Soil_Type25,origin_cf_Soil_Type26,origin_cf_Soil_Type27,origin_cf_Soil_Type28,origin_cf_Soil_Type29,origin_cf_Soil_Type30,origin_cf_Soil_Type31,origin_cf_Soil_Type32,origin_cf_Soil_Type33,origin_cf_Soil_Type34,origin_cf_Soil_Type35,origin_cf_Soil_Type36,origin_cf_Soil_Type37,origin_cf_Soil_Type38,origin_cf_Soil_Type39,origin_cf_Soil_Type40,origin_cf_target,running_time,Found,ground_truth,prediction
0,0.3498049414824447,0.16944444444444445,0.2272727272727273,0.04316546762589928,0.23167539267015708,0.24901630129286115,0.9094488188976377,0.8188976377952756,0.41732283464566927,0.038622420524261014,0.0,0.0,1.0,0.0,0.0,0.0,0.0,0.0,0.0,0.0,0.0,0.0,0.0,0.0,0.0,0.0,0.0,0.0,0.0,0.0,0.0,0.0,0.0,0.0,0.0,0.0,0.0,0.0,0.0,0.0,0.0,0.0,0.0,0.0,0.0,0.0,1.0,0.0,0.0,0.0,0.0,0.0,0.0,0.0,1.0,2680.0,61.0,15.000000000000002,60.0,11.0,1772.0,231.0,208.0,106.0,277.0,0.0,0.0,1.0,0.0,0.0,0.0,0.0,0.0,0.0,0.0,0.0,0.0,0.0,0.0,0.0,0.0,0.0,0.0,0.0,0.0,0.0,0.0,0.0,0.0,0.0,0.0,0.0,0.0,0.0,0.0,0.0,0.0,0.0,0.0,0.0,0.0,1.0,0.0,0.0,0.0,0.0,0.0,0.0,0.0,1.0,0.3498049414824447,0.16944444444444445,0.2272727272727273,0.04316546762589928,0.23167539267015708,0.588475561,0.9094488188976377,0.8188976377952756,0.41732283464566927,0.038622420524261014,0.0,0.0,1.0,0.0,0.0,0.0,0.0,0.0,0.0,0.0,0.0,0.0,0.0,0.0,0.0,0.0,0.0,0.0,0.0,0.0,0.0,0.0,0.0,0.0,0.0,0.0,0.0,0.0,0.0,0.0,0.0,0.0,0.0,0.0,0.0,0.0,1.0,0.0,0.0,0.0,0.0,0.0,0.0,0.0,N,2680.0,61.0,15.000000000000002,60.0,11.0,4187.592092076,231.0,208.0,106.0,277.0,0.0,0.0,1.0,0.0,0.0,0.0,0.0,0.0,0.0,0.0,0.0,0.0,0.0,0.0,0.0,0.0,0.0,0.0,0.0,0.0,0.0,0.0,0.0,0.0,0.0,0.0,0.0,0.0,0.0,0.0,0.0,0.0,0.0,0.0,0.0,0.0,1.0,0.0,0.0,0.0,0.0,0.0,0.0,0.0,N,0.08172917366027832,Y,1.0,Y
0,0.7327698309492849,0.55,0.045454545454545456,0.7251798561151079,0.3979057591623037,0.30171444631815625,0.8582677165354331,0.952755905511811,0.6299212598425197,0.3163692136084774,0.0,0.0,1.0,0.0,0.0,0.0,0.0,0.0,0.0,0.0,0.0,0.0,0.0,0.0,0.0,0.0,0.0,0.0,0.0,0.0,0.0,0.0,0.0,0.0,0.0,0.0,0.0,0.0,0.0,0.0,0.0,0.0,0.0,0.0,1.0,0.0,0.0,0.0,0.0,0.0,0.0,0.0,0.0,0.0,1.0,3269.0,198.0,3.0,1008.0,138.0,2147.0,218.0,242.0,160.0,2269.0,0.0,0.0,1.0,0.0,0.0,0.0,0.0,0.0,0.0,0.0,0.0,0.0,0.0,0.0,0.0,0.0,0.0,0.0,0.0,0.0,0.0,0.0,0.0,0.0,0.0,0.0,0.0,0.0,0.0,0.0,0.0,0.0,0.0,0.0,1.0,0.0,0.0,0.0,0.0,0.0,0.0,0.0,0.0,0.0,1.0,0.1892295,0.55,0.045454545454545456,0.7251798561151079,0.3979057591623037,0.30171444631815625,0.8582677165354331,0.952755905511811,0.6299212598425197,0.3163692136084774,0.0,0.0,1.0,0.0,0.0,0.0,0.0,0.0,0.0,0.0,0.0,0.0,0.0,0.0,0.0,0.0,0.0,0.0,0.0,0.0,0.0,0.0,0.0,0.0,0.0,0.0,0.0,0.0,0.0,0.0,0.0,0.0,0.0,0.0,1.0,0.0,0.0,0.0,0.0,0.0,0.0,0.0,0.0,0.0,N,2433.034971,198.0,3.0,1008.0,138.0,2147.0,218.0,242.0,160.0,2269.0,0.0,0.0,1.0,0.0,0.0,0.0,0.0,0.0,0.0,0.0,0.0,0.0,0.0,0.0,0.0,0.0,0.0,0.0,0.0,0.0,0.0,0.0,0.0,0.0,0.0,0.0,0.0,0.0,0.0,0.0,0.0,0.0,0.0,0.0,1.0,0.0,0.0,0.0,0.0,0.0,0.0,0.0,0.0,0.0,N,0.08028507232666016,Y,1.0,Y
0,0.447334200260078,0.2833333333333333,0.33333333333333337,0.0683453237410072,0.25392670157068065,0.3490725126475548,0.984251968503937,0.8110236220472441,0.2874015748031496,0.23968209704406024,0.0,0.0,1.0,0.0,0.0,0.0,0.0,0.0,0.0,0.0,0.0,0.0,0.0,0.0,0.0,0.0,1.0,0.0,0.0,0.0,0.0,0.0,0.0,0.0,0.0,0.0,0.0,0.0,0.0,0.0,0.0,0.0,0.0,0.0,0.0,0.0,0.0,0.0,0.0,0.0,0.0,0.0,0.0,0.0,0.0,2830.0,102.0,22.000000000000004,95.0,28.000000000000007,2484.0,250.0,206.0,73.0,1719.0,0.0,0.0,1.0,0.0,0.0,0.0,0.0,0.0,0.0,0.0,0.0,0.0,0.0,0.0,0.0,0.0,1.0,0.0,0.0,0.0,0.0,0.0,0.0,0.0,0.0,0.0,0.0,0.0,0.0,0.0,0.0,0.0,0.0,0.0,0.0,0.0,0.0,0.0,0.0,0.0,0.0,0.0,0.0,0.0,0.0,0.5983031,0.2833333333333333,0.33333333333333337,0.0683453237410072,0.25392670157068065,0.3490725126475548,0.984251968503937,0.8110236220472441,0.2874015748031496,0.23968209704406024,0.0,1.1,1.0,0.0,0.0,0.0,0.0,0.0,0.0,0.0,0.0,0.0,0.0,0.0,0.0,0.0,1.0,0.0,0.0,0.0,0.0,0.0,0.0,0.0,0.0,0.0,0.0,0.0,0.0,0.0,0.0,0.0,0.0,0.0,0.0,0.0,0.0,0.0,0.0,0.0,0.0,0.0,0.0,0.0,N,3062.1901678,102.0,22.000000000000004,95.0,28.000000000000007,2484.0,250.0,206.0,73.0,1719.0,0.0,1.1,1.0,0.0,0.0,0.0,0.0,0.0,0.0,0.0,0.0,0.0,0.0,0.0,0.0,0.0,1.0,0.0,0.0,0.0,0.0,0.0,0.0,0.0,0.0,0.0,0.0,0.0,0.0,0.0,0.0,0.0,0.0,0.0,0.0,0.0,0.0,0.0,0.0,0.0,0.0,0.0,0.0,0.0,N,0.07885503768920898,N,0.0,N
0,0.5435630689206763,0.8444444444444444,0.07575757575757576,0.21223021582733814,0.2198952879581152,0.5219224283305228,0.8110236220472441,0.9330708661417323,0.6732283464566929,0.12548800892359174,1.0,0.0,0.0,0.0,0.0,0.0,0.0,0.0,0.0,0.0,0.0,0.0,0.0,0.0,0.0,0.0,0.0,0.0,0.0,0.0,0.0,0.0,0.0,0.0,0.0,0.0,0.0,0.0,0.0,0.0,0.0,0.0,1.0,0.0,0.0,0.0,0.0,0.0,0.0,0.0,0.0,0.0,0.0,0.0,0.0,2978.0,304.0,5.0,295.0,2.0000000000000018,3714.0000000000005,206.0,237.0,171.0,899.9999999999999,1.0,0.0,0.0,0.0,0.0,0.0,0.0,0.0,0.0,0.0,0.0,0.0,0.0,0.0,0.0,0.0,0.0,0.0,0.0,0.0,0.0,0.0,0.0,0.0,0.0,0.0,0.0,0.0,0.0,0.0,0.0,0.0,1.0,0.0,0.0,0.0,0.0,0.0,0.0,0.0,0.0,0.0,0.0,0.0,0.0,0.5435630689206763,0.8444444444444444,0.07575757575757576,0.21223021582733814,0.2198952879581152,0.5219224283305228,0.8110236220472441,0.9330708661417323,0.6732283464566929,0.11977051,1.0,0.0,0.0,0.0,0.0,0.0,0.0,0.0,0.0,0.0,0.0,0.0,0.0,0.0,0.0,0.0,0.0,0.0,0.0,0.0,0.0,0.0,0.0,0.0,0.0,0.0,0.0,0.0,0.0,0.0,0.0,0.0,1.0,0.0,0.0,0.0,0.0,0.0,0.0,0.0,0.0,0.0,1.1,0.0,N,2978.0,304.0,5.0,295.0,2.0000000000000018,3714.0000000000005,206.0,237.0,171.0,858.9940977199999,1.0,0.0,0.0,0.0,0.0,0.0,0.0,0.0,0.0,0.0,0.0,0.0,0.0,0.0,0.0,0.0,0.0,0.0,0.0,0.0,0.0,0.0,0.0,0.0,0.0,0.0,0.0,0.0,0.0,0.0,0.0,0.0,1.0,0.0,0.0,0.0,0.0,0.0,0.0,0.0,0.0,0.0,1.1,0.0,N,0.07902908325195312,N,0.0,N
0,0.6144343302990898,0.9638888888888889,0.18181818181818182,0.08633093525179857,0.2604712041884817,0.26208544125913436,0.7755905511811023,0.8700787401574803,0.6338582677165354,0.27593418851087564,1.0,0.0,0.0,0.0,0.0,0.0,0.0,0.0,0.0,0.0,0.0,0.0,0.0,0.0,0.0,0.0,0.0,0.0,0.0,0.0,0.0,0.0,0.0,0.0,0.0,0.0,0.0,0.0,0.0,0.0,0.0,0.0,1.0,0.0,0.0,0.0,0.0,0.0,0.0,0.0,0.0,0.0,0.0,0.0,1.0,3087.0,347.0,12.0,120.0,33.0,1865.0,197.0,221.0,161.0,1979.0,1.0,0.0,0.0,0.0,0.0,0.0,0.0,0.0,0.0,0.0,0.0,0.0,0.0,0.0,0.0,0.0,0.0,0.0,0.0,0.0,0.0,0.0,0.0,0.0,0.0,0.0,0.0,0.0,0.0,0.0,0.0,0.0,1.0,0.0,0.0,0.0,0.0,0.0,0.0,0.0,0.0,0.0,0.0,0.0,1.0,0.6144343302990898,0.9638888888888889,0.18181818181818182,0.08633093525179857,0.2604712041884817,0.086823655,0.7755905511811023,0.8700787401574803,0.6338582677165354,0.27593418851087564,1.0,0.0,0.0,0.0,0.0,0.0,0.0,0.0,0.0,0.0,0.0,0.0,0.0,0.0,0.0,0.0,0.0,0.0,0.0,0.0,0.0,0.0,0.0,0.0,0.0,0.0,0.0,0.0,0.0,0.0,0.4,0.0,0.2,0.0,0.0,0.0,0.0,0.0,0.0,0.0,0.0,0.0,0.0,0.0,N,3087.0,347.0,12.0,120.0,33.0,617.83712898,197.0,221.0,161.0,1979.0,1.0,0.0,0.0,0.0,0.0,0.0,0.0,0.0,0.0,0.0,0.0,0.0,0.0,0.0,0.0,0.0,0.0,0.0,0.0,0.0,0.0,0.0,0.0,0.0,0.0,0.0,0.0,0.0,0.0,0.0,0.4,0.0,0.2,0.0,0.0,0.0,0.0,0.0,0.0,0.0,0.0,0.0,0.0,0.0,N,0.08278203010559082,Y,1.0,Y
0,0.7067620286085827,0.75,0.09090909090909091,0.47913669064748204,0.3468586387434555,0.08347386172006746,0.8031496062992126,0.952755905511811,0.6968503937007874,0.09258226436140547,0.0,0.0,1.0,0.0,0.0,0.0,0.0,0.0,0.0,0.0,0.0,0.0,0.0,0.0,0.0,0.0,0.0,0.0,0.0,0.0,0.0,0.0,0.0,0.0,0.0,0.0,0.0,0.0,0.0,0.0,0.0,0.0,0.0,0.0,0.0,1.0,0.0,0.0,0.0,0.0,0.0,0.0,0.0,0.0,0.0,3229.0,270.0,6.0,666.0,99.0,594.0,204.0,242.0,177.0,664.0,0.0,0.0,1.0,0.0,0.0,0.0,0.0,0.0,0.0,0.0,0.0,0.0,0.0,0.0,0.0,0.0,0.0,0.0,0.0,0.0,0.0,0.0,0.0,0.0,0.0,0.0,0.0,0.0,0.0,0.0,0.0,0.0,0.0,0.0,0.0,1.0,0.0,0.0,0.0,0.0,0.0,0.0,0.0,0.0,0.0,0.7067620286085827,0.75,0.09090909090909091,0.47913669064748204,0.3468586387434555,0.08347386172006746,0.8031496062992126,0.952755905511811,0.6968503937007874,0.09258226436140547,0.0,0.0,1.0,0.0,0.0,0.0,0.0,0.0,0.0,0.0,0.0,0.0,0.0,0.0,0.0,0.0,0.0,0.0,0.0,0.0,0.0,0.0,0.0,0.0,0.0,0.0,0.0,0.8,0.0,0.0,0.0,0.0,0.0,0.0,0.0,1.0,0.0,0.0,0.0,0.0,0.0,0.0,0.0,0.0,N,3229.0,270.0,6.0,666.0,99.0,594.0,204.0,242.0,177.0,664.0,0.0,0.0,1.0,0.0,0.0,0.0,0.0,0.0,0.0,0.0,0.0,0.0,0.0,0.0,0.0,0.0,0.0,0.0,0.0,0.0,0.0,0.0,0.0,0.0,0.0,0.0,0.0,0.8,0.0,0.0,0.0,0.0,0.0,0.0,0.0,1.0,0.0,0.0,0.0,0.0,0.0,0.0,0.0,0.0,N,0.08025383949279785,N,0.0,N
0,0.45123537061118335,0.39722222222222225,0.10606060606060606,0.0,0.21727748691099477,0.41652613827993257,0.9094488188976377,0.9409448818897638,0.5511811023622047,0.31804238706079196,1.0,0.0,0.0,0.0,0.0,0.0,0.0,0.0,0.0,0.0,0.0,0.0,0.0,0.0,0.0,0.0,0.0,0.0,0.0,0.0,0.0,0.0,0.0,0.0,0.0,0.0,1.0,0.0,0.0,0.0,0.0,0.0,0.0,0.0,0.0,0.0,0.0,0.0,0.0,0.0,0.0,0.0,0.0,0.0,1.0,2836.0,143.0,7.0,0.0,0.0,2964.0,231.0,239.0,140.0,2281.0,1.0,0.0,0.0,0.0,0.0,0.0,0.0,0.0,0.0,0.0,0.0,0.0,0.0,0.0,0.0,0.0,0.0,0.0,0.0,0.0,0.0,0.0,0.0,0.0,0.0,0.0,1.0,0.0,0.0,0.0,0.0,0.0,0.0,0.0,0.0,0.0,0.0,0.0,0.0,0.0,0.0,0.0,0.0,0.0,1.0,0.45123537061118335,0.39722222222222225,0.10606060606060606,0.0,0.21727748691099477,0.41652613827993257,0.3095345,0.9409448818897638,0.5511811023622047,0.31804238706079196,1.0,0.0,0.0,0.0,0.0,0.0,0.0,0.0,0.0,0.0,0.0,0.0,0.0,0.0,0.0,0.0,0.0,0.0,0.0,0.0,0.0,0.0,0.0,0.0,0.0,0.0,1.0,0.0,0.0,0.0,0.0,0.0,0.0,0.0,0.0,0.0,0.0,0.0,0.0,0.0,0.0,0.0,0.0,0.0,Y,2836.0,143.0,7.0,0.0,0.0,2964.0,78.621763,239.0,140.0,2281.0,1.0,0.0,0.0,0.0,0.0,0.0,0.0,0.0,0.0,0.0,0.0,0.0,0.0,0.0,0.0,0.0,0.0,0.0,0.0,0.0,0.0,0.0,0.0,0.0,0.0,0.0,1.0,0.0,0.0,0.0,0.0,0.0,0.0,0.0,0.0,0.0,0.0,0.0,0.0,0.0,0.0,0.0,0.0,0.0,Y,0.08015012741088867,N,1.0,N
0,0.37191157347204173,0.34444444444444444,0.21212121212121213,0.0683453237410072,0.21335078534031415,0.2341202922990444,0.9566929133858267,0.9015748031496063,0.4448818897637795,0.21486335750139432,0.0,0.0,1.0,0.0,0.0,0.0,0.0,0.0,0.0,0.0,0.0,0.0,0.0,0.0,1.0,0.0,0.0,0.0,0.0,0.0,0.0,0.0,0.0,0.0,0.0,0.0,0.0,0.0,0.0,0.0,0.0,0.0,0.0,0.0,0.0,0.0,0.0,0.0,0.0,0.0,0.0,0.0,0.0,0.0,0.0,2714.0,124.0,14.0,95.0,-2.9999999999999925,1666.0,243.0,229.0,113.0,1541.0,0.0,0.0,1.0,0.0,0.0,0.0,0.0,0.0,0.0,0.0,0.0,0.0,0.0,0.0,1.0,0.0,0.0,0.0,0.0,0.0,0.0,0.0,0.0,0.0,0.0,0.0,0.0,0.0,0.0,0.0,0.0,0.0,0.0,0.0,0.0,0.0,0.0,0.0,0.0,0.0,0.0,0.0,0.0,0.0,0.0,0.9748471,0.34444444444444444,0.21212121212121213,0.0683453237410072,0.21335078534031415,0.2341202922990444,0.9566929133858267,0.9015748031496063,0.4448818897637795,0.21486335750139432,0.7,0.0,1.0,0.0,0.0,0.0,0.0,0.0,0.0,0.0,0.0,0.0,0.0,0.0,1.0,0.8,0.0,0.0,0.0,0.0,0.0,0.0,0.0,0.0,0.0,0.0,0.0,0.0,0.0,0.0,1.0,0.0,0.0,0.0,0.0,0.0,0.0,0.0,0.0,0.0,0.0,0.0,0.0,0.0,Y,3641.3148398,124.0,14.0,95.0,-2.9999999999999925,1666.0,243.0,229.0,113.0,1541.0,0.7,0.0,1.0,0.0,0.0,0.0,0.0,0.0,0.0,0.0,0.0,0.0,0.0,0.0,1.0,0.8,0.0,0.0,0.0,0.0,0.0,0.0,0.0,0.0,0.0,0.0,0.0,0.0,0.0,0.0,1.0,0.0,0.0,0.0,0.0,0.0,0.0,0.0,0.0,0.0,0.0,0.0,0.0,0.0,Y,0.0845489501953125,Y,0.0,N
0,0.6918075422626788,0.33611111111111114,0.09090909090909091,0.22949640287769785,0.23691099476439792,0.811832490163013,0.905511811023622,0.9251968503937008,0.547244094488189,0.4235917456776353,1.0,0.0,0.0,0.0,0.0,0.0,0.0,0.0,0.0,0.0,0.0,0.0,0.0,0.0,0.0,0.0,0.0,0.0,0.0,0.0,0.0,0.0,0.0,0.0,0.0,0.0,0.0,0.0,0.0,0.0,0.0,0.0,1.0,0.0,0.0,0.0,0.0,0.0,0.0,0.0,0.0,0.0,0.0,0.0,0.0,3206.0,121.0,6.0,319.0,15.000000000000004,5777.0,230.0,235.0,139.0,3038.0,1.0,0.0,0.0,0.0,0.0,0.0,0.0,0.0,0.0,0.0,0.0,0.0,0.0,0.0,0.0,0.0,0.0,0.0,0.0,0.0,0.0,0.0,0.0,0.0,0.0,0.0,0.0,0.0,0.0,0.0,0.0,0.0,1.0,0.0,0.0,0.0,0.0,0.0,0.0,0.0,0.0,0.0,0.0,0.0,0.0,0.6918075422626788,0.33611111111111114,0.09090909090909091,0.22949640287769785,0.23691099476439792,0.811832490163013,0.905511811023622,0.9251968503937008,0.547244094488189,0.4235917456776353,1.0,0.0,0.0,0.0,0.0,0.0,0.0,0.0,0.0,0.0,0.0,0.0,0.0,0.0,0.0,0.0,0.0,0.0,0.0,0.0,0.0,0.0,0.0,0.0,0.0,0.7,0.0,0.0,0.0,0.0,0.0,0.0,1.0,0.0,0.0,0.0,0.0,0.0,0.0,0.0,0.0,0.0,0.5,0.0,Y,3206.0,121.0,6.0,319.0,15.000000000000004,5777.0,230.0,235.0,139.0,3038.0,1.0,0.0,0.0,0.0,0.0,0.0,0.0,0.0,0.0,0.0,0.0,0.0,0.0,0.0,0.0,0.0,0.0,0.0,0.0,0.0,0.0,0.0,0.0,0.0,0.0,0.7,0.0,0.0,0.0,0.0,0.0,0.0,1.0,0.0,0.0,0.0,0.0,0.0,0.0,0.0,0.0,0.0,0.5,0.0,Y,0.08124375343322754,Y,0.0,N
0,0.55851755526658,0.16666666666666669,0.18181818181818182,0.06474820143884892,0.23821989528795812,0.30283867341202925,0.9015748031496063,0.8464566929133858,0.4645669291338583,0.20105967651979922,0.0,0.0,1.0,0.0,0.0,0.0,0.0,0.0,0.0,0.0,0.0,0.0,0.0,0.0,0.0,0.0,0.0,0.0,0.0,0.0,0.0,0.0,0.0,0.0,0.0,0.0,0.0,0.0,0.0,0.0,0.0,0.0,0.0,0.0,1.0,0.0,0.0,0.0,0.0,0.0,0.0,0.0,0.0,0.0,0.0,3001.0,60.00000000000001,12.0,90.0,15.999999999999995,2155.0,229.0,215.0,118.0,1442.0,0.0,0.0,1.0,0.0,0.0,0.0,0.0,0.0,0.0,0.0,0.0,0.0,0.0,0.0,0.0,0.0,0.0,0.0,0.0,0.0,0.0,0.0,0.0,0.0,0.0,0.0,0.0,0.0,0.0,0.0,0.0,0.0,0.0,0.0,1.0,0.0,0.0,0.0,0.0,0.0,0.0,0.0,0.0,0.0,0.0,0.55851755526658,0.16666666666666669,0.18181818181818182,0.06474820143884892,0.23821989528795812,0.30283867341202925,0.9015748031496063,0.8464566929133858,0.4645669291338583,0.20105967651979922,0.0,0.0,1.0,0.0,0.0,0.0,0.0,0.0,0.0,0.0,0.0,0.0,0.0,0.0,0.0,0.0,0.0,0.0,0.0,0.0,0.0,0.0,0.0,0.7,0.0,0.0,0.0,0.0,0.0,0.0,0.0,0.0,0.0,0.0,1.0,0.0,0.0,0.0,0.0,0.0,0.0,0.0,0.0,0.0,Y,3001.0,60.00000000000001,12.0,90.0,15.999999999999995,2155.0,229.0,215.0,118.0,1442.0,0.0,0.0,1.0,0.0,0.0,0.0,0.0,0.0,0.0,0.0,0.0,0.0,0.0,0.0,0.0,0.0,0.0,0.0,0.0,0.0,0.0,0.0,0.0,0.7,0.0,0.0,0.0,0.0,0.0,0.0,0.0,0.0,0.0,0.0,1.0,0.0,0.0,0.0,0.0,0.0,0.0,0.0,0.0,0.0,Y,0.08083987236022949,Y,0.0,N
0,0.5357607282184655,0.48333333333333334,0.10606060606060606,0.28057553956834536,0.22513089005235604,0.1786115795390669,0.8858267716535433,0.9606299212598425,0.6023622047244095,0.26770775237032907,1.0,0.0,0.0,0.0,0.0,0.0,0.0,0.0,0.0,0.0,0.0,0.0,0.0,0.0,0.0,0.0,0.0,0.0,0.0,0.0,0.0,0.0,0.0,0.0,0.0,0.0,1.0,0.0,0.0,0.0,0.0,0.0,0.0,0.0,0.0,0.0,0.0,0.0,0.0,0.0,0.0,0.0,0.0,0.0,0.0,2966.0,174.0,7.0,390.00000000000006,6.000000000000006,1271.0,225.0,244.0,153.0,1920.0,1.0,0.0,0.0,0.0,0.0,0.0,0.0,0.0,0.0,0.0,0.0,0.0,0.0,0.0,0.0,0.0,0.0,0.0,0.0,0.0,0.0,0.0,0.0,0.0,0.0,0.0,1.0,0.0,0.0,0.0,0.0,0.0,0.0,0.0,0.0,0.0,0.0,0.0,0.0,0.0,0.0,0.0,0.0,0.0,0.0,0.5357607282184655,0.48333333333333334,0.10606060606060606,0.922596352,0.22513089005235604,0.1786115795390669,0.8858267716535433,0.9606299212598425,0.6023622047244095,0.26770775237032907,1.0,0.0,0.0,0.0,0.0,0.0,0.0,0.0,0.0,0.0,0.0,0.0,0.0,0.0,0.0,0.0,0.0,0.0,0.0,0.0,0.0,0.0,0.0,0.0,0.0,0.0,1.0,0.0,0.0,0.0,0.0,0.0,0.0,0.0,0.0,0.0,0.0,0.0,0.0,0.0,0.0,0.0,0.0,0.0,N,2966.0,174.0,7.0,1282.40892928,6.000000000000006,1271.0,225.0,244.0,153.0,1920.0,1.0,0.0,0.0,0.0,0.0,0.0,0.0,0.0,0.0,0.0,0.0,0.0,0.0,0.0,0.0,0.0,0.0,0.0,0.0,0.0,0.0,0.0,0.0,0.0,0.0,0.0,1.0,0.0,0.0,0.0,0.0,0.0,0.0,0.0,0.0,0.0,0.0,0.0,0.0,0.0,0.0,0.0,0.0,0.0,N,0.07969999313354492,N,0.0,Y
0,0.6176853055916773,0.08611111111111111,0.33333333333333337,0.09640287769784173,0.25392670157068065,0.5597245643620011,0.8188976377952756,0.7362204724409449,0.41732283464566927,0.07110987172336866,1.0,0.0,0.0,0.0,0.0,0.0,0.0,0.0,0.0,0.0,0.0,0.0,0.0,0.0,0.0,0.0,0.0,0.0,0.0,0.0,0.0,0.0,0.0,0.0,0.0,0.0,0.0,0.0,0.0,0.0,0.0,0.0,1.0,0.0,0.0,0.0,0.0,0.0,0.0,0.0,0.0,0.0,0.0,0.0,1.0,3091.9999999999995,31.0,22.000000000000004,134.0,28.000000000000007,3983.0,208.0,187.0,106.0,510.0,1.0,0.0,0.0,0.0,0.0,0.0,0.0,0.0,0.0,0.0,0.0,0.0,0.0,0.0,0.0,0.0,0.0,0.0,0.0,0.0,0.0,0.0,0.0,0.0,0.0,0.0,0.0,0.0,0.0,0.0,0.0,0.0,1.0,0.0,0.0,0.0,0.0,0.0,0.0,0.0,0.0,0.0,0.0,0.0,1.0,0.3201419,0.08611111111111111,0.33333333333333337,0.09640287769784173,0.25392670157068065,0.5597245643620011,0.8188976377952756,0.7362204724409449,0.41732283464566927,0.07110987172336866,1.0,0.0,0.0,0.0,0.0,0.0,0.0,0.0,0.0,0.0,0.0,0.0,0.0,0.0,0.0,0.0,0.0,0.0,0.0,0.0,0.0,0.0,0.0,0.0,0.0,0.0,0.0,0.0,0.0,0.0,0.0,0.0,1.0,0.0,0.0,0.0,0.0,0.0,0.0,0.0,0.0,0.0,0.0,1.1,N,2634.3782422,31.0,22.000000000000004,134.0,28.000000000000007,3983.0,208.0,187.0,106.0,510.0,1.0,0.0,0.0,0.0,0.0,0.0,0.0,0.0,0.0,0.0,0.0,0.0,0.0,0.0,0.0,0.0,0.0,0.0,0.0,0.0,0.0,0.0,0.0,0.0,0.0,0.0,0.0,0.0,0.0,0.0,0.0,0.0,1.0,0.0,0.0,0.0,0.0,0.0,0.0,0.0,0.0,0.0,0.0,1.1,N,0.0805521011352539,Y,1.0,Y
0,0.6879063719115737,0.2138888888888889,0.19696969696969696,0.41079136690647483,0.3416230366492147,0.13589094997189433,0.9291338582677166,0.8503937007874016,0.4330708661417323,0.27607361963190186,1.0,0.0,0.0,0.0,0.0,0.0,0.0,0.0,0.0,0.0,0.0,0.0,0.0,0.0,0.0,0.0,0.0,0.0,0.0,0.0,0.0,0.0,0.0,0.0,0.0,0.0,0.0,0.0,0.0,0.0,0.0,0.0,1.0,0.0,0.0,0.0,0.0,0.0,0.0,0.0,0.0,0.0,0.0,0.0,0.0,3200.0,77.0,12.999999999999998,571.0,95.0,967.0,236.0,216.0,110.0,1980.0,1.0,0.0,0.0,0.0,0.0,0.0,0.0,0.0,0.0,0.0,0.0,0.0,0.0,0.0,0.0,0.0,0.0,0.0,0.0,0.0,0.0,0.0,0.0,0.0,0.0,0.0,0.0,0.0,0.0,0.0,0.0,0.0,1.0,0.0,0.0,0.0,0.0,0.0,0.0,0.0,0.0,0.0,0.0,0.0,0.0,0.6879063719115737,0.2138888888888889,0.19696969696969696,0.41079136690647483,0.3416230366492147,0.420928517,0.9291338582677166,0.8503937007874016,0.4330708661417323,0.27607361963190186,1.0,0.0,0.0,0.0,0.0,0.0,0.0,0.0,0.0,0.0,0.0,0.0,0.0,0.0,0.0,0.0,0.0,0.0,0.0,0.0,0.0,0.0,0.0,0.0,0.0,0.0,0.0,0.0,0.0,0.0,0.0,0.0,1.0,0.0,0.0,0.0,0.0,0.0,0.0,0.0,0.0,0.0,0.0,0.0,Y,3200.0,77.0,12.999999999999998,571.0,95.0,2995.327326972,236.0,216.0,110.0,1980.0,1.0,0.0,0.0,0.0,0.0,0.0,0.0,0.0,0.0,0.0,0.0,0.0,0.0,0.0,0.0,0.0,0.0,0.0,0.0,0.0,0.0,0.0,0.0,0.0,0.0,0.0,0.0,0.0,0.0,0.0,0.0,0.0,1.0,0.0,0.0,0.0,0.0,0.0,0.0,0.0,0.0,0.0,0.0,0.0,Y,0.08136320114135742,Y,0.0,N
0,0.7386215864759429,0.9666666666666667,0.4090909090909091,0.030215827338129497,0.22643979057591623,0.3510399100618325,0.6259842519685039,0.7244094488188977,0.6141732283464567,0.38510875627440044,1.0,0.0,0.0,0.0,0.0,0.0,0.0,0.0,0.0,0.0,0.0,0.0,0.0,0.0,0.0,0.0,0.0,0.0,0.0,0.0,0.0,0.0,0.0,0.0,0.0,0.0,0.0,0.0,0.0,0.0,0.0,0.0,1.0,0.0,0.0,0.0,0.0,0.0,0.0,0.0,0.0,0.0,0.0,0.0,1.0,3278.0,348.0,27.0,42.0,6.9999999999999964,2498.0,159.0,184.0,156.0,2762.0,1.0,0.0,0.0,0.0,0.0,0.0,0.0,0.0,0.0,0.0,0.0,0.0,0.0,0.0,0.0,0.0,0.0,0.0,0.0,0.0,0.0,0.0,0.0,0.0,0.0,0.0,0.0,0.0,0.0,0.0,0.0,0.0,1.0,0.0,0.0,0.0,0.0,0.0,0.0,0.0,0.0,0.0,0.0,0.0,1.0,0.1164863,0.9666666666666667,0.4090909090909091,0.030215827338129497,0.22643979057591623,0.3510399100618325,0.6259842519685039,0.7244094488188977,0.6141732283464567,0.38510875627440044,1.0,0.0,0.0,0.0,0.0,0.0,0.0,0.0,0.0,0.0,0.0,0.0,0.0,0.0,0.0,0.0,0.0,0.0,0.0,0.0,0.0,0.0,0.0,0.0,0.0,0.0,0.0,0.0,0.0,0.0,0.0,0.0,1.0,0.0,0.0,0.0,0.0,0.0,0.0,0.0,0.0,0.0,0.0,0.0,N,2321.1559294,348.0,27.0,42.0,6.9999999999999964,2498.0,159.0,184.0,156.0,2762.0,1.0,0.0,0.0,0.0,0.0,0.0,0.0,0.0,0.0,0.0,0.0,0.0,0.0,0.0,0.0,0.0,0.0,0.0,0.0,0.0,0.0,0.0,0.0,0.0,0.0,0.0,0.0,0.0,0.0,0.0,0.0,0.0,1.0,0.0,0.0,0.0,0.0,0.0,0.0,0.0,0.0,0.0,0.0,0.0,N,0.08283305168151855,Y,1.0,Y
0,0.6807542262678805,0.24722222222222223,0.15151515151515152,0.30503597122302156,0.3455497382198953,0.081787521079258,0.9251968503937008,0.8818897637795275,0.47244094488188976,0.10331846068042387,0.0,0.0,1.0,0.0,0.0,0.0,0.0,0.0,0.0,0.0,0.0,0.0,0.0,0.0,0.0,0.0,0.0,0.0,0.0,0.0,0.0,0.0,0.0,0.0,0.0,0.0,0.0,0.0,0.0,0.0,0.0,0.0,0.0,0.0,1.0,0.0,0.0,0.0,0.0,0.0,0.0,0.0,0.0,0.0,1.0,3189.0,89.0,10.0,423.99999999999994,98.00000000000001,582.0,235.0,224.0,120.0,741.0,0.0,0.0,1.0,0.0,0.0,0.0,0.0,0.0,0.0,0.0,0.0,0.0,0.0,0.0,0.0,0.0,0.0,0.0,0.0,0.0,0.0,0.0,0.0,0.0,0.0,0.0,0.0,0.0,0.0,0.0,0.0,0.0,0.0,0.0,1.0,0.0,0.0,0.0,0.0,0.0,0.0,0.0,0.0,0.0,1.0,0.6807542262678805,0.24722222222222223,0.15151515151515152,0.30503597122302156,0.3455497382198953,0.081787521079258,0.9251968503937008,0.8818897637795275,0.47244094488188976,0.10331846068042387,0.0,0.0,1.0,0.0,0.0,0.0,0.1,0.0,0.0,0.0,0.0,0.0,0.0,0.0,0.0,1.0,0.9,0.0,0.0,0.0,0.0,0.0,0.0,0.0,0.0,0.0,0.0,0.0,0.0,0.0,0.0,0.0,0.0,0.0,1.0,0.0,0.0,0.0,0.0,0.0,0.0,0.0,0.0,0.0,N,3189.0,89.0,10.0,423.99999999999994,98.00000000000001,582.0,235.0,224.0,120.0,741.0,0.0,0.0,1.0,0.0,0.0,0.0,0.1,0.0,0.0,0.0,0.0,0.0,0.0,0.0,0.0,1.0,0.9,0.0,0.0,0.0,0.0,0.0,0.0,0.0,0.0,0.0,0.0,0.0,0.0,0.0,0.0,0.0,0.0,0.0,1.0,0.0,0.0,0.0,0.0,0.0,0.0,0.0,0.0,0.0,N,0.08147907257080078,Y,1.0,Y
0,0.6014304291287387,0.5638888888888889,0.12121212121212122,0.4539568345323741,0.306282722513089,0.7767003934794828,0.8503937007874016,0.9724409448818897,0.6535433070866141,0.4507808142777468,1.0,0.0,0.0,0.0,0.0,0.0,0.0,0.0,0.0,0.0,0.0,0.0,0.0,0.0,0.0,0.0,0.0,0.0,0.0,0.0,0.0,0.0,0.0,0.0,0.0,0.0,0.0,0.0,0.0,0.0,0.0,0.0,1.0,0.0,0.0,0.0,0.0,0.0,0.0,0.0,0.0,0.0,0.0,0.0,0.0,3067.0,203.0,8.0,631.0,68.0,5527.0,216.0,247.0,166.0,3233.0,1.0,0.0,0.0,0.0,0.0,0.0,0.0,0.0,0.0,0.0,0.0,0.0,0.0,0.0,0.0,0.0,0.0,0.0,0.0,0.0,0.0,0.0,0.0,0.0,0.0,0.0,0.0,0.0,0.0,0.0,0.0,0.0,1.0,0.0,0.0,0.0,0.0,0.0,0.0,0.0,0.0,0.0,0.0,0.0,0.0,0.6014304291287387,0.5638888888888889,0.12121212121212122,0.4539568345323741,0.306282722513089,0.099345228,0.8503937007874016,0.9724409448818897,0.6535433070866141,0.4507808142777468,1.0,0.0,0.0,0.0,0.0,0.0,0.0,0.0,0.0,0.0,0.0,0.0,0.0,0.0,0.0,0.0,0.0,0.0,0.0,0.0,0.0,0.0,0.0,0.0,0.0,0.0,0.0,0.0,0.0,0.0,0.0,0.0,1.0,0.0,0.0,0.0,0.0,0.0,0.0,0.0,0.0,1.0,0.0,0.0,Y,3067.0,203.0,8.0,631.0,68.0,706.940642448,216.0,247.0,166.0,3233.0,1.0,0.0,0.0,0.0,0.0,0.0,0.0,0.0,0.0,0.0,0.0,0.0,0.0,0.0,0.0,0.0,0.0,0.0,0.0,0.0,0.0,0.0,0.0,0.0,0.0,0.0,0.0,0.0,0.0,0.0,0.0,0.0,1.0,0.0,0.0,0.0,0.0,0.0,0.0,0.0,0.0,1.0,0.0,0.0,Y,0.08143806457519531,Y,0.0,N
0,0.6885565669700913,0.04166666666666667,0.12121212121212122,0.3489208633093525,0.38089005235602097,0.4381675098369871,0.8385826771653543,0.8779527559055118,0.5787401574803149,0.13803680981595093,0.0,0.0,1.0,0.0,0.0,0.0,0.0,0.0,0.0,0.0,0.0,0.0,0.0,0.0,0.0,0.0,0.0,0.0,0.0,0.0,0.0,0.0,0.0,0.0,0.0,0.0,0.0,1.0,0.0,0.0,0.0,0.0,0.0,0.0,0.0,0.0,0.0,0.0,0.0,0.0,0.0,0.0,0.0,0.0,1.0,3201.0000000000005,15.000000000000002,8.0,485.0,125.00000000000001,3118.0,213.0,223.0,147.0,990.0,0.0,0.0,1.0,0.0,0.0,0.0,0.0,0.0,0.0,0.0,0.0,0.0,0.0,0.0,0.0,0.0,0.0,0.0,0.0,0.0,0.0,0.0,0.0,0.0,0.0,0.0,0.0,1.0,0.0,0.0,0.0,0.0,0.0,0.0,0.0,0.0,0.0,0.0,0.0,0.0,0.0,0.0,0.0,0.0,1.0,0.1480815,0.04166666666666667,0.12121212121212122,0.3489208633093525,0.38089005235602097,0.4381675098369871,0.8385826771653543,0.8779527559055118,0.5787401574803149,0.13803680981595093,0.0,0.0,1.0,0.0,0.0,0.0,0.0,0.0,0.0,0.0,0.0,0.0,0.0,0.0,0.0,0.0,0.0,0.0,0.0,0.0,0.0,0.0,0.0,0.0,0.0,0.0,0.0,1.0,0.5,0.0,0.0,0.0,0.0,0.0,0.0,0.0,0.0,0.0,0.0,0.0,0.0,0.0,0.0,0.0,N,2369.749347,15.000000000000002,8.0,485.0,125.00000000000001,3118.0,213.0,223.0,147.0,990.0,0.0,0.0,1.0,0.0,0.0,0.0,0.0,0.0,0.0,0.0,0.0,0.0,0.0,0.0,0.0,0.0,0.0,0.0,0.0,0.0,0.0,0.0,0.0,0.0,0.0,0.0,0.0,1.0,0.5,0.0,0.0,0.0,0.0,0.0,0.0,0.0,0.0,0.0,0.0,0.0,0.0,0.0,0.0,0.0,N,0.08081817626953125,Y,1.0,Y
0,0.5936280884265279,0.6333333333333333,0.4090909090909091,0.38201438848920866,0.32722513089005234,0.18184373243395166,0.6653543307086615,0.9921259842519685,0.8228346456692913,0.09662576687116566,0.0,0.0,1.0,0.0,0.0,0.0,0.0,0.0,0.0,0.0,0.0,0.0,0.0,0.0,0.0,0.0,1.0,0.0,0.0,0.0,0.0,0.0,0.0,0.0,0.0,0.0,0.0,0.0,0.0,0.0,0.0,0.0,0.0,0.0,0.0,0.0,0.0,0.0,0.0,0.0,0.0,0.0,0.0,0.0,0.0,3055.0,227.99999999999997,27.0,531.0,83.99999999999997,1294.0,169.0,252.0,209.0,693.0,0.0,0.0,1.0,0.0,0.0,0.0,0.0,0.0,0.0,0.0,0.0,0.0,0.0,0.0,0.0,0.0,1.0,0.0,0.0,0.0,0.0,0.0,0.0,0.0,0.0,0.0,0.0,0.0,0.0,0.0,0.0,0.0,0.0,0.0,0.0,0.0,0.0,0.0,0.0,0.0,0.0,0.0,0.0,0.0,0.0,0.6850176,0.6333333333333333,0.4090909090909091,0.38201438848920866,0.32722513089005234,0.18184373243395166,0.6909232,0.9921259842519685,0.8228346456692913,0.09662576687116566,0.0,0.0,1.0,0.0,0.0,0.0,0.0,0.0,0.0,0.0,0.0,0.0,0.0,0.0,0.0,0.0,1.0,0.0,0.0,0.0,0.0,0.0,0.0,0.0,0.0,0.0,0.0,0.0,0.0,0.0,0.0,0.0,0.0,0.0,0.0,0.0,0.0,0.0,0.0,0.0,0.0,0.6,0.0,0.0,Y,3195.5570688,227.99999999999997,27.0,531.0,83.99999999999997,1294.0,175.4944928,252.0,209.0,693.0,0.0,0.0,1.0,0.0,0.0,0.0,0.0,0.0,0.0,0.0,0.0,0.0,0.0,0.0,0.0,0.0,1.0,0.0,0.0,0.0,0.0,0.0,0.0,0.0,0.0,0.0,0.0,0.0,0.0,0.0,0.0,0.0,0.0,0.0,0.0,0.0,0.0,0.0,0.0,0.0,0.0,0.6,0.0,0.0,Y,0.08079695701599121,Y,0.0,N
0,0.5435630689206763,0.2611111111111111,0.19696969696969696,0.12589928057553956,0.2513089005235602,0.579398538504778,0.9448818897637795,0.8661417322834646,0.421259842519685,0.3093976575571668,1.0,0.0,0.0,0.0,0.0,0.0,0.0,0.0,0.0,0.0,0.0,0.0,0.0,0.0,0.0,0.0,0.0,0.0,0.0,0.0,0.0,0.0,0.0,1.0,0.0,0.0,0.0,0.0,0.0,0.0,0.0,0.0,0.0,0.0,0.0,0.0,0.0,0.0,0.0,0.0,0.0,0.0,0.0,0.0,0.0,2978.0,94.0,12.999999999999998,175.0,25.999999999999982,4123.0,240.0,220.0,107.0,2219.0,1.0,0.0,0.0,0.0,0.0,0.0,0.0,0.0,0.0,0.0,0.0,0.0,0.0,0.0,0.0,0.0,0.0,0.0,0.0,0.0,0.0,0.0,0.0,1.0,0.0,0.0,0.0,0.0,0.0,0.0,0.0,0.0,0.0,0.0,0.0,0.0,0.0,0.0,0.0,0.0,0.0,0.0,0.0,0.0,0.0,0.5435630689206763,0.2611111111111111,0.73477915,0.12589928057553956,0.2513089005235602,0.579398538504778,0.9448818897637795,0.8661417322834646,0.421259842519685,0.3093976575571668,1.0,0.0,0.0,0.0,0.0,0.0,0.0,0.0,0.0,0.0,0.0,0.0,0.0,0.0,0.0,0.0,0.0,0.0,0.0,0.0,0.0,0.0,0.0,1.0,0.0,0.0,0.0,0.0,0.0,0.0,0.0,0.0,0.0,0.0,0.0,0.0,0.0,0.0,0.0,0.0,0.0,0.0,0.0,0.6,Y,2978.0,94.0,48.4954239,175.0,25.999999999999982,4123.0,240.0,220.0,107.0,2219.0,1.0,0.0,0.0,0.0,0.0,0.0,0.0,0.0,0.0,0.0,0.0,0.0,0.0,0.0,0.0,0.0,0.0,0.0,0.0,0.0,0.0,0.0,0.0,1.0,0.0,0.0,0.0,0.0,0.0,0.0,0.0,0.0,0.0,0.0,0.0,0.0,0.0,0.0,0.0,0.0,0.0,0.0,0.0,0.6,Y,0.08176779747009277,Y,0.0,N
0,0.6840052015604681,0.8805555555555555,0.25757575757575757,0.21582733812949642,0.2892670157068063,0.33220910623946037,0.6771653543307087,0.8740157480314961,0.7440944881889764,0.04141104294478528,0.0,0.0,1.0,0.0,0.0,0.0,0.0,0.0,0.0,0.0,0.0,0.0,0.0,0.0,0.0,0.0,0.0,0.0,0.0,0.0,0.0,0.0,0.0,0.0,0.0,0.0,0.0,0.0,0.0,0.0,0.0,0.0,0.0,0.0,0.0,0.0,1.0,0.0,0.0,0.0,0.0,0.0,0.0,0.0,1.0,3194.0,317.0,17.0,300.0,55.0,2364.0,172.0,222.0,189.0,297.0,0.0,0.0,1.0,0.0,0.0,0.0,0.0,0.0,0.0,0.0,0.0,0.0,0.0,0.0,0.0,0.0,0.0,0.0,0.0,0.0,0.0,0.0,0.0,0.0,0.0,0.0,0.0,0.0,0.0,0.0,0.0,0.0,0.0,0.0,0.0,0.0,1.0,0.0,0.0,0.0,0.0,0.0,0.0,0.0,1.0,0.2096678,0.8805555555555555,0.25757575757575757,0.21582733812949642,0.2892670157068063,0.33220910623946037,0.6771653543307087,0.8740157480314961,0.7440944881889764,0.04141104294478528,0.0,0.0,1.0,0.0,0.0,0.0,0.0,0.0,0.0,0.0,0.0,0.0,0.0,0.0,0.0,0.0,0.0,0.0,0.0,0.0,0.0,0.0,0.0,0.0,0.0,0.0,0.0,0.0,0.0,0.0,0.0,0.0,0.0,0.0,0.0,0.0,1.0,0.0,0.0,0.0,0.0,0.0,0.0,0.0,N,2464.4690764,317.0,17.0,300.0,55.0,2364.0,172.0,222.0,189.0,297.0,0.0,0.0,1.0,0.0,0.0,0.0,0.0,0.0,0.0,0.0,0.0,0.0,0.0,0.0,0.0,0.0,0.0,0.0,0.0,0.0,0.0,0.0,0.0,0.0,0.0,0.0,0.0,0.0,0.0,0.0,0.0,0.0,0.0,0.0,0.0,0.0,1.0,0.0,0.0,0.0,0.0,0.0,0.0,0.0,N,0.08486771583557129,Y,1.0,Y
