,scaled_input_P1,scaled_input_P5p1,scaled_input_P6p2,scaled_input_P11p4,scaled_input_P14p9,scaled_input_P15p1,scaled_input_P15p3,scaled_input_P16p2,scaled_input_P18p2,scaled_input_P27p4,scaled_input_H2p2,scaled_input_H8p2,scaled_input_H10p1,scaled_input_H13p1,scaled_input_H18pA,scaled_input_H40p4,scaled_input_target,origin_input_P1,origin_input_P5p1,origin_input_P6p2,origin_input_P11p4,origin_input_P14p9,origin_input_P15p1,origin_input_P15p3,origin_input_P16p2,origin_input_P18p2,origin_input_P27p4,origin_input_H2p2,origin_input_H8p2,origin_input_H10p1,origin_input_H13p1,origin_input_H18pA,origin_input_H40p4,origin_input_target,running_time,Found,ground_truth,prediction,scaled_cf_P1,scaled_cf_P5p1,scaled_cf_P6p2,scaled_cf_P11p4,scaled_cf_P14p9,scaled_cf_P15p1,scaled_cf_P15p3,scaled_cf_P16p2,scaled_cf_P18p2,scaled_cf_P27p4,scaled_cf_H2p2,scaled_cf_H8p2,scaled_cf_H10p1,scaled_cf_H13p1,scaled_cf_H18pA,scaled_cf_H40p4,scaled_cf_target,origin_cf_P1,origin_cf_P5p1,origin_cf_P6p2,origin_cf_P11p4,origin_cf_P14p9,origin_cf_P15p1,origin_cf_P15p3,origin_cf_P16p2,origin_cf_P18p2,origin_cf_P27p4,origin_cf_H2p2,origin_cf_H8p2,origin_cf_H10p1,origin_cf_H13p1,origin_cf_H18pA,origin_cf_H40p4,origin_cf_target
0,0.0003497410741598566,0.3358780387689802,0.009357,0.22977924903671884,0.31709634812266296,0.7849751921570143,0.017860121361903264,0.5032774140697736,0.024388024388024385,0.10329330967251273,0.035849200058741856,0.010319,0.9952946747556791,0.341486,0.023861,0.6,Y,2565.0,0.436647,0.009357,0.197271,0.15917,0.810916,0.015205,0.631332,0.0018759999999999998,0.040338,0.03442,0.010319,0.99531,0.341486,0.023861,0.6,Y,0.7202060222625732,N,Y,Y,,,,,,,,,,,,,,,,,,,,,,,,,,,,,,,,,,
0,0.0003497410741598566,0.3358780387689802,0.009357,0.22977924903671884,0.31709634812266296,0.7849751921570143,0.017860121361903264,0.5032774140697736,0.024388024388024385,0.10329330967251273,0.035849200058741856,0.010319,0.9952946747556791,0.341486,0.023861,0.6,Y,2565.0,0.436647,0.009357,0.197271,0.15917,0.810916,0.015205,0.631332,0.0018759999999999998,0.040338,0.03442,0.010319,0.99531,0.341486,0.023861,0.6,Y,0.6623282432556152,N,Y,Y,,,,,,,,,,,,,,,,,,,,,,,,,,,,,,,,,,
0,0.0003497410741598566,0.3358780387689802,0.009357,0.22977924903671884,0.31709634812266296,0.7849751921570143,0.017860121361903264,0.5032774140697736,0.024388024388024385,0.10329330967251273,0.035849200058741856,0.010319,0.9952946747556791,0.341486,0.023861,0.6,Y,2565.0,0.436647,0.009357,0.197271,0.15917,0.810916,0.015205,0.631332,0.0018759999999999998,0.040338,0.03442,0.010319,0.99531,0.341486,0.023861,0.6,Y,0.6657500267028809,N,Y,Y,,,,,,,,,,,,,,,,,,,,,,,,,,,,,,,,,,
0,0.0003497410741598566,0.3358780387689802,0.009357,0.22977924903671884,0.31709634812266296,0.7849751921570143,0.017860121361903264,0.5032774140697736,0.024388024388024385,0.10329330967251273,0.035849200058741856,0.010319,0.9952946747556791,0.341486,0.023861,0.6,Y,2565.0,0.436647,0.009357,0.197271,0.15917,0.810916,0.015205,0.631332,0.0018759999999999998,0.040338,0.03442,0.010319,0.99531,0.341486,0.023861,0.6,Y,0.683830976486206,N,Y,Y,,,,,,,,,,,,,,,,,,,,,,,,,,,,,,,,,,
0,0.0003497410741598566,0.3358780387689802,0.009357,0.22977924903671884,0.31709634812266296,0.7849751921570143,0.017860121361903264,0.5032774140697736,0.024388024388024385,0.10329330967251273,0.035849200058741856,0.010319,0.9952946747556791,0.341486,0.023861,0.6,Y,2565.0,0.436647,0.009357,0.197271,0.15917,0.810916,0.015205,0.631332,0.0018759999999999998,0.040338,0.03442,0.010319,0.99531,0.341486,0.023861,0.6,Y,0.7365279197692871,N,Y,Y,,,,,,,,,,,,,,,,,,,,,,,,,,,,,,,,,,
0,0.006912063540619674,0.4062484030338647,0.02187,0.17332188733221202,0.19109253507742635,0.8681914894826801,0.019516337811773938,0.6905110610198586,0.06338806338806338,0.0875347934415483,0.17513719453450718,0.018297,0.8935392573612254,0.353081,0.136044,0.542948,N,50618.0,0.479335,0.02187,0.148801,0.095921,0.8840930000000001,0.016615,0.770297,0.004876,0.034184,0.168155,0.018297,0.893886,0.353081,0.136044,0.542948,N,1.4821457862854004,Y,Y,N,1.0,1.0,1.0,1.0,1.0,1.0,1.0,1.0,1.0,1.0,1.0,1.0,1.0,1.0,1.0,1.0,Y,7322564.5,0.839516,1.0,0.858524,0.501961,1.0,0.851338,1.0,0.076923,0.390519,0.960133,1.0,1.0,1.0,1.0,1.0,Y
0,0.006912063540619674,0.4062484030338647,0.02187,0.17332188733221202,0.19109253507742635,0.8681914894826801,0.019516337811773938,0.6905110610198586,0.06338806338806338,0.0875347934415483,0.17513719453450718,0.018297,0.8935392573612254,0.353081,0.136044,0.542948,N,50618.0,0.479335,0.02187,0.148801,0.095921,0.8840930000000001,0.016615,0.770297,0.004876,0.034184,0.168155,0.018297,0.893886,0.353081,0.136044,0.542948,N,1.444561243057251,Y,Y,N,1.0,1.0,1.0,1.0,1.0,1.0,1.0,1.0,1.0,1.0,1.0,1.0,1.0,1.0,1.0,1.0,Y,7322564.5,0.839516,1.0,0.858524,0.501961,1.0,0.851338,1.0,0.076923,0.390519,0.960133,1.0,1.0,1.0,1.0,1.0,Y
0,0.006912063540619674,0.4062484030338647,0.02187,0.17332188733221202,0.19109253507742635,0.8681914894826801,0.019516337811773938,0.6905110610198586,0.06338806338806338,0.0875347934415483,0.17513719453450718,0.018297,0.8935392573612254,0.353081,0.136044,0.542948,N,50618.0,0.479335,0.02187,0.148801,0.095921,0.8840930000000001,0.016615,0.770297,0.004876,0.034184,0.168155,0.018297,0.893886,0.353081,0.136044,0.542948,N,1.4327831268310547,Y,Y,N,1.0,1.0,1.0,1.0,1.0,1.0,1.0,1.0,1.0,1.0,1.0,1.0,1.0,1.0,1.0,1.0,Y,7322564.5,0.839516,1.0,0.858524,0.501961,1.0,0.851338,1.0,0.076923,0.390519,0.960133,1.0,1.0,1.0,1.0,1.0,Y
0,0.006912063540619674,0.4062484030338647,0.02187,0.17332188733221202,0.19109253507742635,0.8681914894826801,0.019516337811773938,0.6905110610198586,0.06338806338806338,0.0875347934415483,0.17513719453450718,0.018297,0.8935392573612254,0.353081,0.136044,0.542948,N,50618.0,0.479335,0.02187,0.148801,0.095921,0.8840930000000001,0.016615,0.770297,0.004876,0.034184,0.168155,0.018297,0.893886,0.353081,0.136044,0.542948,N,1.4488179683685303,Y,Y,N,1.0,1.0,1.0,1.0,1.0,1.0,1.0,1.0,1.0,1.0,1.0,1.0,1.0,1.0,1.0,1.0,Y,7322564.5,0.839516,1.0,0.858524,0.501961,1.0,0.851338,1.0,0.076923,0.390519,0.960133,1.0,1.0,1.0,1.0,1.0,Y
0,0.006912063540619674,0.4062484030338647,0.02187,0.17332188733221202,0.19109253507742635,0.8681914894826801,0.019516337811773938,0.6905110610198586,0.06338806338806338,0.0875347934415483,0.17513719453450718,0.018297,0.8935392573612254,0.353081,0.136044,0.542948,N,50618.0,0.479335,0.02187,0.148801,0.095921,0.8840930000000001,0.016615,0.770297,0.004876,0.034184,0.168155,0.018297,0.893886,0.353081,0.136044,0.542948,N,1.4478919506072998,Y,Y,N,1.0,1.0,1.0,1.0,1.0,1.0,1.0,1.0,1.0,1.0,1.0,1.0,1.0,1.0,1.0,1.0,Y,7322564.5,0.839516,1.0,0.858524,0.501961,1.0,0.851338,1.0,0.076923,0.390519,0.960133,1.0,1.0,1.0,1.0,1.0,Y
0,6.145391775553904e-05,0.35680056180238334,0.370044,0.23347163270916133,0.310781116461239,0.8497098454669822,0.0,0.5726171212380473,0.0,0.01376629562197998,0.1277343867984956,0.360215,0.9999999999999999,0.325472,0.150943,1.0,N,454.0,0.449339,0.370044,0.200441,0.156,0.8678410000000001,0.0,0.682796,0.0,0.005376,0.12264199999999999,0.360215,1.0,0.325472,0.150943,1.0,N,1.4663751125335693,Y,N,N,1.0,1.0,1.0,1.0,1.0,1.0,1.0,1.0,1.0,1.0,1.0,1.0,1.0,1.0,1.0,1.0,Y,7322564.5,0.839516,1.0,0.858524,0.501961,1.0,0.851338,1.0,0.076923,0.390519,0.960133,1.0,1.0,1.0,1.0,1.0,Y
0,6.145391775553904e-05,0.35680056180238334,0.370044,0.23347163270916133,0.310781116461239,0.8497098454669822,0.0,0.5726171212380473,0.0,0.01376629562197998,0.1277343867984956,0.360215,0.9999999999999999,0.325472,0.150943,1.0,N,454.0,0.449339,0.370044,0.200441,0.156,0.8678410000000001,0.0,0.682796,0.0,0.005376,0.12264199999999999,0.360215,1.0,0.325472,0.150943,1.0,N,1.4474678039550781,Y,N,N,1.0,1.0,1.0,1.0,1.0,1.0,1.0,1.0,1.0,1.0,1.0,1.0,1.0,1.0,1.0,1.0,Y,7322564.5,0.839516,1.0,0.858524,0.501961,1.0,0.851338,1.0,0.076923,0.390519,0.960133,1.0,1.0,1.0,1.0,1.0,Y
0,6.145391775553904e-05,0.35680056180238334,0.370044,0.23347163270916133,0.310781116461239,0.8497098454669822,0.0,0.5726171212380473,0.0,0.01376629562197998,0.1277343867984956,0.360215,0.9999999999999999,0.325472,0.150943,1.0,N,454.0,0.449339,0.370044,0.200441,0.156,0.8678410000000001,0.0,0.682796,0.0,0.005376,0.12264199999999999,0.360215,1.0,0.325472,0.150943,1.0,N,1.4431438446044922,Y,N,N,1.0,1.0,1.0,1.0,1.0,1.0,1.0,1.0,1.0,1.0,1.0,1.0,1.0,1.0,1.0,1.0,Y,7322564.5,0.839516,1.0,0.858524,0.501961,1.0,0.851338,1.0,0.076923,0.390519,0.960133,1.0,1.0,1.0,1.0,1.0,Y
0,6.145391775553904e-05,0.35680056180238334,0.370044,0.23347163270916133,0.310781116461239,0.8497098454669822,0.0,0.5726171212380473,0.0,0.01376629562197998,0.1277343867984956,0.360215,0.9999999999999999,0.325472,0.150943,1.0,N,454.0,0.449339,0.370044,0.200441,0.156,0.8678410000000001,0.0,0.682796,0.0,0.005376,0.12264199999999999,0.360215,1.0,0.325472,0.150943,1.0,N,1.4546806812286377,Y,N,N,1.0,1.0,1.0,1.0,1.0,1.0,1.0,1.0,1.0,1.0,1.0,1.0,1.0,1.0,1.0,1.0,Y,7322564.5,0.839516,1.0,0.858524,0.501961,1.0,0.851338,1.0,0.076923,0.390519,0.960133,1.0,1.0,1.0,1.0,1.0,Y
0,6.145391775553904e-05,0.35680056180238334,0.370044,0.23347163270916133,0.310781116461239,0.8497098454669822,0.0,0.5726171212380473,0.0,0.01376629562197998,0.1277343867984956,0.360215,0.9999999999999999,0.325472,0.150943,1.0,N,454.0,0.449339,0.370044,0.200441,0.156,0.8678410000000001,0.0,0.682796,0.0,0.005376,0.12264199999999999,0.360215,1.0,0.325472,0.150943,1.0,N,1.4451351165771484,Y,N,N,1.0,1.0,1.0,1.0,1.0,1.0,1.0,1.0,1.0,1.0,1.0,1.0,1.0,1.0,1.0,1.0,Y,7322564.5,0.839516,1.0,0.858524,0.501961,1.0,0.851338,1.0,0.076923,0.390519,0.960133,1.0,1.0,1.0,1.0,1.0,Y
0,0.0008681390114932483,0.4469230274686418,0.015406,0.09540210873545761,0.15975344698094074,0.8891590351608387,0.0,0.6936220781163054,0.046098046098046096,0.10442513680512343,0.030474944617047847,0.015071,0.9493028794784613,0.350258,0.061466,0.4,Y,6361.0,0.504009,0.015406,0.081905,0.08019,0.902531,0.0,0.772606,0.003546,0.04078,0.02926,0.015071,0.949468,0.350258,0.061466,0.4,Y,0.6686820983886719,N,Y,Y,,,,,,,,,,,,,,,,,,,,,,,,,,,,,,,,,,
0,0.0008681390114932483,0.4469230274686418,0.015406,0.09540210873545761,0.15975344698094074,0.8891590351608387,0.0,0.6936220781163054,0.046098046098046096,0.10442513680512343,0.030474944617047847,0.015071,0.9493028794784613,0.350258,0.061466,0.4,Y,6361.0,0.504009,0.015406,0.081905,0.08019,0.902531,0.0,0.772606,0.003546,0.04078,0.02926,0.015071,0.949468,0.350258,0.061466,0.4,Y,0.6664841175079346,N,Y,Y,,,,,,,,,,,,,,,,,,,,,,,,,,,,,,,,,,
0,0.0008681390114932483,0.4469230274686418,0.015406,0.09540210873545761,0.15975344698094074,0.8891590351608387,0.0,0.6936220781163054,0.046098046098046096,0.10442513680512343,0.030474944617047847,0.015071,0.9493028794784613,0.350258,0.061466,0.4,Y,6361.0,0.504009,0.015406,0.081905,0.08019,0.902531,0.0,0.772606,0.003546,0.04078,0.02926,0.015071,0.949468,0.350258,0.061466,0.4,Y,0.670478105545044,N,Y,Y,,,,,,,,,,,,,,,,,,,,,,,,,,,,,,,,,,
0,0.0008681390114932483,0.4469230274686418,0.015406,0.09540210873545761,0.15975344698094074,0.8891590351608387,0.0,0.6936220781163054,0.046098046098046096,0.10442513680512343,0.030474944617047847,0.015071,0.9493028794784613,0.350258,0.061466,0.4,Y,6361.0,0.504009,0.015406,0.081905,0.08019,0.902531,0.0,0.772606,0.003546,0.04078,0.02926,0.015071,0.949468,0.350258,0.061466,0.4,Y,0.667133092880249,N,Y,Y,,,,,,,,,,,,,,,,,,,,,,,,,,,,,,,,,,
0,0.0008681390114932483,0.4469230274686418,0.015406,0.09540210873545761,0.15975344698094074,0.8891590351608387,0.0,0.6936220781163054,0.046098046098046096,0.10442513680512343,0.030474944617047847,0.015071,0.9493028794784613,0.350258,0.061466,0.4,Y,6361.0,0.504009,0.015406,0.081905,0.08019,0.902531,0.0,0.772606,0.003546,0.04078,0.02926,0.015071,0.949468,0.350258,0.061466,0.4,Y,0.6649439334869385,N,Y,Y,,,,,,,,,,,,,,,,,,,,,,,,,,,,,,,,,,
0,0.00029538849801162434,0.43384892329452257,0.01246,0.13814057615162767,0.16419203882373334,0.8478141464407598,0.026560543520904742,0.6748387566171428,0.08344708344708344,0.13148656019297394,0.048443288586060465,0.006419,0.9896964413093444,0.21787,0.044843,0.5,Y,2167.0,0.49607799999999996,0.01246,0.118597,0.082418,0.8661740000000001,0.022612,0.7586649999999999,0.006419,0.05134799999999999,0.046512,0.006419,0.98973,0.21787,0.044843,0.5,Y,0.6663999557495117,N,Y,Y,,,,,,,,,,,,,,,,,,,,,,,,,,,,,,,,,,
0,0.00029538849801162434,0.43384892329452257,0.01246,0.13814057615162767,0.16419203882373334,0.8478141464407598,0.026560543520904742,0.6748387566171428,0.08344708344708344,0.13148656019297394,0.048443288586060465,0.006419,0.9896964413093444,0.21787,0.044843,0.5,Y,2167.0,0.49607799999999996,0.01246,0.118597,0.082418,0.8661740000000001,0.022612,0.7586649999999999,0.006419,0.05134799999999999,0.046512,0.006419,0.98973,0.21787,0.044843,0.5,Y,0.6680409908294678,N,Y,Y,,,,,,,,,,,,,,,,,,,,,,,,,,,,,,,,,,
0,0.00029538849801162434,0.43384892329452257,0.01246,0.13814057615162767,0.16419203882373334,0.8478141464407598,0.026560543520904742,0.6748387566171428,0.08344708344708344,0.13148656019297394,0.048443288586060465,0.006419,0.9896964413093444,0.21787,0.044843,0.5,Y,2167.0,0.49607799999999996,0.01246,0.118597,0.082418,0.8661740000000001,0.022612,0.7586649999999999,0.006419,0.05134799999999999,0.046512,0.006419,0.98973,0.21787,0.044843,0.5,Y,0.6668169498443604,N,Y,Y,,,,,,,,,,,,,,,,,,,,,,,,,,,,,,,,,,
0,0.00029538849801162434,0.43384892329452257,0.01246,0.13814057615162767,0.16419203882373334,0.8478141464407598,0.026560543520904742,0.6748387566171428,0.08344708344708344,0.13148656019297394,0.048443288586060465,0.006419,0.9896964413093444,0.21787,0.044843,0.5,Y,2167.0,0.49607799999999996,0.01246,0.118597,0.082418,0.8661740000000001,0.022612,0.7586649999999999,0.006419,0.05134799999999999,0.046512,0.006419,0.98973,0.21787,0.044843,0.5,Y,0.6690750122070312,N,Y,Y,,,,,,,,,,,,,,,,,,,,,,,,,,,,,,,,,,
0,0.00029538849801162434,0.43384892329452257,0.01246,0.13814057615162767,0.16419203882373334,0.8478141464407598,0.026560543520904742,0.6748387566171428,0.08344708344708344,0.13148656019297394,0.048443288586060465,0.006419,0.9896964413093444,0.21787,0.044843,0.5,Y,2167.0,0.49607799999999996,0.01246,0.118597,0.082418,0.8661740000000001,0.022612,0.7586649999999999,0.006419,0.05134799999999999,0.046512,0.006419,0.98973,0.21787,0.044843,0.5,Y,0.6641678810119629,N,Y,Y,,,,,,,,,,,,,,,,,,,,,,,,,,,,,,,,,,
0,0.0005246798933706244,0.4291705337287491,0.091524,0.059057172542642956,0.09914913708435516,0.9027211866825722,0.0,0.7203439499542577,0.038545038545038546,0.07402968869632463,0.14831591039991335,0.075612,0.9873568211665393,0.323586,0.108247,0.190476,Y,3845.9999999999995,0.49324000000000007,0.091524,0.050702,0.049769,0.914457,0.0,0.792439,0.002965,0.02891,0.142403,0.075612,0.987398,0.323586,0.108247,0.190476,Y,0.6685090065002441,N,N,Y,,,,,,,,,,,,,,,,,,,,,,,,,,,,,,,,,,
0,0.0005246798933706244,0.4291705337287491,0.091524,0.059057172542642956,0.09914913708435516,0.9027211866825722,0.0,0.7203439499542577,0.038545038545038546,0.07402968869632463,0.14831591039991335,0.075612,0.9873568211665393,0.323586,0.108247,0.190476,Y,3845.9999999999995,0.49324000000000007,0.091524,0.050702,0.049769,0.914457,0.0,0.792439,0.002965,0.02891,0.142403,0.075612,0.987398,0.323586,0.108247,0.190476,Y,0.672987699508667,N,N,Y,,,,,,,,,,,,,,,,,,,,,,,,,,,,,,,,,,
0,0.0005246798933706244,0.4291705337287491,0.091524,0.059057172542642956,0.09914913708435516,0.9027211866825722,0.0,0.7203439499542577,0.038545038545038546,0.07402968869632463,0.14831591039991335,0.075612,0.9873568211665393,0.323586,0.108247,0.190476,Y,3845.9999999999995,0.49324000000000007,0.091524,0.050702,0.049769,0.914457,0.0,0.792439,0.002965,0.02891,0.142403,0.075612,0.987398,0.323586,0.108247,0.190476,Y,0.6676909923553467,N,N,Y,,,,,,,,,,,,,,,,,,,,,,,,,,,,,,,,,,
0,0.0005246798933706244,0.4291705337287491,0.091524,0.059057172542642956,0.09914913708435516,0.9027211866825722,0.0,0.7203439499542577,0.038545038545038546,0.07402968869632463,0.14831591039991335,0.075612,0.9873568211665393,0.323586,0.108247,0.190476,Y,3845.9999999999995,0.49324000000000007,0.091524,0.050702,0.049769,0.914457,0.0,0.792439,0.002965,0.02891,0.142403,0.075612,0.987398,0.323586,0.108247,0.190476,Y,0.6672759056091309,N,N,Y,,,,,,,,,,,,,,,,,,,,,,,,,,,,,,,,,,
0,0.0005246798933706244,0.4291705337287491,0.091524,0.059057172542642956,0.09914913708435516,0.9027211866825722,0.0,0.7203439499542577,0.038545038545038546,0.07402968869632463,0.14831591039991335,0.075612,0.9873568211665393,0.323586,0.108247,0.190476,Y,3845.9999999999995,0.49324000000000007,0.091524,0.050702,0.049769,0.914457,0.0,0.792439,0.002965,0.02891,0.142403,0.075612,0.987398,0.323586,0.108247,0.190476,Y,0.6771328449249268,N,N,Y,,,,,,,,,,,,,,,,,,,,,,,,,,,,,,,,,,
0,5.0255648297863044e-05,0.4004325614594993,0.0,0.15029515773583502,0.17367883162237704,0.8777211582527726,0.0,0.6702308404327131,0.1818181818181818,0.05372081768108594,0.048604724553785776,0.0,0.9999999999999999,0.22,0.086957,0.5,N,372.0,0.475807,0.0,0.129032,0.08718,0.8924729999999998,0.0,0.755245,0.013986,0.020979,0.046667,0.0,1.0,0.22,0.086957,0.5,N,1.4510958194732666,Y,N,N,1.0,1.0,1.0,1.0,1.0,1.0,1.0,1.0,1.0,1.0,1.0,1.0,1.0,1.0,1.0,1.0,Y,7322564.5,0.839516,1.0,0.858524,0.501961,1.0,0.851338,1.0,0.076923,0.390519,0.960133,1.0,1.0,1.0,1.0,1.0,Y
0,5.0255648297863044e-05,0.4004325614594993,0.0,0.15029515773583502,0.17367883162237704,0.8777211582527726,0.0,0.6702308404327131,0.1818181818181818,0.05372081768108594,0.048604724553785776,0.0,0.9999999999999999,0.22,0.086957,0.5,N,372.0,0.475807,0.0,0.129032,0.08718,0.8924729999999998,0.0,0.755245,0.013986,0.020979,0.046667,0.0,1.0,0.22,0.086957,0.5,N,1.4521379470825195,Y,N,N,1.0,1.0,1.0,1.0,1.0,1.0,1.0,1.0,1.0,1.0,1.0,1.0,1.0,1.0,1.0,1.0,Y,7322564.5,0.839516,1.0,0.858524,0.501961,1.0,0.851338,1.0,0.076923,0.390519,0.960133,1.0,1.0,1.0,1.0,1.0,Y
0,5.0255648297863044e-05,0.4004325614594993,0.0,0.15029515773583502,0.17367883162237704,0.8777211582527726,0.0,0.6702308404327131,0.1818181818181818,0.05372081768108594,0.048604724553785776,0.0,0.9999999999999999,0.22,0.086957,0.5,N,372.0,0.475807,0.0,0.129032,0.08718,0.8924729999999998,0.0,0.755245,0.013986,0.020979,0.046667,0.0,1.0,0.22,0.086957,0.5,N,1.451768159866333,Y,N,N,1.0,1.0,1.0,1.0,1.0,1.0,1.0,1.0,1.0,1.0,1.0,1.0,1.0,1.0,1.0,1.0,Y,7322564.5,0.839516,1.0,0.858524,0.501961,1.0,0.851338,1.0,0.076923,0.390519,0.960133,1.0,1.0,1.0,1.0,1.0,Y
0,5.0255648297863044e-05,0.4004325614594993,0.0,0.15029515773583502,0.17367883162237704,0.8777211582527726,0.0,0.6702308404327131,0.1818181818181818,0.05372081768108594,0.048604724553785776,0.0,0.9999999999999999,0.22,0.086957,0.5,N,372.0,0.475807,0.0,0.129032,0.08718,0.8924729999999998,0.0,0.755245,0.013986,0.020979,0.046667,0.0,1.0,0.22,0.086957,0.5,N,1.4531466960906982,Y,N,N,1.0,1.0,1.0,1.0,1.0,1.0,1.0,1.0,1.0,1.0,1.0,1.0,1.0,1.0,1.0,1.0,Y,7322564.5,0.839516,1.0,0.858524,0.501961,1.0,0.851338,1.0,0.076923,0.390519,0.960133,1.0,1.0,1.0,1.0,1.0,Y
0,5.0255648297863044e-05,0.4004325614594993,0.0,0.15029515773583502,0.17367883162237704,0.8777211582527726,0.0,0.6702308404327131,0.1818181818181818,0.05372081768108594,0.048604724553785776,0.0,0.9999999999999999,0.22,0.086957,0.5,N,372.0,0.475807,0.0,0.129032,0.08718,0.8924729999999998,0.0,0.755245,0.013986,0.020979,0.046667,0.0,1.0,0.22,0.086957,0.5,N,1.4603002071380615,Y,N,N,1.0,1.0,1.0,1.0,1.0,1.0,1.0,1.0,1.0,1.0,1.0,1.0,1.0,1.0,1.0,1.0,Y,7322564.5,0.839516,1.0,0.858524,0.501961,1.0,0.851338,1.0,0.076923,0.390519,0.960133,1.0,1.0,1.0,1.0,1.0,Y
0,0.00012140562863260935,0.34893730661255246,0.99888,0.14608793697089426,0.20082635901992385,0.8879365537852004,0.0,0.6150449810765546,0.0,0.08441842778456363,0.10620820240529176,0.996337,0.9963250306247448,0.335526,0.333333,0.0,N,893.0,0.44456899999999994,0.99888,0.12542,0.100807,0.901456,0.0,0.7142859999999999,0.0,0.032967,0.101974,0.996337,0.996337,0.335526,0.333333,0.0,N,1.456449031829834,Y,N,N,1.0,1.0,1.0,1.0,1.0,1.0,1.0,1.0,1.0,1.0,1.0,1.0,1.0,1.0,1.0,1.0,Y,7322564.5,0.839516,1.0,0.858524,0.501961,1.0,0.851338,1.0,0.076923,0.390519,0.960133,1.0,1.0,1.0,1.0,1.0,Y
0,0.00012140562863260935,0.34893730661255246,0.99888,0.14608793697089426,0.20082635901992385,0.8879365537852004,0.0,0.6150449810765546,0.0,0.08441842778456363,0.10620820240529176,0.996337,0.9963250306247448,0.335526,0.333333,0.0,N,893.0,0.44456899999999994,0.99888,0.12542,0.100807,0.901456,0.0,0.7142859999999999,0.0,0.032967,0.101974,0.996337,0.996337,0.335526,0.333333,0.0,N,1.4542279243469238,Y,N,N,1.0,1.0,1.0,1.0,1.0,1.0,1.0,1.0,1.0,1.0,1.0,1.0,1.0,1.0,1.0,1.0,Y,7322564.5,0.839516,1.0,0.858524,0.501961,1.0,0.851338,1.0,0.076923,0.390519,0.960133,1.0,1.0,1.0,1.0,1.0,Y
0,0.00012140562863260935,0.34893730661255246,0.99888,0.14608793697089426,0.20082635901992385,0.8879365537852004,0.0,0.6150449810765546,0.0,0.08441842778456363,0.10620820240529176,0.996337,0.9963250306247448,0.335526,0.333333,0.0,N,893.0,0.44456899999999994,0.99888,0.12542,0.100807,0.901456,0.0,0.7142859999999999,0.0,0.032967,0.101974,0.996337,0.996337,0.335526,0.333333,0.0,N,1.4545650482177734,Y,N,N,1.0,1.0,1.0,1.0,1.0,1.0,1.0,1.0,1.0,1.0,1.0,1.0,1.0,1.0,1.0,1.0,Y,7322564.5,0.839516,1.0,0.858524,0.501961,1.0,0.851338,1.0,0.076923,0.390519,0.960133,1.0,1.0,1.0,1.0,1.0,Y
0,0.00012140562863260935,0.34893730661255246,0.99888,0.14608793697089426,0.20082635901992385,0.8879365537852004,0.0,0.6150449810765546,0.0,0.08441842778456363,0.10620820240529176,0.996337,0.9963250306247448,0.335526,0.333333,0.0,N,893.0,0.44456899999999994,0.99888,0.12542,0.100807,0.901456,0.0,0.7142859999999999,0.0,0.032967,0.101974,0.996337,0.996337,0.335526,0.333333,0.0,N,1.4525349140167236,Y,N,N,1.0,1.0,1.0,1.0,1.0,1.0,1.0,1.0,1.0,1.0,1.0,1.0,1.0,1.0,1.0,1.0,Y,7322564.5,0.839516,1.0,0.858524,0.501961,1.0,0.851338,1.0,0.076923,0.390519,0.960133,1.0,1.0,1.0,1.0,1.0,Y
0,0.00012140562863260935,0.34893730661255246,0.99888,0.14608793697089426,0.20082635901992385,0.8879365537852004,0.0,0.6150449810765546,0.0,0.08441842778456363,0.10620820240529176,0.996337,0.9963250306247448,0.335526,0.333333,0.0,N,893.0,0.44456899999999994,0.99888,0.12542,0.100807,0.901456,0.0,0.7142859999999999,0.0,0.032967,0.101974,0.996337,0.996337,0.335526,0.333333,0.0,N,1.4491009712219238,Y,N,N,1.0,1.0,1.0,1.0,1.0,1.0,1.0,1.0,1.0,1.0,1.0,1.0,1.0,1.0,1.0,1.0,Y,7322564.5,0.839516,1.0,0.858524,0.501961,1.0,0.851338,1.0,0.076923,0.390519,0.960133,1.0,1.0,1.0,1.0,1.0,Y
0,0.0025201568850238163,0.44397554313333415,0.266064,0.10588987611295667,0.1814822267068557,0.655540001296399,0.05600125919435055,0.4228032567997078,0.01773201773201773,0.3632192031629703,0.05946988594288499,0.231724,0.9902843561479738,0.470036,0.051749,0.351351,Y,18458.0,0.502221,0.266064,0.090909,0.091097,0.6970960000000002,0.047676,0.571604,0.001364,0.141844,0.057099,0.231724,0.990316,0.470036,0.051749,0.351351,Y,0.6653218269348145,N,N,Y,,,,,,,,,,,,,,,,,,,,,,,,,,,,,,,,,,
0,0.0025201568850238163,0.44397554313333415,0.266064,0.10588987611295667,0.1814822267068557,0.655540001296399,0.05600125919435055,0.4228032567997078,0.01773201773201773,0.3632192031629703,0.05946988594288499,0.231724,0.9902843561479738,0.470036,0.051749,0.351351,Y,18458.0,0.502221,0.266064,0.090909,0.091097,0.6970960000000002,0.047676,0.571604,0.001364,0.141844,0.057099,0.231724,0.990316,0.470036,0.051749,0.351351,Y,0.6684143543243408,N,N,Y,,,,,,,,,,,,,,,,,,,,,,,,,,,,,,,,,,
0,0.0025201568850238163,0.44397554313333415,0.266064,0.10588987611295667,0.1814822267068557,0.655540001296399,0.05600125919435055,0.4228032567997078,0.01773201773201773,0.3632192031629703,0.05946988594288499,0.231724,0.9902843561479738,0.470036,0.051749,0.351351,Y,18458.0,0.502221,0.266064,0.090909,0.091097,0.6970960000000002,0.047676,0.571604,0.001364,0.141844,0.057099,0.231724,0.990316,0.470036,0.051749,0.351351,Y,0.670598030090332,N,N,Y,,,,,,,,,,,,,,,,,,,,,,,,,,,,,,,,,,
0,0.0025201568850238163,0.44397554313333415,0.266064,0.10588987611295667,0.1814822267068557,0.655540001296399,0.05600125919435055,0.4228032567997078,0.01773201773201773,0.3632192031629703,0.05946988594288499,0.231724,0.9902843561479738,0.470036,0.051749,0.351351,Y,18458.0,0.502221,0.266064,0.090909,0.091097,0.6970960000000002,0.047676,0.571604,0.001364,0.141844,0.057099,0.231724,0.990316,0.470036,0.051749,0.351351,Y,0.6708669662475586,N,N,Y,,,,,,,,,,,,,,,,,,,,,,,,,,,,,,,,,,
0,0.0025201568850238163,0.44397554313333415,0.266064,0.10588987611295667,0.1814822267068557,0.655540001296399,0.05600125919435055,0.4228032567997078,0.01773201773201773,0.3632192031629703,0.05946988594288499,0.231724,0.9902843561479738,0.470036,0.051749,0.351351,Y,18458.0,0.502221,0.266064,0.090909,0.091097,0.6970960000000002,0.047676,0.571604,0.001364,0.141844,0.057099,0.231724,0.990316,0.470036,0.051749,0.351351,Y,0.6735231876373291,N,N,Y,,,,,,,,,,,,,,,,,,,,,,,,,,,,,,,,,,
0,0.001116003146440589,0.44374145880692833,0.00159,0.058268609846667076,0.07878699739621206,0.8792711509178845,0.0,0.693464438878417,0.10465010465010463,0.14699156763179258,0.042318095513850684,0.00175,0.9926259828260644,0.273674,0.033766,0.347826,Y,8175.999999999999,0.502079,0.00159,0.050025,0.039548,0.8938360000000001,0.0,0.772489,0.00805,0.05740300000000001,0.040631,0.00175,0.99265,0.273674,0.033766,0.347826,Y,0.6665899753570557,N,Y,Y,,,,,,,,,,,,,,,,,,,,,,,,,,,,,,,,,,
0,0.001116003146440589,0.44374145880692833,0.00159,0.058268609846667076,0.07878699739621206,0.8792711509178845,0.0,0.693464438878417,0.10465010465010463,0.14699156763179258,0.042318095513850684,0.00175,0.9926259828260644,0.273674,0.033766,0.347826,Y,8175.999999999999,0.502079,0.00159,0.050025,0.039548,0.8938360000000001,0.0,0.772489,0.00805,0.05740300000000001,0.040631,0.00175,0.99265,0.273674,0.033766,0.347826,Y,0.6695959568023682,N,Y,Y,,,,,,,,,,,,,,,,,,,,,,,,,,,,,,,,,,
0,0.001116003146440589,0.44374145880692833,0.00159,0.058268609846667076,0.07878699739621206,0.8792711509178845,0.0,0.693464438878417,0.10465010465010463,0.14699156763179258,0.042318095513850684,0.00175,0.9926259828260644,0.273674,0.033766,0.347826,Y,8175.999999999999,0.502079,0.00159,0.050025,0.039548,0.8938360000000001,0.0,0.772489,0.00805,0.05740300000000001,0.040631,0.00175,0.99265,0.273674,0.033766,0.347826,Y,0.671881914138794,N,Y,Y,,,,,,,,,,,,,,,,,,,,,,,,,,,,,,,,,,
0,0.001116003146440589,0.44374145880692833,0.00159,0.058268609846667076,0.07878699739621206,0.8792711509178845,0.0,0.693464438878417,0.10465010465010463,0.14699156763179258,0.042318095513850684,0.00175,0.9926259828260644,0.273674,0.033766,0.347826,Y,8175.999999999999,0.502079,0.00159,0.050025,0.039548,0.8938360000000001,0.0,0.772489,0.00805,0.05740300000000001,0.040631,0.00175,0.99265,0.273674,0.033766,0.347826,Y,0.8057270050048828,N,Y,Y,,,,,,,,,,,,,,,,,,,,,,,,,,,,,,,,,,
0,0.001116003146440589,0.44374145880692833,0.00159,0.058268609846667076,0.07878699739621206,0.8792711509178845,0.0,0.693464438878417,0.10465010465010463,0.14699156763179258,0.042318095513850684,0.00175,0.9926259828260644,0.273674,0.033766,0.347826,Y,8175.999999999999,0.502079,0.00159,0.050025,0.039548,0.8938360000000001,0.0,0.772489,0.00805,0.05740300000000001,0.040631,0.00175,0.99265,0.273674,0.033766,0.347826,Y,0.6714620590209961,N,Y,Y,,,,,,,,,,,,,,,,,,,,,,,,,,,,,,,,,,
0,0.0006096228641349474,0.4923370352725516,0.002686,0.03858249740251874,0.05901454495468772,0.6505454541319302,0.03969751144668745,0.4087477650932833,0.0896090896090896,0.48831170826515485,0.7144499772427361,0.001149,0.9752212957602912,0.570166,0.057953,0.254545,Y,4468.0,0.531558,0.002686,0.033124,0.029623,0.692704,0.033796,0.561172,0.006893,0.190695,0.685967,0.001149,0.975302,0.570166,0.057953,0.254545,Y,0.6720108985900879,N,Y,Y,,,,,,,,,,,,,,,,,,,,,,,,,,,,,,,,,,
0,0.0006096228641349474,0.4923370352725516,0.002686,0.03858249740251874,0.05901454495468772,0.6505454541319302,0.03969751144668745,0.4087477650932833,0.0896090896090896,0.48831170826515485,0.7144499772427361,0.001149,0.9752212957602912,0.570166,0.057953,0.254545,Y,4468.0,0.531558,0.002686,0.033124,0.029623,0.692704,0.033796,0.561172,0.006893,0.190695,0.685967,0.001149,0.975302,0.570166,0.057953,0.254545,Y,0.6776900291442871,N,Y,Y,,,,,,,,,,,,,,,,,,,,,,,,,,,,,,,,,,
0,0.0006096228641349474,0.4923370352725516,0.002686,0.03858249740251874,0.05901454495468772,0.6505454541319302,0.03969751144668745,0.4087477650932833,0.0896090896090896,0.48831170826515485,0.7144499772427361,0.001149,0.9752212957602912,0.570166,0.057953,0.254545,Y,4468.0,0.531558,0.002686,0.033124,0.029623,0.692704,0.033796,0.561172,0.006893,0.190695,0.685967,0.001149,0.975302,0.570166,0.057953,0.254545,Y,0.6775040626525879,N,Y,Y,,,,,,,,,,,,,,,,,,,,,,,,,,,,,,,,,,
0,0.0006096228641349474,0.4923370352725516,0.002686,0.03858249740251874,0.05901454495468772,0.6505454541319302,0.03969751144668745,0.4087477650932833,0.0896090896090896,0.48831170826515485,0.7144499772427361,0.001149,0.9752212957602912,0.570166,0.057953,0.254545,Y,4468.0,0.531558,0.002686,0.033124,0.029623,0.692704,0.033796,0.561172,0.006893,0.190695,0.685967,0.001149,0.975302,0.570166,0.057953,0.254545,Y,0.6699428558349609,N,Y,Y,,,,,,,,,,,,,,,,,,,,,,,,,,,,,,,,,,
0,0.0006096228641349474,0.4923370352725516,0.002686,0.03858249740251874,0.05901454495468772,0.6505454541319302,0.03969751144668745,0.4087477650932833,0.0896090896090896,0.48831170826515485,0.7144499772427361,0.001149,0.9752212957602912,0.570166,0.057953,0.254545,Y,4468.0,0.531558,0.002686,0.033124,0.029623,0.692704,0.033796,0.561172,0.006893,0.190695,0.685967,0.001149,0.975302,0.570166,0.057953,0.254545,Y,0.6674370765686035,N,Y,Y,,,,,,,,,,,,,,,,,,,,,,,,,,,,,,,,,,
0,7.552003670847354e-05,0.45659136954167284,0.0,0.09201257041154354,0.16783973256886492,0.9346671837099523,0.0,0.7754422319560335,0.08333008333008332,0.0656587771657717,0.06860299562664755,0.0,0.6977335180683485,0.497006,0.390244,0.666667,N,557.0,0.509874,0.0,0.078995,0.084249,0.942549,0.0,0.833333,0.00641,0.025641,0.065868,0.0,0.698718,0.497006,0.390244,0.666667,N,1.4586429595947266,Y,N,N,1.0,1.0,1.0,1.0,1.0,1.0,1.0,1.0,1.0,1.0,1.0,1.0,1.0,1.0,1.0,1.0,Y,7322564.5,0.839516,1.0,0.858524,0.501961,1.0,0.851338,1.0,0.076923,0.390519,0.960133,1.0,1.0,1.0,1.0,1.0,Y
0,7.552003670847354e-05,0.45659136954167284,0.0,0.09201257041154354,0.16783973256886492,0.9346671837099523,0.0,0.7754422319560335,0.08333008333008332,0.0656587771657717,0.06860299562664755,0.0,0.6977335180683485,0.497006,0.390244,0.666667,N,557.0,0.509874,0.0,0.078995,0.084249,0.942549,0.0,0.833333,0.00641,0.025641,0.065868,0.0,0.698718,0.497006,0.390244,0.666667,N,1.4602313041687012,Y,N,N,1.0,1.0,1.0,1.0,1.0,1.0,1.0,1.0,1.0,1.0,1.0,1.0,1.0,1.0,1.0,1.0,Y,7322564.5,0.839516,1.0,0.858524,0.501961,1.0,0.851338,1.0,0.076923,0.390519,0.960133,1.0,1.0,1.0,1.0,1.0,Y
0,7.552003670847354e-05,0.45659136954167284,0.0,0.09201257041154354,0.16783973256886492,0.9346671837099523,0.0,0.7754422319560335,0.08333008333008332,0.0656587771657717,0.06860299562664755,0.0,0.6977335180683485,0.497006,0.390244,0.666667,N,557.0,0.509874,0.0,0.078995,0.084249,0.942549,0.0,0.833333,0.00641,0.025641,0.065868,0.0,0.698718,0.497006,0.390244,0.666667,N,1.4542322158813477,Y,N,N,1.0,1.0,1.0,1.0,1.0,1.0,1.0,1.0,1.0,1.0,1.0,1.0,1.0,1.0,1.0,1.0,Y,7322564.5,0.839516,1.0,0.858524,0.501961,1.0,0.851338,1.0,0.076923,0.390519,0.960133,1.0,1.0,1.0,1.0,1.0,Y
0,7.552003670847354e-05,0.45659136954167284,0.0,0.09201257041154354,0.16783973256886492,0.9346671837099523,0.0,0.7754422319560335,0.08333008333008332,0.0656587771657717,0.06860299562664755,0.0,0.6977335180683485,0.497006,0.390244,0.666667,N,557.0,0.509874,0.0,0.078995,0.084249,0.942549,0.0,0.833333,0.00641,0.025641,0.065868,0.0,0.698718,0.497006,0.390244,0.666667,N,1.4538021087646484,Y,N,N,1.0,1.0,1.0,1.0,1.0,1.0,1.0,1.0,1.0,1.0,1.0,1.0,1.0,1.0,1.0,1.0,Y,7322564.5,0.839516,1.0,0.858524,0.501961,1.0,0.851338,1.0,0.076923,0.390519,0.960133,1.0,1.0,1.0,1.0,1.0,Y
0,7.552003670847354e-05,0.45659136954167284,0.0,0.09201257041154354,0.16783973256886492,0.9346671837099523,0.0,0.7754422319560335,0.08333008333008332,0.0656587771657717,0.06860299562664755,0.0,0.6977335180683485,0.497006,0.390244,0.666667,N,557.0,0.509874,0.0,0.078995,0.084249,0.942549,0.0,0.833333,0.00641,0.025641,0.065868,0.0,0.698718,0.497006,0.390244,0.666667,N,1.4555890560150146,Y,N,N,1.0,1.0,1.0,1.0,1.0,1.0,1.0,1.0,1.0,1.0,1.0,1.0,1.0,1.0,1.0,1.0,Y,7322564.5,0.839516,1.0,0.858524,0.501961,1.0,0.851338,1.0,0.076923,0.390519,0.960133,1.0,1.0,1.0,1.0,1.0,Y
0,0.000269168159769261,0.3973284714128638,0.002025,0.15982663268586553,0.13613607431653058,0.8618095681058588,0.0035685004075936937,0.6386073314371714,0.0,0.10566963451202117,0.07940462415102907,0.001376,0.4893959626503522,0.311309,0.061611,0.333333,Y,1975.0,0.473924,0.002025,0.137215,0.068335,0.878481,0.003038,0.731774,0.0,0.041266,0.076239,0.001376,0.491059,0.311309,0.061611,0.333333,Y,0.6671040058135986,N,Y,Y,,,,,,,,,,,,,,,,,,,,,,,,,,,,,,,,,,
0,0.000269168159769261,0.3973284714128638,0.002025,0.15982663268586553,0.13613607431653058,0.8618095681058588,0.0035685004075936937,0.6386073314371714,0.0,0.10566963451202117,0.07940462415102907,0.001376,0.4893959626503522,0.311309,0.061611,0.333333,Y,1975.0,0.473924,0.002025,0.137215,0.068335,0.878481,0.003038,0.731774,0.0,0.041266,0.076239,0.001376,0.491059,0.311309,0.061611,0.333333,Y,0.6638588905334473,N,Y,Y,,,,,,,,,,,,,,,,,,,,,,,,,,,,,,,,,,
0,0.000269168159769261,0.3973284714128638,0.002025,0.15982663268586553,0.13613607431653058,0.8618095681058588,0.0035685004075936937,0.6386073314371714,0.0,0.10566963451202117,0.07940462415102907,0.001376,0.4893959626503522,0.311309,0.061611,0.333333,Y,1975.0,0.473924,0.002025,0.137215,0.068335,0.878481,0.003038,0.731774,0.0,0.041266,0.076239,0.001376,0.491059,0.311309,0.061611,0.333333,Y,0.6685209274291992,N,Y,Y,,,,,,,,,,,,,,,,,,,,,,,,,,,,,,,,,,
0,0.000269168159769261,0.3973284714128638,0.002025,0.15982663268586553,0.13613607431653058,0.8618095681058588,0.0035685004075936937,0.6386073314371714,0.0,0.10566963451202117,0.07940462415102907,0.001376,0.4893959626503522,0.311309,0.061611,0.333333,Y,1975.0,0.473924,0.002025,0.137215,0.068335,0.878481,0.003038,0.731774,0.0,0.041266,0.076239,0.001376,0.491059,0.311309,0.061611,0.333333,Y,0.6660430431365967,N,Y,Y,,,,,,,,,,,,,,,,,,,,,,,,,,,,,,,,,,
0,0.000269168159769261,0.3973284714128638,0.002025,0.15982663268586553,0.13613607431653058,0.8618095681058588,0.0035685004075936937,0.6386073314371714,0.0,0.10566963451202117,0.07940462415102907,0.001376,0.4893959626503522,0.311309,0.061611,0.333333,Y,1975.0,0.473924,0.002025,0.137215,0.068335,0.878481,0.003038,0.731774,0.0,0.041266,0.076239,0.001376,0.491059,0.311309,0.061611,0.333333,Y,0.6658120155334473,N,Y,Y,,,,,,,,,,,,,,,,,,,,,,,,,,,,,,,,,,
0,7.497377966175763e-05,0.41199500839901154,0.0,0.2127372094431839,0.3064899464301012,0.8683904980787143,0.0,0.6463990212893811,0.058825058825058826,0.0463485771498954,0.057862816922238894,0.0,0.9999999999999999,0.205128,0.083333,0.0,N,553.0,0.482821,0.0,0.18264,0.153846,0.884268,0.0,0.7375569999999999,0.004525,0.0181,0.055556,0.0,1.0,0.205128,0.083333,0.0,N,1.459676742553711,Y,N,N,1.0,1.0,1.0,1.0,1.0,1.0,1.0,1.0,1.0,1.0,1.0,1.0,1.0,1.0,1.0,1.0,Y,7322564.5,0.839516,1.0,0.858524,0.501961,1.0,0.851338,1.0,0.076923,0.390519,0.960133,1.0,1.0,1.0,1.0,1.0,Y
0,7.497377966175763e-05,0.41199500839901154,0.0,0.2127372094431839,0.3064899464301012,0.8683904980787143,0.0,0.6463990212893811,0.058825058825058826,0.0463485771498954,0.057862816922238894,0.0,0.9999999999999999,0.205128,0.083333,0.0,N,553.0,0.482821,0.0,0.18264,0.153846,0.884268,0.0,0.7375569999999999,0.004525,0.0181,0.055556,0.0,1.0,0.205128,0.083333,0.0,N,1.4628050327301025,Y,N,N,1.0,1.0,1.0,1.0,1.0,1.0,1.0,1.0,1.0,1.0,1.0,1.0,1.0,1.0,1.0,1.0,Y,7322564.5,0.839516,1.0,0.858524,0.501961,1.0,0.851338,1.0,0.076923,0.390519,0.960133,1.0,1.0,1.0,1.0,1.0,Y
0,7.497377966175763e-05,0.41199500839901154,0.0,0.2127372094431839,0.3064899464301012,0.8683904980787143,0.0,0.6463990212893811,0.058825058825058826,0.0463485771498954,0.057862816922238894,0.0,0.9999999999999999,0.205128,0.083333,0.0,N,553.0,0.482821,0.0,0.18264,0.153846,0.884268,0.0,0.7375569999999999,0.004525,0.0181,0.055556,0.0,1.0,0.205128,0.083333,0.0,N,1.4578721523284912,Y,N,N,1.0,1.0,1.0,1.0,1.0,1.0,1.0,1.0,1.0,1.0,1.0,1.0,1.0,1.0,1.0,1.0,Y,7322564.5,0.839516,1.0,0.858524,0.501961,1.0,0.851338,1.0,0.076923,0.390519,0.960133,1.0,1.0,1.0,1.0,1.0,Y
0,7.497377966175763e-05,0.41199500839901154,0.0,0.2127372094431839,0.3064899464301012,0.8683904980787143,0.0,0.6463990212893811,0.058825058825058826,0.0463485771498954,0.057862816922238894,0.0,0.9999999999999999,0.205128,0.083333,0.0,N,553.0,0.482821,0.0,0.18264,0.153846,0.884268,0.0,0.7375569999999999,0.004525,0.0181,0.055556,0.0,1.0,0.205128,0.083333,0.0,N,1.4551141262054443,Y,N,N,1.0,1.0,1.0,1.0,1.0,1.0,1.0,1.0,1.0,1.0,1.0,1.0,1.0,1.0,1.0,1.0,Y,7322564.5,0.839516,1.0,0.858524,0.501961,1.0,0.851338,1.0,0.076923,0.390519,0.960133,1.0,1.0,1.0,1.0,1.0,Y
0,7.497377966175763e-05,0.41199500839901154,0.0,0.2127372094431839,0.3064899464301012,0.8683904980787143,0.0,0.6463990212893811,0.058825058825058826,0.0463485771498954,0.057862816922238894,0.0,0.9999999999999999,0.205128,0.083333,0.0,N,553.0,0.482821,0.0,0.18264,0.153846,0.884268,0.0,0.7375569999999999,0.004525,0.0181,0.055556,0.0,1.0,0.205128,0.083333,0.0,N,1.4970629215240479,Y,N,N,1.0,1.0,1.0,1.0,1.0,1.0,1.0,1.0,1.0,1.0,1.0,1.0,1.0,1.0,1.0,1.0,Y,7322564.5,0.839516,1.0,0.858524,0.501961,1.0,0.851338,1.0,0.076923,0.390519,0.960133,1.0,1.0,1.0,1.0,1.0,Y
0,0.013596747585543852,0.40623356670331784,0.009722,0.15934557449762618,0.20820342616259033,0.7469020047557369,0.032443048471934764,0.49213218521667296,0.07283907283907283,0.21672441033598877,0.09445358091014473,0.008925,0.9834360512188196,0.434999,0.05807,0.488889,N,99567.0,0.479326,0.009722,0.136802,0.10451,0.777436,0.02762,0.62306,0.005603,0.084635,0.090688,0.008925,0.98349,0.434999,0.05807,0.488889,N,1.4754276275634766,Y,Y,N,1.0,1.0,1.0,1.0,1.0,1.0,1.0,1.0,1.0,1.0,1.0,1.0,1.0,1.0,1.0,1.0,Y,7322564.5,0.839516,1.0,0.858524,0.501961,1.0,0.851338,1.0,0.076923,0.390519,0.960133,1.0,1.0,1.0,1.0,1.0,Y
0,0.013596747585543852,0.40623356670331784,0.009722,0.15934557449762618,0.20820342616259033,0.7469020047557369,0.032443048471934764,0.49213218521667296,0.07283907283907283,0.21672441033598877,0.09445358091014473,0.008925,0.9834360512188196,0.434999,0.05807,0.488889,N,99567.0,0.479326,0.009722,0.136802,0.10451,0.777436,0.02762,0.62306,0.005603,0.084635,0.090688,0.008925,0.98349,0.434999,0.05807,0.488889,N,1.4430499076843262,Y,Y,N,1.0,1.0,1.0,1.0,1.0,1.0,1.0,1.0,1.0,1.0,1.0,1.0,1.0,1.0,1.0,1.0,Y,7322564.5,0.839516,1.0,0.858524,0.501961,1.0,0.851338,1.0,0.076923,0.390519,0.960133,1.0,1.0,1.0,1.0,1.0,Y
0,0.013596747585543852,0.40623356670331784,0.009722,0.15934557449762618,0.20820342616259033,0.7469020047557369,0.032443048471934764,0.49213218521667296,0.07283907283907283,0.21672441033598877,0.09445358091014473,0.008925,0.9834360512188196,0.434999,0.05807,0.488889,N,99567.0,0.479326,0.009722,0.136802,0.10451,0.777436,0.02762,0.62306,0.005603,0.084635,0.090688,0.008925,0.98349,0.434999,0.05807,0.488889,N,1.4377222061157227,Y,Y,N,1.0,1.0,1.0,1.0,1.0,1.0,1.0,1.0,1.0,1.0,1.0,1.0,1.0,1.0,1.0,1.0,Y,7322564.5,0.839516,1.0,0.858524,0.501961,1.0,0.851338,1.0,0.076923,0.390519,0.960133,1.0,1.0,1.0,1.0,1.0,Y
0,0.013596747585543852,0.40623356670331784,0.009722,0.15934557449762618,0.20820342616259033,0.7469020047557369,0.032443048471934764,0.49213218521667296,0.07283907283907283,0.21672441033598877,0.09445358091014473,0.008925,0.9834360512188196,0.434999,0.05807,0.488889,N,99567.0,0.479326,0.009722,0.136802,0.10451,0.777436,0.02762,0.62306,0.005603,0.084635,0.090688,0.008925,0.98349,0.434999,0.05807,0.488889,N,1.4617247581481934,Y,Y,N,1.0,1.0,1.0,1.0,1.0,1.0,1.0,1.0,1.0,1.0,1.0,1.0,1.0,1.0,1.0,1.0,Y,7322564.5,0.839516,1.0,0.858524,0.501961,1.0,0.851338,1.0,0.076923,0.390519,0.960133,1.0,1.0,1.0,1.0,1.0,Y
0,0.013596747585543852,0.40623356670331784,0.009722,0.15934557449762618,0.20820342616259033,0.7469020047557369,0.032443048471934764,0.49213218521667296,0.07283907283907283,0.21672441033598877,0.09445358091014473,0.008925,0.9834360512188196,0.434999,0.05807,0.488889,N,99567.0,0.479326,0.009722,0.136802,0.10451,0.777436,0.02762,0.62306,0.005603,0.084635,0.090688,0.008925,0.98349,0.434999,0.05807,0.488889,N,1.4367930889129639,Y,Y,N,1.0,1.0,1.0,1.0,1.0,1.0,1.0,1.0,1.0,1.0,1.0,1.0,1.0,1.0,1.0,1.0,Y,7322564.5,0.839516,1.0,0.858524,0.501961,1.0,0.851338,1.0,0.076923,0.390519,0.960133,1.0,1.0,1.0,1.0,1.0,Y
0,0.00013943211117423414,0.40412845624683696,0.074146,0.2068212420386617,0.21597494626076527,0.8513326184186436,0.0,0.6233931239650714,0.03133003133003132,0.09872503002414734,0.052433360794806545,0.062651,0.9951652532297692,0.212815,0.049383,0.25,Y,1025.0,0.478049,0.074146,0.177561,0.108411,0.869268,0.0,0.720482,0.00241,0.038554,0.050343,0.062651,0.995181,0.212815,0.049383,0.25,Y,0.658184289932251,N,N,Y,,,,,,,,,,,,,,,,,,,,,,,,,,,,,,,,,,
0,0.00013943211117423414,0.40412845624683696,0.074146,0.2068212420386617,0.21597494626076527,0.8513326184186436,0.0,0.6233931239650714,0.03133003133003132,0.09872503002414734,0.052433360794806545,0.062651,0.9951652532297692,0.212815,0.049383,0.25,Y,1025.0,0.478049,0.074146,0.177561,0.108411,0.869268,0.0,0.720482,0.00241,0.038554,0.050343,0.062651,0.995181,0.212815,0.049383,0.25,Y,0.6563878059387207,N,N,Y,,,,,,,,,,,,,,,,,,,,,,,,,,,,,,,,,,
0,0.00013943211117423414,0.40412845624683696,0.074146,0.2068212420386617,0.21597494626076527,0.8513326184186436,0.0,0.6233931239650714,0.03133003133003132,0.09872503002414734,0.052433360794806545,0.062651,0.9951652532297692,0.212815,0.049383,0.25,Y,1025.0,0.478049,0.074146,0.177561,0.108411,0.869268,0.0,0.720482,0.00241,0.038554,0.050343,0.062651,0.995181,0.212815,0.049383,0.25,Y,0.6631512641906738,N,N,Y,,,,,,,,,,,,,,,,,,,,,,,,,,,,,,,,,,
0,0.00013943211117423414,0.40412845624683696,0.074146,0.2068212420386617,0.21597494626076527,0.8513326184186436,0.0,0.6233931239650714,0.03133003133003132,0.09872503002414734,0.052433360794806545,0.062651,0.9951652532297692,0.212815,0.049383,0.25,Y,1025.0,0.478049,0.074146,0.177561,0.108411,0.869268,0.0,0.720482,0.00241,0.038554,0.050343,0.062651,0.995181,0.212815,0.049383,0.25,Y,0.674980878829956,N,N,Y,,,,,,,,,,,,,,,,,,,,,,,,,,,,,,,,,,
0,0.00013943211117423414,0.40412845624683696,0.074146,0.2068212420386617,0.21597494626076527,0.8513326184186436,0.0,0.6233931239650714,0.03133003133003132,0.09872503002414734,0.052433360794806545,0.062651,0.9951652532297692,0.212815,0.049383,0.25,Y,1025.0,0.478049,0.074146,0.177561,0.108411,0.869268,0.0,0.720482,0.00241,0.038554,0.050343,0.062651,0.995181,0.212815,0.049383,0.25,Y,0.6587860584259033,N,N,Y,,,,,,,,,,,,,,,,,,,,,,,,,,,,,,,,,,
0,3.782830048507626e-05,0.45498080343675357,0.007117,0.29016078758427255,0.173234574000769,0.8866856426101286,0.0,0.7712061826917507,0.0,0.07247278621526737,0.037873919550728906,0.0,0.9999999999999999,0.027273,0.25,0.0,Y,281.0,0.508897,0.007117,0.24911,0.086957,0.900356,0.0,0.8301890000000001,0.0,0.028301999999999997,0.036364,0.0,1.0,0.027273,0.25,0.0,Y,0.6664650440216064,N,Y,Y,,,,,,,,,,,,,,,,,,,,,,,,,,,,,,,,,,
0,3.782830048507626e-05,0.45498080343675357,0.007117,0.29016078758427255,0.173234574000769,0.8866856426101286,0.0,0.7712061826917507,0.0,0.07247278621526737,0.037873919550728906,0.0,0.9999999999999999,0.027273,0.25,0.0,Y,281.0,0.508897,0.007117,0.24911,0.086957,0.900356,0.0,0.8301890000000001,0.0,0.028301999999999997,0.036364,0.0,1.0,0.027273,0.25,0.0,Y,0.6630899906158447,N,Y,Y,,,,,,,,,,,,,,,,,,,,,,,,,,,,,,,,,,
0,3.782830048507626e-05,0.45498080343675357,0.007117,0.29016078758427255,0.173234574000769,0.8866856426101286,0.0,0.7712061826917507,0.0,0.07247278621526737,0.037873919550728906,0.0,0.9999999999999999,0.027273,0.25,0.0,Y,281.0,0.508897,0.007117,0.24911,0.086957,0.900356,0.0,0.8301890000000001,0.0,0.028301999999999997,0.036364,0.0,1.0,0.027273,0.25,0.0,Y,0.6572229862213135,N,Y,Y,,,,,,,,,,,,,,,,,,,,,,,,,,,,,,,,,,
0,3.782830048507626e-05,0.45498080343675357,0.007117,0.29016078758427255,0.173234574000769,0.8866856426101286,0.0,0.7712061826917507,0.0,0.07247278621526737,0.037873919550728906,0.0,0.9999999999999999,0.027273,0.25,0.0,Y,281.0,0.508897,0.007117,0.24911,0.086957,0.900356,0.0,0.8301890000000001,0.0,0.028301999999999997,0.036364,0.0,1.0,0.027273,0.25,0.0,Y,0.6636500358581543,N,Y,Y,,,,,,,,,,,,,,,,,,,,,,,,,,,,,,,,,,
0,3.782830048507626e-05,0.45498080343675357,0.007117,0.29016078758427255,0.173234574000769,0.8866856426101286,0.0,0.7712061826917507,0.0,0.07247278621526737,0.037873919550728906,0.0,0.9999999999999999,0.027273,0.25,0.0,Y,281.0,0.508897,0.007117,0.24911,0.086957,0.900356,0.0,0.8301890000000001,0.0,0.028301999999999997,0.036364,0.0,1.0,0.027273,0.25,0.0,Y,0.6618049144744873,N,Y,Y,,,,,,,,,,,,,,,,,,,,,,,,,,,,,,,,,,
0,0.00048357405060525275,0.377304370618131,0.002821,0.3640585469946094,0.4500170331958061,0.6968553230250671,0.09310873002262322,0.4844711877240801,0.03448903448903449,0.12226037657578762,0.07080789848906349,0.001326,0.9660694883234695,0.397404,0.065831,0.588235,Y,3545.0,0.461777,0.002821,0.312553,0.225891,0.733427,0.079267,0.617374,0.0026530000000000004,0.047745,0.067985,0.001326,0.96618,0.397404,0.065831,0.588235,Y,0.6599972248077393,N,Y,Y,,,,,,,,,,,,,,,,,,,,,,,,,,,,,,,,,,
0,0.00048357405060525275,0.377304370618131,0.002821,0.3640585469946094,0.4500170331958061,0.6968553230250671,0.09310873002262322,0.4844711877240801,0.03448903448903449,0.12226037657578762,0.07080789848906349,0.001326,0.9660694883234695,0.397404,0.065831,0.588235,Y,3545.0,0.461777,0.002821,0.312553,0.225891,0.733427,0.079267,0.617374,0.0026530000000000004,0.047745,0.067985,0.001326,0.96618,0.397404,0.065831,0.588235,Y,0.6621408462524414,N,Y,Y,,,,,,,,,,,,,,,,,,,,,,,,,,,,,,,,,,
0,0.00048357405060525275,0.377304370618131,0.002821,0.3640585469946094,0.4500170331958061,0.6968553230250671,0.09310873002262322,0.4844711877240801,0.03448903448903449,0.12226037657578762,0.07080789848906349,0.001326,0.9660694883234695,0.397404,0.065831,0.588235,Y,3545.0,0.461777,0.002821,0.312553,0.225891,0.733427,0.079267,0.617374,0.0026530000000000004,0.047745,0.067985,0.001326,0.96618,0.397404,0.065831,0.588235,Y,0.6653800010681152,N,Y,Y,,,,,,,,,,,,,,,,,,,,,,,,,,,,,,,,,,
0,0.00048357405060525275,0.377304370618131,0.002821,0.3640585469946094,0.4500170331958061,0.6968553230250671,0.09310873002262322,0.4844711877240801,0.03448903448903449,0.12226037657578762,0.07080789848906349,0.001326,0.9660694883234695,0.397404,0.065831,0.588235,Y,3545.0,0.461777,0.002821,0.312553,0.225891,0.733427,0.079267,0.617374,0.0026530000000000004,0.047745,0.067985,0.001326,0.96618,0.397404,0.065831,0.588235,Y,0.6637248992919922,N,Y,Y,,,,,,,,,,,,,,,,,,,,,,,,,,,,,,,,,,
0,0.00048357405060525275,0.377304370618131,0.002821,0.3640585469946094,0.4500170331958061,0.6968553230250671,0.09310873002262322,0.4844711877240801,0.03448903448903449,0.12226037657578762,0.07080789848906349,0.001326,0.9660694883234695,0.397404,0.065831,0.588235,Y,3545.0,0.461777,0.002821,0.312553,0.225891,0.733427,0.079267,0.617374,0.0026530000000000004,0.047745,0.067985,0.001326,0.96618,0.397404,0.065831,0.588235,Y,0.665208101272583,N,Y,Y,,,,,,,,,,,,,,,,,,,,,,,,,,,,,,,,,,
0,0.00014093431805270288,0.40849033742761104,0.005792,0.09781555320526858,0.16292899249144854,0.7969304914147692,0.0,0.5455126037286395,0.031096031096031092,0.22053728499765698,0.15122279934134122,0.004785,0.9807984605861289,0.224949,0.057325,0.981132,Y,1036.0,0.480695,0.005792,0.083977,0.081784,0.8214290000000001,0.0,0.662679,0.002392,0.086124,0.145194,0.004785,0.980861,0.224949,0.057325,0.981132,Y,0.6603121757507324,N,Y,Y,,,,,,,,,,,,,,,,,,,,,,,,,,,,,,,,,,
0,0.00014093431805270288,0.40849033742761104,0.005792,0.09781555320526858,0.16292899249144854,0.7969304914147692,0.0,0.5455126037286395,0.031096031096031092,0.22053728499765698,0.15122279934134122,0.004785,0.9807984605861289,0.224949,0.057325,0.981132,Y,1036.0,0.480695,0.005792,0.083977,0.081784,0.8214290000000001,0.0,0.662679,0.002392,0.086124,0.145194,0.004785,0.980861,0.224949,0.057325,0.981132,Y,0.6588637828826904,N,Y,Y,,,,,,,,,,,,,,,,,,,,,,,,,,,,,,,,,,
0,0.00014093431805270288,0.40849033742761104,0.005792,0.09781555320526858,0.16292899249144854,0.7969304914147692,0.0,0.5455126037286395,0.031096031096031092,0.22053728499765698,0.15122279934134122,0.004785,0.9807984605861289,0.224949,0.057325,0.981132,Y,1036.0,0.480695,0.005792,0.083977,0.081784,0.8214290000000001,0.0,0.662679,0.002392,0.086124,0.145194,0.004785,0.980861,0.224949,0.057325,0.981132,Y,0.6627070903778076,N,Y,Y,,,,,,,,,,,,,,,,,,,,,,,,,,,,,,,,,,
0,0.00014093431805270288,0.40849033742761104,0.005792,0.09781555320526858,0.16292899249144854,0.7969304914147692,0.0,0.5455126037286395,0.031096031096031092,0.22053728499765698,0.15122279934134122,0.004785,0.9807984605861289,0.224949,0.057325,0.981132,Y,1036.0,0.480695,0.005792,0.083977,0.081784,0.8214290000000001,0.0,0.662679,0.002392,0.086124,0.145194,0.004785,0.980861,0.224949,0.057325,0.981132,Y,0.6646037101745605,N,Y,Y,,,,,,,,,,,,,,,,,,,,,,,,,,,,,,,,,,
0,0.00014093431805270288,0.40849033742761104,0.005792,0.09781555320526858,0.16292899249144854,0.7969304914147692,0.0,0.5455126037286395,0.031096031096031092,0.22053728499765698,0.15122279934134122,0.004785,0.9807984605861289,0.224949,0.057325,0.981132,Y,1036.0,0.480695,0.005792,0.083977,0.081784,0.8214290000000001,0.0,0.662679,0.002392,0.086124,0.145194,0.004785,0.980861,0.224949,0.057325,0.981132,Y,0.7066028118133545,N,Y,Y,,,,,,,,,,,,,,,,,,,,,,,,,,,,,,,,,,
0,0.0004715563955775029,0.430062362042732,0.027481,0.16341418527612508,0.12522287588079553,0.5499915279197689,0.11280713418172336,0.387841029586325,0.038298038298038295,0.3940986226022294,0.04827247891698337,0.022091,0.9756205962820906,0.352528,0.036395,0.466667,Y,3457.0,0.4937810000000001,0.027481,0.140295,0.062857,0.6042810000000001,0.096037,0.545655,0.0029460000000000003,0.153903,0.046348,0.022091,0.9757,0.352528,0.036395,0.466667,Y,0.6633620262145996,N,Y,Y,,,,,,,,,,,,,,,,,,,,,,,,,,,,,,,,,,
0,0.0004715563955775029,0.430062362042732,0.027481,0.16341418527612508,0.12522287588079553,0.5499915279197689,0.11280713418172336,0.387841029586325,0.038298038298038295,0.3940986226022294,0.04827247891698337,0.022091,0.9756205962820906,0.352528,0.036395,0.466667,Y,3457.0,0.4937810000000001,0.027481,0.140295,0.062857,0.6042810000000001,0.096037,0.545655,0.0029460000000000003,0.153903,0.046348,0.022091,0.9757,0.352528,0.036395,0.466667,Y,0.6590619087219238,N,Y,Y,,,,,,,,,,,,,,,,,,,,,,,,,,,,,,,,,,
0,0.0004715563955775029,0.430062362042732,0.027481,0.16341418527612508,0.12522287588079553,0.5499915279197689,0.11280713418172336,0.387841029586325,0.038298038298038295,0.3940986226022294,0.04827247891698337,0.022091,0.9756205962820906,0.352528,0.036395,0.466667,Y,3457.0,0.4937810000000001,0.027481,0.140295,0.062857,0.6042810000000001,0.096037,0.545655,0.0029460000000000003,0.153903,0.046348,0.022091,0.9757,0.352528,0.036395,0.466667,Y,0.6610651016235352,N,Y,Y,,,,,,,,,,,,,,,,,,,,,,,,,,,,,,,,,,
0,0.0004715563955775029,0.430062362042732,0.027481,0.16341418527612508,0.12522287588079553,0.5499915279197689,0.11280713418172336,0.387841029586325,0.038298038298038295,0.3940986226022294,0.04827247891698337,0.022091,0.9756205962820906,0.352528,0.036395,0.466667,Y,3457.0,0.4937810000000001,0.027481,0.140295,0.062857,0.6042810000000001,0.096037,0.545655,0.0029460000000000003,0.153903,0.046348,0.022091,0.9757,0.352528,0.036395,0.466667,Y,0.659080982208252,N,Y,Y,,,,,,,,,,,,,,,,,,,,,,,,,,,,,,,,,,
0,0.0004715563955775029,0.430062362042732,0.027481,0.16341418527612508,0.12522287588079553,0.5499915279197689,0.11280713418172336,0.387841029586325,0.038298038298038295,0.3940986226022294,0.04827247891698337,0.022091,0.9756205962820906,0.352528,0.036395,0.466667,Y,3457.0,0.4937810000000001,0.027481,0.140295,0.062857,0.6042810000000001,0.096037,0.545655,0.0029460000000000003,0.153903,0.046348,0.022091,0.9757,0.352528,0.036395,0.466667,Y,0.6640090942382812,N,Y,Y,,,,,,,,,,,,,,,,,,,,,,,,,,,,,,,,,,
