,scaled_input_RevolvingUtilizationOfUnsecuredLines,scaled_input_age,scaled_input_NumberOfTime30-59DaysPastDueNotWorse,scaled_input_DebtRatio,scaled_input_MonthlyIncome,scaled_input_NumberOfOpenCreditLinesAndLoans,scaled_input_NumberOfTimes90DaysLate,scaled_input_NumberRealEstateLoansOrLines,scaled_input_NumberOfTime60-89DaysPastDueNotWorse,scaled_input_NumberOfDependents,scaled_input_target,origin_input_RevolvingUtilizationOfUnsecuredLines,origin_input_age,origin_input_NumberOfTime30-59DaysPastDueNotWorse,origin_input_DebtRatio,origin_input_MonthlyIncome,origin_input_NumberOfOpenCreditLinesAndLoans,origin_input_NumberOfTimes90DaysLate,origin_input_NumberRealEstateLoansOrLines,origin_input_NumberOfTime60-89DaysPastDueNotWorse,origin_input_NumberOfDependents,origin_input_target,scaled_cf_RevolvingUtilizationOfUnsecuredLines,scaled_cf_age,scaled_cf_NumberOfTime30-59DaysPastDueNotWorse,scaled_cf_DebtRatio,scaled_cf_MonthlyIncome,scaled_cf_NumberOfOpenCreditLinesAndLoans,scaled_cf_NumberOfTimes90DaysLate,scaled_cf_NumberRealEstateLoansOrLines,scaled_cf_NumberOfTime60-89DaysPastDueNotWorse,scaled_cf_NumberOfDependents,scaled_cf_target,origin_cf_RevolvingUtilizationOfUnsecuredLines,origin_cf_age,origin_cf_NumberOfTime30-59DaysPastDueNotWorse,origin_cf_DebtRatio,origin_cf_MonthlyIncome,origin_cf_NumberOfOpenCreditLinesAndLoans,origin_cf_NumberOfTimes90DaysLate,origin_cf_NumberRealEstateLoansOrLines,origin_cf_NumberOfTime60-89DaysPastDueNotWorse,origin_cf_NumberOfDependents,origin_cf_target,running_time,Found,ground_truth,prediction
0,3.6865245727272725e-05,0.20512820512820512,0.0,1.4647191906683179e-05,0.03796,0.17307692307692307,0.0,0.06896551724137931,0.0,0.25,1.0,0.811035406,37.0,0.0,0.366663155,9490.0,9.0,0.0,2.0,0.0,2.0,1.0,3.6865245727272725e-05,0.20512820512820512,0.0,1.4647191906683179e-05,0.03796,0.17307692307692307,0.8,0.06896551724137931,0.0,0.25,Y,0.811035406,37.0,0.0,0.366663155,9490.0,9.0,78.4,2.0,0.0,2.0,Y,0.026170730590820312,N,1.0,N
0,3.6865245727272725e-05,0.20512820512820512,0.0,1.4647191906683179e-05,0.03796,0.17307692307692307,0.0,0.06896551724137931,0.0,0.25,1.0,0.811035406,37.0,0.0,0.366663155,9490.0,9.0,0.0,2.0,0.0,2.0,1.0,3.6865245727272725e-05,0.20512820512820512,0.5,1.4647191906683179e-05,0.03796,0.17307692307692307,0.0,0.06896551724137931,0.0,0.25,Y,0.811035406,37.0,49.00000000000001,0.366663155,9490.0,9.0,0.0,2.0,0.0,2.0,Y,0.016340017318725586,N,1.0,N
0,3.6865245727272725e-05,0.20512820512820512,0.0,1.4647191906683179e-05,0.03796,0.17307692307692307,0.0,0.06896551724137931,0.0,0.25,1.0,0.811035406,37.0,0.0,0.366663155,9490.0,9.0,0.0,2.0,0.0,2.0,1.0,3.6865245727272725e-05,0.20512820512820512,1.1,1.4647191906683179e-05,0.03796,0.17307692307692307,0.0,0.7,0.0,0.25,Y,0.811035406,37.0,107.80000000000001,0.366663155,9490.0,9.0,0.0,20.3,0.0,2.0,Y,0.016058921813964844,N,1.0,N
0,3.6865245727272725e-05,0.20512820512820512,0.0,1.4647191906683179e-05,0.03796,0.17307692307692307,0.0,0.06896551724137931,0.0,0.25,1.0,0.811035406,37.0,0.0,0.366663155,9490.0,9.0,0.0,2.0,0.0,2.0,1.0,3.6865245727272725e-05,0.20512820512820512,0.0,1.4647191906683179e-05,0.03796,0.17307692307692307,0.0,0.6,0.0,0.25,Y,0.811035406,37.0,0.0,0.366663155,9490.0,9.0,0.0,17.4,0.0,2.0,Y,0.0157470703125,N,1.0,N
0,3.6865245727272725e-05,0.20512820512820512,0.0,1.4647191906683179e-05,0.03796,0.17307692307692307,0.0,0.06896551724137931,0.0,0.25,1.0,0.811035406,37.0,0.0,0.366663155,9490.0,9.0,0.0,2.0,0.0,2.0,1.0,0.39857504,0.20512820512820512,0.0,1.4647191906683179e-05,0.03796,0.17307692307692307,0.0,0.06896551724137931,0.0,0.25,Y,8768.650880000001,37.0,0.0,0.366663155,9490.0,9.0,0.0,2.0,0.0,2.0,Y,0.01573491096496582,N,1.0,N
0,4.231160527272727e-05,0.23076923076923078,0.01020408163265306,3.564832792713618e-05,0.0136,0.17307692307692307,0.0,0.06896551724137931,0.0,0.25,1.0,0.930855316,39.0,1.0,0.892384593,3400.0,9.0,0.0,2.0,0.0,2.0,1.0,4.231160527272727e-05,0.31802667,0.01020408163265306,3.564832792713618e-05,0.0136,0.17307692307692307,0.0,0.06896551724137931,0.0,0.25,N,0.930855316,45.80608026,1.0,0.892384593,3400.0,9.0,0.0,2.0,0.0,2.0,N,0.016061067581176758,Y,1.0,Y
0,4.231160527272727e-05,0.23076923076923078,0.01020408163265306,3.564832792713618e-05,0.0136,0.17307692307692307,0.0,0.06896551724137931,0.0,0.25,1.0,0.930855316,39.0,1.0,0.892384593,3400.0,9.0,0.0,2.0,0.0,2.0,1.0,0.2626707695,0.56592078,0.01020408163265306,3.564832792713618e-05,0.0136,0.17307692307692307,0.0,0.06896551724137931,0.0,0.25,N,5778.756929000001,65.14182084000001,1.0,0.892384593,3400.0,9.0,0.0,2.0,0.0,2.0,N,0.01796698570251465,Y,1.0,Y
0,4.231160527272727e-05,0.23076923076923078,0.01020408163265306,3.564832792713618e-05,0.0136,0.17307692307692307,0.0,0.06896551724137931,0.0,0.25,1.0,0.930855316,39.0,1.0,0.892384593,3400.0,9.0,0.0,2.0,0.0,2.0,1.0,4.231160527272727e-05,0.23076923076923078,0.01020408163265306,3.564832792713618e-05,0.15,0.17307692307692307,0.0,0.06896551724137931,0.0,0.25,N,0.930855316,39.0,1.0,0.892384593,37500.0,9.0,0.0,2.0,0.0,2.0,N,0.01703786849975586,Y,1.0,Y
0,4.231160527272727e-05,0.23076923076923078,0.01020408163265306,3.564832792713618e-05,0.0136,0.17307692307692307,0.0,0.06896551724137931,0.0,0.25,1.0,0.930855316,39.0,1.0,0.892384593,3400.0,9.0,0.0,2.0,0.0,2.0,1.0,4.231160527272727e-05,0.86162714,0.01020408163265306,0.9,0.0136,0.17307692307692307,0.0,0.06896551724137931,0.0,0.25,N,0.930855316,88.20691692,1.0,22529.7,3400.0,9.0,0.0,2.0,0.0,2.0,N,0.01666569709777832,Y,1.0,Y
0,4.231160527272727e-05,0.23076923076923078,0.01020408163265306,3.564832792713618e-05,0.0136,0.17307692307692307,0.0,0.06896551724137931,0.0,0.25,1.0,0.930855316,39.0,1.0,0.892384593,3400.0,9.0,0.0,2.0,0.0,2.0,1.0,4.231160527272727e-05,0.23076923076923078,0.01020408163265306,1.0,0.0136,0.17307692307692307,0.0,0.06896551724137931,0.0,0.25,N,0.930855316,39.0,1.0,25033.0,3400.0,9.0,0.0,2.0,0.0,2.0,N,0.018535852432250977,Y,1.0,Y
0,8.634636727272726e-06,0.0641025641025641,0.0,3.9851434506451484e-05,0.01,0.11538461538461539,0.0,0.06896551724137931,0.0,0.0,0.0,0.189962008,26.0,0.0,0.99760096,2500.0,6.0,0.0,2.0,0.0,0.0,0.0,8.634636727272726e-06,0.0641025641025641,0.0,3.9851434506451484e-05,0.01,0.11538461538461539,0.0,0.1,0.0,0.0,Y,0.189962008,26.0,0.0,0.99760096,2500.0,6.0,0.0,2.9000000000000004,0.0,0.0,Y,0.01653313636779785,Y,0.0,N
0,8.634636727272726e-06,0.0641025641025641,0.0,3.9851434506451484e-05,0.01,0.11538461538461539,0.0,0.06896551724137931,0.0,0.0,0.0,0.189962008,26.0,0.0,0.99760096,2500.0,6.0,0.0,2.0,0.0,0.0,0.0,0.1588594357,0.0641025641025641,0.0,3.9851434506451484e-05,0.44,0.11538461538461539,0.0,0.06896551724137931,0.0,0.0,Y,3494.9075854000002,26.0,0.0,0.99760096,110000.0,6.0,0.0,2.0,0.0,0.0,Y,0.015938758850097656,Y,0.0,N
0,8.634636727272726e-06,0.0641025641025641,0.0,3.9851434506451484e-05,0.01,0.11538461538461539,0.0,0.06896551724137931,0.0,0.0,0.0,0.189962008,26.0,0.0,0.99760096,2500.0,6.0,0.0,2.0,0.0,0.0,0.0,0.0505877574,0.0641025641025641,0.0,3.9851434506451484e-05,0.01,0.441773463,0.0,0.06896551724137931,0.0,0.0,Y,1112.9306628000002,26.0,0.0,0.99760096,2500.0,22.972220076,0.0,2.0,0.0,0.0,Y,0.018056154251098633,Y,0.0,N
0,8.634636727272726e-06,0.0641025641025641,0.0,3.9851434506451484e-05,0.01,0.11538461538461539,0.0,0.06896551724137931,0.0,0.0,0.0,0.189962008,26.0,0.0,0.99760096,2500.0,6.0,0.0,2.0,0.0,0.0,0.0,8.634636727272726e-06,0.0641025641025641,0.0,0.1,0.38,0.11538461538461539,0.0,0.06896551724137931,0.0,0.0,Y,0.189962008,26.0,0.0,2503.3,95000.0,6.0,0.0,2.0,0.0,0.0,Y,0.01699995994567871,Y,0.0,N
0,8.634636727272726e-06,0.0641025641025641,0.0,3.9851434506451484e-05,0.01,0.11538461538461539,0.0,0.06896551724137931,0.0,0.0,0.0,0.189962008,26.0,0.0,0.99760096,2500.0,6.0,0.0,2.0,0.0,0.0,0.0,8.634636727272726e-06,0.0641025641025641,0.0,3.9851434506451484e-05,0.01,0.11538461538461539,0.0,0.06896551724137931,0.3,0.0,Y,0.189962008,26.0,0.0,0.99760096,2500.0,6.0,0.0,2.0,29.400000000000002,0.0,Y,0.017488956451416016,Y,0.0,N
0,4.4281098409090906e-05,0.43589743589743585,0.01020408163265306,2.2578505652538646e-05,0.018,0.13461538461538464,0.0,0.06896551724137931,0.0,0.0,1.0,0.974184165,55.0,1.0,0.565207732,4500.0,7.000000000000001,0.0,2.0,0.0,0.0,1.0,0.7170423086,0.43589743589743585,0.01020408163265306,2.2578505652538646e-05,0.32,0.13461538461538464,0.0,0.06896551724137931,0.0,0.0,Y,15774.9307892,55.0,1.0,0.565207732,80000.0,7.000000000000001,0.0,2.0,0.0,0.0,Y,0.017323970794677734,N,1.0,N
0,4.4281098409090906e-05,0.43589743589743585,0.01020408163265306,2.2578505652538646e-05,0.018,0.13461538461538464,0.0,0.06896551724137931,0.0,0.0,1.0,0.974184165,55.0,1.0,0.565207732,4500.0,7.000000000000001,0.0,2.0,0.0,0.0,1.0,0.7175914739,0.43589743589743585,0.01020408163265306,0.9,0.018,0.13461538461538464,0.0,0.06896551724137931,0.0,0.0,Y,15787.012425800001,55.0,1.0,22529.7,4500.0,7.000000000000001,0.0,2.0,0.0,0.0,Y,0.017776012420654297,N,1.0,N
0,4.4281098409090906e-05,0.43589743589743585,0.01020408163265306,2.2578505652538646e-05,0.018,0.13461538461538464,0.0,0.06896551724137931,0.0,0.0,1.0,0.974184165,55.0,1.0,0.565207732,4500.0,7.000000000000001,0.0,2.0,0.0,0.0,1.0,4.4281098409090906e-05,0.43589743589743585,0.01020408163265306,0.8,0.018,0.13461538461538464,0.4,0.06896551724137931,0.0,0.0,Y,0.974184165,55.0,1.0,20026.4,4500.0,7.000000000000001,39.2,2.0,0.0,0.0,Y,0.017538070678710938,N,1.0,N
0,4.4281098409090906e-05,0.43589743589743585,0.01020408163265306,2.2578505652538646e-05,0.018,0.13461538461538464,0.0,0.06896551724137931,0.0,0.0,1.0,0.974184165,55.0,1.0,0.565207732,4500.0,7.000000000000001,0.0,2.0,0.0,0.0,1.0,4.4281098409090906e-05,0.43589743589743585,0.01020408163265306,2.2578505652538646e-05,0.018,0.13461538461538464,0.0,0.4,0.0,0.0,Y,0.974184165,55.0,1.0,0.565207732,4500.0,7.000000000000001,0.0,11.600000000000001,0.0,0.0,Y,0.01659083366394043,N,1.0,N
0,4.4281098409090906e-05,0.43589743589743585,0.01020408163265306,2.2578505652538646e-05,0.018,0.13461538461538464,0.0,0.06896551724137931,0.0,0.0,1.0,0.974184165,55.0,1.0,0.565207732,4500.0,7.000000000000001,0.0,2.0,0.0,0.0,1.0,4.4281098409090906e-05,0.43589743589743585,0.01020408163265306,2.2578505652538646e-05,0.018,0.13461538461538464,0.1,0.4,0.0,0.0,Y,0.974184165,55.0,1.0,0.565207732,4500.0,7.000000000000001,9.8,11.600000000000001,0.0,0.0,Y,0.017951250076293945,N,1.0,N
0,1.4940663636363634e-07,0.282051282051282,0.0,6.717409339671633e-06,0.013864,0.3269230769230769,0.0,0.034482758620689655,0.0,0.25,0.0,0.003286946,42.99999999999999,0.0,0.168156908,3466.0,17.0,0.0,1.0,0.0,2.0,0.0,1.4940663636363634e-07,0.282051282051282,0.6,6.717409339671633e-06,0.013864,0.3269230769230769,0.0,0.034482758620689655,0.0,0.25,Y,0.003286946,42.99999999999999,58.800000000000004,0.168156908,3466.0,17.0,0.0,1.0,0.0,2.0,Y,0.016627073287963867,Y,0.0,N
0,1.4940663636363634e-07,0.282051282051282,0.0,6.717409339671633e-06,0.013864,0.3269230769230769,0.0,0.034482758620689655,0.0,0.25,0.0,0.003286946,42.99999999999999,0.0,0.168156908,3466.0,17.0,0.0,1.0,0.0,2.0,0.0,1.4940663636363634e-07,0.282051282051282,0.0,0.3,0.013864,0.3269230769230769,0.0,0.034482758620689655,0.7,0.25,Y,0.003286946,42.99999999999999,0.0,7509.9,3466.0,17.0,0.0,1.0,68.6,2.0,Y,0.01610398292541504,Y,0.0,N
0,1.4940663636363634e-07,0.282051282051282,0.0,6.717409339671633e-06,0.013864,0.3269230769230769,0.0,0.034482758620689655,0.0,0.25,0.0,0.003286946,42.99999999999999,0.0,0.168156908,3466.0,17.0,0.0,1.0,0.0,2.0,0.0,1.4940663636363634e-07,0.282051282051282,0.2,6.717409339671633e-06,0.013864,0.3269230769230769,0.0,0.034482758620689655,0.0,0.25,Y,0.003286946,42.99999999999999,19.6,0.168156908,3466.0,17.0,0.0,1.0,0.0,2.0,Y,0.016880035400390625,Y,0.0,N
0,1.4940663636363634e-07,0.282051282051282,0.0,6.717409339671633e-06,0.013864,0.3269230769230769,0.0,0.034482758620689655,0.0,0.25,0.0,0.003286946,42.99999999999999,0.0,0.168156908,3466.0,17.0,0.0,1.0,0.0,2.0,0.0,1.4940663636363634e-07,0.282051282051282,0.0,6.717409339671633e-06,0.51,0.102205568,0.0,0.034482758620689655,0.0,0.25,Y,0.003286946,42.99999999999999,0.0,0.168156908,127500.00000000001,5.3146895359999995,0.0,1.0,0.0,2.0,Y,0.017240047454833984,Y,0.0,N
0,1.4940663636363634e-07,0.282051282051282,0.0,6.717409339671633e-06,0.013864,0.3269230769230769,0.0,0.034482758620689655,0.0,0.25,0.0,0.003286946,42.99999999999999,0.0,0.168156908,3466.0,17.0,0.0,1.0,0.0,2.0,0.0,1.4940663636363634e-07,0.10172043,0.0,6.717409339671633e-06,0.013864,0.3269230769230769,0.0,0.034482758620689655,0.0,0.25,Y,0.003286946,28.934193540000003,0.0,0.168156908,3466.0,17.0,0.0,1.0,0.0,2.0,Y,0.01754927635192871,Y,0.0,N
0,4.545454090909091e-05,0.38461538461538464,0.01020408163265306,0.0,0.024716,0.038461538461538464,0.0,0.0,0.01020408163265306,0.0,1.0,0.9999999,51.0,1.0,0.0,6179.0,2.0,0.0,0.0,1.0,0.0,1.0,4.545454090909091e-05,0.38461538461538464,0.01020408163265306,0.0,0.18,0.038461538461538464,0.0,0.0,0.01020408163265306,0.0,N,0.9999999,51.0,1.0,0.0,45000.0,2.0,0.0,0.0,1.0,0.0,N,0.017554759979248047,Y,1.0,Y
0,4.545454090909091e-05,0.38461538461538464,0.01020408163265306,0.0,0.024716,0.038461538461538464,0.0,0.0,0.01020408163265306,0.0,1.0,0.9999999,51.0,1.0,0.0,6179.0,2.0,0.0,0.0,1.0,0.0,1.0,4.545454090909091e-05,0.38461538461538464,0.01020408163265306,0.4,0.024716,0.038461538461538464,0.0,0.0,0.01020408163265306,0.2,N,0.9999999,51.0,1.0,10013.2,6179.0,2.0,0.0,0.0,1.0,1.6,N,0.01697373390197754,Y,1.0,Y
0,4.545454090909091e-05,0.38461538461538464,0.01020408163265306,0.0,0.024716,0.038461538461538464,0.0,0.0,0.01020408163265306,0.0,1.0,0.9999999,51.0,1.0,0.0,6179.0,2.0,0.0,0.0,1.0,0.0,1.0,0.6323014246,0.91771429,0.01020408163265306,0.0,0.024716,0.038461538461538464,0.0,0.0,0.01020408163265306,0.0,N,13910.631341200002,92.58171462000001,1.0,0.0,6179.0,2.0,0.0,0.0,1.0,0.0,N,0.0176999568939209,Y,1.0,Y
0,4.545454090909091e-05,0.38461538461538464,0.01020408163265306,0.0,0.024716,0.038461538461538464,0.0,0.0,0.01020408163265306,0.0,1.0,0.9999999,51.0,1.0,0.0,6179.0,2.0,0.0,0.0,1.0,0.0,1.0,4.545454090909091e-05,0.38461538461538464,0.01020408163265306,0.1,0.024716,0.038461538461538464,0.0,0.0,0.01020408163265306,0.0,N,0.9999999,51.0,1.0,2503.3,6179.0,2.0,0.0,0.0,1.0,0.0,N,0.01746988296508789,Y,1.0,Y
0,4.545454090909091e-05,0.38461538461538464,0.01020408163265306,0.0,0.024716,0.038461538461538464,0.0,0.0,0.01020408163265306,0.0,1.0,0.9999999,51.0,1.0,0.0,6179.0,2.0,0.0,0.0,1.0,0.0,1.0,4.545454090909091e-05,0.60537244,0.01020408163265306,0.2,0.024716,0.038461538461538464,0.0,0.0,0.01020408163265306,0.0,N,0.9999999,68.21905032,1.0,5006.6,6179.0,2.0,0.0,0.0,1.0,0.0,N,0.016607999801635742,Y,1.0,Y
0,3.984734249999999e-05,0.48717948717948717,0.0,1.5980382734790078e-05,0.021664,0.2692307692307693,0.0,0.0,0.0,0.0,1.0,0.8766415349999999,59.0,0.0,0.40003692100000005,5416.0,14.000000000000002,0.0,0.0,0.0,0.0,1.0,3.984734249999999e-05,0.48717948717948717,0.5,1.5980382734790078e-05,0.021664,0.2692307692307693,0.0,0.0,0.0,0.0,Y,0.8766415349999999,59.0,49.00000000000001,0.40003692100000005,5416.0,14.000000000000002,0.0,0.0,0.0,0.0,Y,0.018342256546020508,N,1.0,N
0,3.984734249999999e-05,0.48717948717948717,0.0,1.5980382734790078e-05,0.021664,0.2692307692307693,0.0,0.0,0.0,0.0,1.0,0.8766415349999999,59.0,0.0,0.40003692100000005,5416.0,14.000000000000002,0.0,0.0,0.0,0.0,1.0,3.984734249999999e-05,0.48717948717948717,0.0,1.5980382734790078e-05,0.021664,0.2692307692307693,0.1,0.0,0.0,0.3,Y,0.8766415349999999,59.0,0.0,0.40003692100000005,5416.0,14.000000000000002,9.8,0.0,0.0,2.4,Y,0.017384767532348633,N,1.0,N
0,3.984734249999999e-05,0.48717948717948717,0.0,1.5980382734790078e-05,0.021664,0.2692307692307693,0.0,0.0,0.0,0.0,1.0,0.8766415349999999,59.0,0.0,0.40003692100000005,5416.0,14.000000000000002,0.0,0.0,0.0,0.0,1.0,3.984734249999999e-05,0.48717948717948717,0.4,1.5980382734790078e-05,0.021664,0.2692307692307693,0.0,0.0,0.0,0.0,Y,0.8766415349999999,59.0,39.2,0.40003692100000005,5416.0,14.000000000000002,0.0,0.0,0.0,0.0,Y,0.015336990356445312,N,1.0,N
0,3.984734249999999e-05,0.48717948717948717,0.0,1.5980382734790078e-05,0.021664,0.2692307692307693,0.0,0.0,0.0,0.0,1.0,0.8766415349999999,59.0,0.0,0.40003692100000005,5416.0,14.000000000000002,0.0,0.0,0.0,0.0,1.0,3.984734249999999e-05,0.48717948717948717,0.0,1.5980382734790078e-05,0.021664,0.2692307692307693,0.4,0.2,0.0,0.0,Y,0.8766415349999999,59.0,0.0,0.40003692100000005,5416.0,14.000000000000002,39.2,5.800000000000001,0.0,0.0,Y,0.01874828338623047,N,1.0,N
0,3.984734249999999e-05,0.48717948717948717,0.0,1.5980382734790078e-05,0.021664,0.2692307692307693,0.0,0.0,0.0,0.0,1.0,0.8766415349999999,59.0,0.0,0.40003692100000005,5416.0,14.000000000000002,0.0,0.0,0.0,0.0,1.0,3.984734249999999e-05,0.05954597,0.0,1.5980382734790078e-05,0.76,0.2692307692307693,0.0,0.0,0.0,0.0,Y,0.8766415349999999,25.64458566,0.0,0.40003692100000005,190000.0,14.000000000000002,0.0,0.0,0.0,0.0,Y,0.019124984741210938,N,1.0,N
0,3.566244763636363e-05,0.4743589743589744,0.02040816326530612,8.37980829305317e-06,0.0212,0.09615384615384616,0.0,0.0,0.0,0.0,0.0,0.784573848,58.00000000000001,2.0,0.209771741,5300.0,5.0,0.0,0.0,0.0,0.0,0.0,3.566244763636363e-05,0.98702912,0.02040816326530612,8.37980829305317e-06,0.0212,0.09615384615384616,0.0,0.0,0.0,0.0,N,0.784573848,97.98827136,2.0,0.209771741,5300.0,5.0,0.0,0.0,0.0,0.0,N,0.017976045608520508,N,0.0,Y
0,3.566244763636363e-05,0.4743589743589744,0.02040816326530612,8.37980829305317e-06,0.0212,0.09615384615384616,0.0,0.0,0.0,0.0,0.0,0.784573848,58.00000000000001,2.0,0.209771741,5300.0,5.0,0.0,0.0,0.0,0.0,0.0,3.566244763636363e-05,0.4743589743589744,0.02040816326530612,0.8,0.32,0.09615384615384616,0.0,0.0,0.0,0.0,N,0.784573848,58.00000000000001,2.0,20026.4,80000.0,5.0,0.0,0.0,0.0,0.0,N,0.018010854721069336,N,0.0,Y
0,3.566244763636363e-05,0.4743589743589744,0.02040816326530612,8.37980829305317e-06,0.0212,0.09615384615384616,0.0,0.0,0.0,0.0,0.0,0.784573848,58.00000000000001,2.0,0.209771741,5300.0,5.0,0.0,0.0,0.0,0.0,0.0,3.566244763636363e-05,0.97877085,0.02040816326530612,8.37980829305317e-06,0.0212,0.09615384615384616,0.0,0.0,0.0,0.5,N,0.784573848,97.3441263,2.0,0.209771741,5300.0,5.0,0.0,0.0,0.0,4.0,N,0.0171048641204834,N,0.0,Y
0,3.566244763636363e-05,0.4743589743589744,0.02040816326530612,8.37980829305317e-06,0.0212,0.09615384615384616,0.0,0.0,0.0,0.0,0.0,0.784573848,58.00000000000001,2.0,0.209771741,5300.0,5.0,0.0,0.0,0.0,0.0,0.0,3.566244763636363e-05,0.4743589743589744,0.0,8.37980829305317e-06,0.0212,0.09615384615384616,0.0,0.0,0.0,0.0,N,0.784573848,58.00000000000001,0.0,0.209771741,5300.0,5.0,0.0,0.0,0.0,0.0,N,0.016566038131713867,N,0.0,Y
0,3.566244763636363e-05,0.4743589743589744,0.02040816326530612,8.37980829305317e-06,0.0212,0.09615384615384616,0.0,0.0,0.0,0.0,0.0,0.784573848,58.00000000000001,2.0,0.209771741,5300.0,5.0,0.0,0.0,0.0,0.0,0.0,3.566244763636363e-05,0.71319525,0.02040816326530612,8.37980829305317e-06,0.0212,0.09615384615384616,0.0,0.0,0.0,0.0,N,0.784573848,76.62922950000001,2.0,0.209771741,5300.0,5.0,0.0,0.0,0.0,0.0,N,0.01759481430053711,N,0.0,Y
0,1.5865534318181817e-05,0.0641025641025641,0.0,6.3807787320736625e-06,0.032,0.11538461538461539,0.0,0.034482758620689655,0.0,0.0,0.0,0.349041755,26.0,0.0,0.159730034,8000.000000000001,6.0,0.0,1.0,0.0,0.0,0.0,1.5865534318181817e-05,0.0641025641025641,0.0,6.3807787320736625e-06,0.032,0.11538461538461539,0.0,0.034482758620689655,0.9,0.0,Y,0.349041755,26.0,0.0,0.159730034,8000.000000000001,6.0,0.0,1.0,88.2,0.0,Y,0.01801586151123047,Y,0.0,N
0,1.5865534318181817e-05,0.0641025641025641,0.0,6.3807787320736625e-06,0.032,0.11538461538461539,0.0,0.034482758620689655,0.0,0.0,0.0,0.349041755,26.0,0.0,0.159730034,8000.000000000001,6.0,0.0,1.0,0.0,0.0,0.0,1.5865534318181817e-05,0.0641025641025641,0.4,6.3807787320736625e-06,0.032,0.11538461538461539,0.0,0.034482758620689655,0.0,0.0,Y,0.349041755,26.0,39.2,0.159730034,8000.000000000001,6.0,0.0,1.0,0.0,0.0,Y,0.01753711700439453,Y,0.0,N
0,1.5865534318181817e-05,0.0641025641025641,0.0,6.3807787320736625e-06,0.032,0.11538461538461539,0.0,0.034482758620689655,0.0,0.0,0.0,0.349041755,26.0,0.0,0.159730034,8000.000000000001,6.0,0.0,1.0,0.0,0.0,0.0,0.2195784294,0.0641025641025641,0.0,6.3807787320736625e-06,0.032,0.11538461538461539,0.0,0.034482758620689655,0.0,0.0,Y,4830.7254468,26.0,0.0,0.159730034,8000.000000000001,6.0,0.0,1.0,0.0,0.0,Y,0.017267227172851562,Y,0.0,N
0,1.5865534318181817e-05,0.0641025641025641,0.0,6.3807787320736625e-06,0.032,0.11538461538461539,0.0,0.034482758620689655,0.0,0.0,0.0,0.349041755,26.0,0.0,0.159730034,8000.000000000001,6.0,0.0,1.0,0.0,0.0,0.0,1.5865534318181817e-05,0.0641025641025641,0.0,6.3807787320736625e-06,0.032,0.11538461538461539,0.0,0.034482758620689655,0.0,0.8,Y,0.349041755,26.0,0.0,0.159730034,8000.000000000001,6.0,0.0,1.0,0.0,6.4,Y,0.017121076583862305,Y,0.0,N
0,1.5865534318181817e-05,0.0641025641025641,0.0,6.3807787320736625e-06,0.032,0.11538461538461539,0.0,0.034482758620689655,0.0,0.0,0.0,0.349041755,26.0,0.0,0.159730034,8000.000000000001,6.0,0.0,1.0,0.0,0.0,0.0,1.5865534318181817e-05,0.0641025641025641,0.0,6.3807787320736625e-06,0.74,0.11538461538461539,0.0,0.034482758620689655,0.0,0.0,Y,0.349041755,26.0,0.0,0.159730034,185000.0,6.0,0.0,1.0,0.0,0.0,Y,0.017276763916015625,Y,0.0,N
0,1.7721269954545455e-05,0.6794871794871795,0.0,8.762336995166381e-06,0.032,0.23076923076923078,0.0,0.0,0.0,0.0,1.0,0.38986793900000005,74.0,0.0,0.21934758200000004,8000.000000000001,12.0,0.0,0.0,0.0,0.0,1.0,1.7721269954545455e-05,0.6794871794871795,0.0,8.762336995166381e-06,0.8,0.526069102,0.0,0.0,0.0,0.0,Y,0.38986793900000005,74.0,0.0,0.21934758200000004,200000.00000000003,27.355593304,0.0,0.0,0.0,0.0,Y,0.017334938049316406,N,1.0,N
0,1.7721269954545455e-05,0.6794871794871795,0.0,8.762336995166381e-06,0.032,0.23076923076923078,0.0,0.0,0.0,0.0,1.0,0.38986793900000005,74.0,0.0,0.21934758200000004,8000.000000000001,12.0,0.0,0.0,0.0,0.0,1.0,1.7721269954545455e-05,0.6794871794871795,0.1,8.762336995166381e-06,0.032,0.23076923076923078,0.0,0.0,0.0,0.0,Y,0.38986793900000005,74.0,9.8,0.21934758200000004,8000.000000000001,12.0,0.0,0.0,0.0,0.0,Y,0.017032384872436523,N,1.0,N
0,1.7721269954545455e-05,0.6794871794871795,0.0,8.762336995166381e-06,0.032,0.23076923076923078,0.0,0.0,0.0,0.0,1.0,0.38986793900000005,74.0,0.0,0.21934758200000004,8000.000000000001,12.0,0.0,0.0,0.0,0.0,1.0,1.7721269954545455e-05,0.6794871794871795,0.3,8.762336995166381e-06,0.032,0.490412486,0.0,0.0,0.0,0.0,Y,0.38986793900000005,74.0,29.400000000000002,0.21934758200000004,8000.000000000001,25.501449272,0.0,0.0,0.0,0.0,Y,0.016399860382080078,N,1.0,N
0,1.7721269954545455e-05,0.6794871794871795,0.0,8.762336995166381e-06,0.032,0.23076923076923078,0.0,0.0,0.0,0.0,1.0,0.38986793900000005,74.0,0.0,0.21934758200000004,8000.000000000001,12.0,0.0,0.0,0.0,0.0,1.0,1.7721269954545455e-05,0.6794871794871795,0.3,8.762336995166381e-06,0.032,0.23076923076923078,0.0,0.0,0.0,0.0,Y,0.38986793900000005,74.0,29.400000000000002,0.21934758200000004,8000.000000000001,12.0,0.0,0.0,0.0,0.0,Y,0.0171201229095459,N,1.0,N
0,1.7721269954545455e-05,0.6794871794871795,0.0,8.762336995166381e-06,0.032,0.23076923076923078,0.0,0.0,0.0,0.0,1.0,0.38986793900000005,74.0,0.0,0.21934758200000004,8000.000000000001,12.0,0.0,0.0,0.0,0.0,1.0,0.0167854903,0.6794871794871795,0.0,8.762336995166381e-06,0.032,0.23076923076923078,0.0,0.0,0.1,0.0,Y,369.28078660000006,74.0,0.0,0.21934758200000004,8000.000000000001,12.0,0.0,0.0,9.8,0.0,Y,0.01690983772277832,N,1.0,N
0,1.592054018181818e-05,0.21794871794871795,0.01020408163265306,3.315894910717853e-05,0.01,0.19230769230769232,0.0,0.0,0.01020408163265306,0.0,1.0,0.350251884,38.0,1.0,0.8300679730000001,2500.0,10.0,0.0,0.0,1.0,0.0,1.0,1.592054018181818e-05,0.21794871794871795,0.01020408163265306,0.9,0.54,0.19230769230769232,0.0,0.0,0.01020408163265306,1.1,N,0.350251884,38.0,1.0,22529.7,135000.00000000003,10.0,0.0,0.0,1.0,8.8,N,0.016852855682373047,Y,1.0,Y
0,1.592054018181818e-05,0.21794871794871795,0.01020408163265306,3.315894910717853e-05,0.01,0.19230769230769232,0.0,0.0,0.01020408163265306,0.0,1.0,0.350251884,38.0,1.0,0.8300679730000001,2500.0,10.0,0.0,0.0,1.0,0.0,1.0,1.592054018181818e-05,0.21794871794871795,0.01020408163265306,1.0,0.28,0.19230769230769232,0.0,0.0,0.01020408163265306,0.0,N,0.350251884,38.0,1.0,25033.0,70000.00000000001,10.0,0.0,0.0,1.0,0.0,N,0.01606607437133789,Y,1.0,Y
0,1.592054018181818e-05,0.21794871794871795,0.01020408163265306,3.315894910717853e-05,0.01,0.19230769230769232,0.0,0.0,0.01020408163265306,0.0,1.0,0.350251884,38.0,1.0,0.8300679730000001,2500.0,10.0,0.0,0.0,1.0,0.0,1.0,1.592054018181818e-05,0.21794871794871795,0.01020408163265306,1.0,0.01,0.19230769230769232,0.0,0.1,0.01020408163265306,0.0,N,0.350251884,38.0,1.0,25033.0,2500.0,10.0,0.0,2.9000000000000004,1.0,0.0,N,0.016371965408325195,Y,1.0,Y
0,1.592054018181818e-05,0.21794871794871795,0.01020408163265306,3.315894910717853e-05,0.01,0.19230769230769232,0.0,0.0,0.01020408163265306,0.0,1.0,0.350251884,38.0,1.0,0.8300679730000001,2500.0,10.0,0.0,0.0,1.0,0.0,1.0,1.592054018181818e-05,0.21794871794871795,0.01020408163265306,3.315894910717853e-05,0.12,0.19230769230769232,0.0,0.0,0.01020408163265306,0.0,N,0.350251884,38.0,1.0,0.8300679730000001,30000.0,10.0,0.0,0.0,1.0,0.0,N,0.015887975692749023,Y,1.0,Y
0,1.592054018181818e-05,0.21794871794871795,0.01020408163265306,3.315894910717853e-05,0.01,0.19230769230769232,0.0,0.0,0.01020408163265306,0.0,1.0,0.350251884,38.0,1.0,0.8300679730000001,2500.0,10.0,0.0,0.0,1.0,0.0,1.0,1.592054018181818e-05,0.21794871794871795,0.01020408163265306,0.2,0.13,0.19230769230769232,0.0,0.0,0.01020408163265306,0.0,N,0.350251884,38.0,1.0,5006.6,32500.000000000004,10.0,0.0,0.0,1.0,0.0,N,0.017775774002075195,Y,1.0,Y
0,2.4926235136363635e-05,0.4102564102564103,0.01020408163265306,1.1184443734270762e-06,0.016139999999999998,0.15384615384615385,0.0,0.0,0.0,0.25,0.0,0.548377173,53.00000000000001,1.0,0.027998018,4034.9999999999995,8.0,0.0,0.0,0.0,2.0,0.0,0.2057294181,0.4102564102564103,1.0,1.1184443734270762e-06,0.016139999999999998,0.15384615384615385,0.0,0.0,0.0,0.25,Y,4526.047198200001,53.00000000000001,98.00000000000001,0.027998018,4034.9999999999995,8.0,0.0,0.0,0.0,2.0,Y,0.017410993576049805,Y,0.0,N
0,2.4926235136363635e-05,0.4102564102564103,0.01020408163265306,1.1184443734270762e-06,0.016139999999999998,0.15384615384615385,0.0,0.0,0.0,0.25,0.0,0.548377173,53.00000000000001,1.0,0.027998018,4034.9999999999995,8.0,0.0,0.0,0.0,2.0,0.0,2.4926235136363635e-05,0.4102564102564103,0.01020408163265306,1.1184443734270762e-06,0.016139999999999998,0.62769116,0.0,0.0,0.0,0.25,Y,0.548377173,53.00000000000001,1.0,0.027998018,4034.9999999999995,32.63994032,0.0,0.0,0.0,2.0,Y,0.017863988876342773,Y,0.0,N
0,2.4926235136363635e-05,0.4102564102564103,0.01020408163265306,1.1184443734270762e-06,0.016139999999999998,0.15384615384615385,0.0,0.0,0.0,0.25,0.0,0.548377173,53.00000000000001,1.0,0.027998018,4034.9999999999995,8.0,0.0,0.0,0.0,2.0,0.0,2.4926235136363635e-05,0.1907386,0.01020408163265306,1.1184443734270762e-06,0.016139999999999998,0.15384615384615385,0.0,0.0,0.0,0.25,Y,0.548377173,35.87761080000001,1.0,0.027998018,4034.9999999999995,8.0,0.0,0.0,0.0,2.0,Y,0.016874074935913086,Y,0.0,N
0,2.4926235136363635e-05,0.4102564102564103,0.01020408163265306,1.1184443734270762e-06,0.016139999999999998,0.15384615384615385,0.0,0.0,0.0,0.25,0.0,0.548377173,53.00000000000001,1.0,0.027998018,4034.9999999999995,8.0,0.0,0.0,0.0,2.0,0.0,2.4926235136363635e-05,0.4102564102564103,0.01020408163265306,1.1184443734270762e-06,0.83,0.9869837,0.0,0.0,0.0,0.25,Y,0.548377173,53.00000000000001,1.0,0.027998018,207500.0,51.3231524,0.0,0.0,0.0,2.0,Y,0.01631903648376465,Y,0.0,N
0,2.4926235136363635e-05,0.4102564102564103,0.01020408163265306,1.1184443734270762e-06,0.016139999999999998,0.15384615384615385,0.0,0.0,0.0,0.25,0.0,0.548377173,53.00000000000001,1.0,0.027998018,4034.9999999999995,8.0,0.0,0.0,0.0,2.0,0.0,2.4926235136363635e-05,0.13870014,0.01020408163265306,1.1184443734270762e-06,0.016139999999999998,0.15384615384615385,0.0,0.0,0.0,0.25,Y,0.548377173,31.81861092,1.0,0.027998018,4034.9999999999995,8.0,0.0,0.0,0.0,2.0,Y,0.017342090606689453,Y,0.0,N
0,4.545454090909091e-05,0.051282051282051266,0.0,1.1727180921184038e-06,0.0063999999999999994,0.019230769230769232,0.02040816326530612,0.0,0.0,0.125,1.0,0.9999999,25.0,0.0,0.029356652,1600.0,1.0,2.0,0.0,0.0,1.0,1.0,4.545454090909091e-05,0.051282051282051266,0.0,1.0,0.0063999999999999994,0.019230769230769232,0.02040816326530612,0.0,0.0,0.125,N,0.9999999,25.0,0.0,25033.0,1600.0,1.0,2.0,0.0,0.0,1.0,N,0.016897201538085938,Y,1.0,Y
0,4.545454090909091e-05,0.051282051282051266,0.0,1.1727180921184038e-06,0.0063999999999999994,0.019230769230769232,0.02040816326530612,0.0,0.0,0.125,1.0,0.9999999,25.0,0.0,0.029356652,1600.0,1.0,2.0,0.0,0.0,1.0,1.0,4.545454090909091e-05,0.051282051282051266,0.0,0.7,0.0063999999999999994,0.019230769230769232,0.02040816326530612,0.0,0.0,0.125,N,0.9999999,25.0,0.0,17523.1,1600.0,1.0,2.0,0.0,0.0,1.0,N,0.01694631576538086,Y,1.0,Y
0,4.545454090909091e-05,0.051282051282051266,0.0,1.1727180921184038e-06,0.0063999999999999994,0.019230769230769232,0.02040816326530612,0.0,0.0,0.125,1.0,0.9999999,25.0,0.0,0.029356652,1600.0,1.0,2.0,0.0,0.0,1.0,1.0,4.545454090909091e-05,0.051282051282051266,0.0,0.9,0.0063999999999999994,0.019230769230769232,0.02040816326530612,0.0,0.0,0.125,N,0.9999999,25.0,0.0,22529.7,1600.0,1.0,2.0,0.0,0.0,1.0,N,0.01637101173400879,Y,1.0,Y
0,4.545454090909091e-05,0.051282051282051266,0.0,1.1727180921184038e-06,0.0063999999999999994,0.019230769230769232,0.02040816326530612,0.0,0.0,0.125,1.0,0.9999999,25.0,0.0,0.029356652,1600.0,1.0,2.0,0.0,0.0,1.0,1.0,4.545454090909091e-05,0.80337027,0.0,1.1727180921184038e-06,0.16,0.019230769230769232,0.02040816326530612,0.0,0.0,0.5,N,0.9999999,83.66288106,0.0,0.029356652,40000.0,1.0,2.0,0.0,0.0,4.0,N,0.019335031509399414,Y,1.0,Y
0,4.545454090909091e-05,0.051282051282051266,0.0,1.1727180921184038e-06,0.0063999999999999994,0.019230769230769232,0.02040816326530612,0.0,0.0,0.125,1.0,0.9999999,25.0,0.0,0.029356652,1600.0,1.0,2.0,0.0,0.0,1.0,1.0,4.545454090909091e-05,0.051282051282051266,0.0,0.7,0.0063999999999999994,0.019230769230769232,0.02040816326530612,0.0,0.0,0.125,N,0.9999999,25.0,0.0,17523.1,1600.0,1.0,2.0,0.0,0.0,1.0,N,0.018030166625976562,Y,1.0,Y
0,3.1100125e-06,0.6794871794871795,0.0,6.548732872608158e-07,0.01,0.25,0.0,0.0,0.0,0.0,1.0,0.068420275,74.0,0.0,0.016393443,2500.0,13.0,0.0,0.0,0.0,0.0,1.0,3.1100125e-06,0.6794871794871795,0.0,6.548732872608158e-07,0.77,0.25,0.0,0.0,0.0,0.0,Y,0.068420275,74.0,0.0,0.016393443,192500.0,13.0,0.0,0.0,0.0,0.0,Y,0.017796039581298828,N,1.0,N
0,3.1100125e-06,0.6794871794871795,0.0,6.548732872608158e-07,0.01,0.25,0.0,0.0,0.0,0.0,1.0,0.068420275,74.0,0.0,0.016393443,2500.0,13.0,0.0,0.0,0.0,0.0,1.0,3.1100125e-06,0.6794871794871795,0.0,6.548732872608158e-07,0.96,0.25,0.0,0.0,0.0,0.1,Y,0.068420275,74.0,0.0,0.016393443,240000.0,13.0,0.0,0.0,0.0,0.8,Y,0.018851041793823242,N,1.0,N
0,3.1100125e-06,0.6794871794871795,0.0,6.548732872608158e-07,0.01,0.25,0.0,0.0,0.0,0.0,1.0,0.068420275,74.0,0.0,0.016393443,2500.0,13.0,0.0,0.0,0.0,0.0,1.0,3.1100125e-06,0.6794871794871795,0.0,0.6,0.01,0.25,0.0,1.0,0.0,0.0,Y,0.068420275,74.0,0.0,15019.8,2500.0,13.0,0.0,29.0,0.0,0.0,Y,0.01824212074279785,N,1.0,N
0,3.1100125e-06,0.6794871794871795,0.0,6.548732872608158e-07,0.01,0.25,0.0,0.0,0.0,0.0,1.0,0.068420275,74.0,0.0,0.016393443,2500.0,13.0,0.0,0.0,0.0,0.0,1.0,3.1100125e-06,0.6794871794871795,0.0,6.548732872608158e-07,0.43,0.25,0.6,0.0,0.0,0.0,Y,0.068420275,74.0,0.0,0.016393443,107500.0,13.0,58.800000000000004,0.0,0.0,0.0,Y,0.017583131790161133,N,1.0,N
0,3.1100125e-06,0.6794871794871795,0.0,6.548732872608158e-07,0.01,0.25,0.0,0.0,0.0,0.0,1.0,0.068420275,74.0,0.0,0.016393443,2500.0,13.0,0.0,0.0,0.0,0.0,1.0,3.1100125e-06,0.6794871794871795,0.0,6.548732872608158e-07,0.01,0.25,0.0,0.0,1.0,0.5,Y,0.068420275,74.0,0.0,0.016393443,2500.0,13.0,0.0,0.0,98.00000000000001,4.0,Y,0.016647815704345703,N,1.0,N
0,3.1521418636363633e-06,0.6025641025641026,0.0,3.850531298685735e-07,0.060168,0.13461538461538464,0.0,0.0,0.0,0.125,0.0,0.069347121,68.0,0.0,0.009639035,15042.0,7.000000000000001,0.0,0.0,0.0,1.0,0.0,3.1521418636363633e-06,0.6025641025641026,0.0,3.850531298685735e-07,0.060168,0.13461538461538464,0.0,0.8,1.1,0.125,Y,0.069347121,68.0,0.0,0.009639035,15042.0,7.000000000000001,0.0,23.200000000000003,107.80000000000001,1.0,Y,0.016737699508666992,Y,0.0,N
0,3.1521418636363633e-06,0.6025641025641026,0.0,3.850531298685735e-07,0.060168,0.13461538461538464,0.0,0.0,0.0,0.125,0.0,0.069347121,68.0,0.0,0.009639035,15042.0,7.000000000000001,0.0,0.0,0.0,1.0,0.0,3.1521418636363633e-06,0.6025641025641026,0.0,3.850531298685735e-07,0.060168,0.13461538461538464,0.0,0.0,0.1,0.125,Y,0.069347121,68.0,0.0,0.009639035,15042.0,7.000000000000001,0.0,0.0,9.8,1.0,Y,0.016290903091430664,Y,0.0,N
0,3.1521418636363633e-06,0.6025641025641026,0.0,3.850531298685735e-07,0.060168,0.13461538461538464,0.0,0.0,0.0,0.125,0.0,0.069347121,68.0,0.0,0.009639035,15042.0,7.000000000000001,0.0,0.0,0.0,1.0,0.0,3.1521418636363633e-06,0.6025641025641026,0.0,3.850531298685735e-07,0.060168,0.13461538461538464,0.0,0.8,0.0,0.125,Y,0.069347121,68.0,0.0,0.009639035,15042.0,7.000000000000001,0.0,23.200000000000003,0.0,1.0,Y,0.01607513427734375,Y,0.0,N
0,3.1521418636363633e-06,0.6025641025641026,0.0,3.850531298685735e-07,0.060168,0.13461538461538464,0.0,0.0,0.0,0.125,0.0,0.069347121,68.0,0.0,0.009639035,15042.0,7.000000000000001,0.0,0.0,0.0,1.0,0.0,3.1521418636363633e-06,0.6025641025641026,0.4,3.850531298685735e-07,0.060168,0.13461538461538464,0.2,0.0,0.0,0.125,Y,0.069347121,68.0,39.2,0.009639035,15042.0,7.000000000000001,19.6,0.0,0.0,1.0,Y,0.017275094985961914,Y,0.0,N
0,3.1521418636363633e-06,0.6025641025641026,0.0,3.850531298685735e-07,0.060168,0.13461538461538464,0.0,0.0,0.0,0.125,0.0,0.069347121,68.0,0.0,0.009639035,15042.0,7.000000000000001,0.0,0.0,0.0,1.0,0.0,3.1521418636363633e-06,0.6025641025641026,1.0,3.850531298685735e-07,0.060168,0.729292654,0.0,0.0,0.0,0.125,Y,0.069347121,68.0,98.00000000000001,0.009639035,15042.0,37.923218008,0.0,0.0,0.0,1.0,Y,0.018177032470703125,Y,0.0,N
0,0.0,0.5769230769230769,0.0,1.7235019414373026e-05,0.017499999999999998,0.19230769230769232,0.0,0.034482758620689655,0.0,0.0,0.0,0.0,66.0,0.0,0.43144424099999995,4375.0,10.0,0.0,1.0,0.0,0.0,0.0,0.0,0.5769230769230769,0.0,1.7235019414373026e-05,0.017499999999999998,0.19230769230769232,0.0,1.1,0.0,0.0,Y,0.0,66.0,0.0,0.43144424099999995,4375.0,10.0,0.0,31.900000000000002,0.0,0.0,Y,0.01627326011657715,Y,0.0,N
0,0.0,0.5769230769230769,0.0,1.7235019414373026e-05,0.017499999999999998,0.19230769230769232,0.0,0.034482758620689655,0.0,0.0,0.0,0.0,66.0,0.0,0.43144424099999995,4375.0,10.0,0.0,1.0,0.0,0.0,0.0,0.0,0.5769230769230769,0.0,1.7235019414373026e-05,0.017499999999999998,0.19230769230769232,0.0,0.034482758620689655,1.0,0.2,Y,0.0,66.0,0.0,0.43144424099999995,4375.0,10.0,0.0,1.0,98.00000000000001,1.6,Y,0.01571202278137207,Y,0.0,N
0,0.0,0.5769230769230769,0.0,1.7235019414373026e-05,0.017499999999999998,0.19230769230769232,0.0,0.034482758620689655,0.0,0.0,0.0,0.0,66.0,0.0,0.43144424099999995,4375.0,10.0,0.0,1.0,0.0,0.0,0.0,0.0,0.27109086,0.0,1.7235019414373026e-05,0.017499999999999998,0.19230769230769232,0.0,0.034482758620689655,0.0,1.0,Y,0.0,42.145087079999996,0.0,0.43144424099999995,4375.0,10.0,0.0,1.0,0.0,8.0,Y,0.016023874282836914,Y,0.0,N
0,0.0,0.5769230769230769,0.0,1.7235019414373026e-05,0.017499999999999998,0.19230769230769232,0.0,0.034482758620689655,0.0,0.0,0.0,0.0,66.0,0.0,0.43144424099999995,4375.0,10.0,0.0,1.0,0.0,0.0,0.0,0.0,0.5769230769230769,0.0,1.7235019414373026e-05,0.017499999999999998,0.19230769230769232,0.0,0.034482758620689655,0.2,0.0,Y,0.0,66.0,0.0,0.43144424099999995,4375.0,10.0,0.0,1.0,19.6,0.0,Y,0.0172879695892334,Y,0.0,N
0,0.0,0.5769230769230769,0.0,1.7235019414373026e-05,0.017499999999999998,0.19230769230769232,0.0,0.034482758620689655,0.0,0.0,0.0,0.0,66.0,0.0,0.43144424099999995,4375.0,10.0,0.0,1.0,0.0,0.0,0.0,0.0,0.5769230769230769,0.0,1.7235019414373026e-05,0.017499999999999998,0.19230769230769232,0.9,0.034482758620689655,0.0,0.0,Y,0.0,66.0,0.0,0.43144424099999995,4375.0,10.0,88.2,1.0,0.0,0.0,Y,0.017110109329223633,Y,0.0,N
0,3.675658290909091e-05,0.38461538461538464,0.02040816326530612,2.1724758518755243e-06,0.020664,0.13461538461538464,0.0,0.0,0.0,0.0,1.0,0.808644824,51.0,2.0,0.054383588000000004,5166.0,7.000000000000001,0.0,0.0,0.0,0.0,1.0,3.675658290909091e-05,0.38461538461538464,0.02040816326530612,0.2,0.020664,0.13461538461538464,0.0,0.0,0.0,0.0,N,0.808644824,51.0,2.0,5006.6,5166.0,7.000000000000001,0.0,0.0,0.0,0.0,N,0.01654791831970215,Y,1.0,Y
0,3.675658290909091e-05,0.38461538461538464,0.02040816326530612,2.1724758518755243e-06,0.020664,0.13461538461538464,0.0,0.0,0.0,0.0,1.0,0.808644824,51.0,2.0,0.054383588000000004,5166.0,7.000000000000001,0.0,0.0,0.0,0.0,1.0,3.675658290909091e-05,0.38461538461538464,0.02040816326530612,0.1,0.020664,0.13461538461538464,0.0,0.0,0.0,0.0,N,0.808644824,51.0,2.0,2503.3,5166.0,7.000000000000001,0.0,0.0,0.0,0.0,N,0.017503023147583008,Y,1.0,Y
0,3.675658290909091e-05,0.38461538461538464,0.02040816326530612,2.1724758518755243e-06,0.020664,0.13461538461538464,0.0,0.0,0.0,0.0,1.0,0.808644824,51.0,2.0,0.054383588000000004,5166.0,7.000000000000001,0.0,0.0,0.0,0.0,1.0,3.675658290909091e-05,0.38461538461538464,0.02040816326530612,0.2,0.020664,0.13461538461538464,0.0,0.3,0.0,0.0,N,0.808644824,51.0,2.0,5006.6,5166.0,7.000000000000001,0.0,8.7,0.0,0.0,N,0.017382144927978516,Y,1.0,Y
0,3.675658290909091e-05,0.38461538461538464,0.02040816326530612,2.1724758518755243e-06,0.020664,0.13461538461538464,0.0,0.0,0.0,0.0,1.0,0.808644824,51.0,2.0,0.054383588000000004,5166.0,7.000000000000001,0.0,0.0,0.0,0.0,1.0,3.675658290909091e-05,0.73978002,0.02040816326530612,2.1724758518755243e-06,0.020664,0.13461538461538464,0.0,0.0,0.0,0.0,N,0.808644824,78.70284156,2.0,0.054383588000000004,5166.0,7.000000000000001,0.0,0.0,0.0,0.0,N,0.01684403419494629,Y,1.0,Y
0,3.675658290909091e-05,0.38461538461538464,0.02040816326530612,2.1724758518755243e-06,0.020664,0.13461538461538464,0.0,0.0,0.0,0.0,1.0,0.808644824,51.0,2.0,0.054383588000000004,5166.0,7.000000000000001,0.0,0.0,0.0,0.0,1.0,3.675658290909091e-05,0.38461538461538464,0.02040816326530612,0.5,0.21,0.13461538461538464,0.0,0.0,0.0,0.0,N,0.808644824,51.0,2.0,12516.5,52500.0,7.000000000000001,0.0,0.0,0.0,0.0,N,0.016221046447753906,Y,1.0,Y
0,3.8272715863636356e-05,0.2948717948717949,0.0,2.1131124076219393e-05,0.017252,0.15384615384615385,0.0,0.034482758620689655,0.0,0.125,0.0,0.8419997489999999,44.0,0.0,0.528975429,4313.0,8.0,0.0,1.0,0.0,1.0,0.0,3.8272715863636356e-05,0.2948717948717949,0.0,2.1131124076219393e-05,0.017252,0.15384615384615385,0.0,0.034482758620689655,0.1,0.125,Y,0.8419997489999999,44.0,0.0,0.528975429,4313.0,8.0,0.0,1.0,9.8,1.0,Y,0.016303062438964844,Y,0.0,N
0,3.8272715863636356e-05,0.2948717948717949,0.0,2.1131124076219393e-05,0.017252,0.15384615384615385,0.0,0.034482758620689655,0.0,0.125,0.0,0.8419997489999999,44.0,0.0,0.528975429,4313.0,8.0,0.0,1.0,0.0,1.0,0.0,0.7216483954,0.2948717948717949,0.0,2.1131124076219393e-05,0.017252,0.409266272,0.0,0.034482758620689655,0.0,0.125,Y,15876.264698800001,44.0,0.0,0.528975429,4313.0,21.281846144,0.0,1.0,0.0,1.0,Y,0.01677083969116211,Y,0.0,N
0,3.8272715863636356e-05,0.2948717948717949,0.0,2.1131124076219393e-05,0.017252,0.15384615384615385,0.0,0.034482758620689655,0.0,0.125,0.0,0.8419997489999999,44.0,0.0,0.528975429,4313.0,8.0,0.0,1.0,0.0,1.0,0.0,3.8272715863636356e-05,0.2948717948717949,0.0,2.1131124076219393e-05,0.017252,0.15384615384615385,0.0,0.034482758620689655,0.8,0.125,Y,0.8419997489999999,44.0,0.0,0.528975429,4313.0,8.0,0.0,1.0,78.4,1.0,Y,0.017688989639282227,Y,0.0,N
0,3.8272715863636356e-05,0.2948717948717949,0.0,2.1131124076219393e-05,0.017252,0.15384615384615385,0.0,0.034482758620689655,0.0,0.125,0.0,0.8419997489999999,44.0,0.0,0.528975429,4313.0,8.0,0.0,1.0,0.0,1.0,0.0,3.8272715863636356e-05,0.2948717948717949,0.9,2.1131124076219393e-05,0.017252,0.941406501,0.0,0.034482758620689655,0.0,0.125,Y,0.8419997489999999,44.0,88.2,0.528975429,4313.0,48.953138052,0.0,1.0,0.0,1.0,Y,0.017044782638549805,Y,0.0,N
0,3.8272715863636356e-05,0.2948717948717949,0.0,2.1131124076219393e-05,0.017252,0.15384615384615385,0.0,0.034482758620689655,0.0,0.125,0.0,0.8419997489999999,44.0,0.0,0.528975429,4313.0,8.0,0.0,1.0,0.0,1.0,0.0,3.8272715863636356e-05,0.2948717948717949,0.0,2.1131124076219393e-05,0.017252,0.15384615384615385,0.0,0.3,0.0,0.125,Y,0.8419997489999999,44.0,0.0,0.528975429,4313.0,8.0,0.0,8.7,0.0,1.0,Y,0.01761484146118164,Y,0.0,N
0,3.097961881818181e-05,0.4230769230769231,0.0,2.574642575799944e-05,0.021599999999999998,0.2884615384615385,0.0,0.034482758620689655,0.0,0.25,0.0,0.6815516139999999,54.0,0.0,0.644510276,5400.0,15.0,0.0,1.0,0.0,2.0,0.0,3.097961881818181e-05,0.4230769230769231,0.0,2.574642575799944e-05,0.51,0.2884615384615385,0.0,0.034482758620689655,0.6,0.25,Y,0.6815516139999999,54.0,0.0,0.644510276,127500.00000000001,15.0,0.0,1.0,58.800000000000004,2.0,Y,0.01684093475341797,Y,0.0,N
0,3.097961881818181e-05,0.4230769230769231,0.0,2.574642575799944e-05,0.021599999999999998,0.2884615384615385,0.0,0.034482758620689655,0.0,0.25,0.0,0.6815516139999999,54.0,0.0,0.644510276,5400.0,15.0,0.0,1.0,0.0,2.0,0.0,3.097961881818181e-05,0.39059194,0.0,2.574642575799944e-05,0.021599999999999998,0.2884615384615385,0.8,0.034482758620689655,0.0,0.25,Y,0.6815516139999999,51.46617132,0.0,0.644510276,5400.0,15.0,78.4,1.0,0.0,2.0,Y,0.017587900161743164,Y,0.0,N
0,3.097961881818181e-05,0.4230769230769231,0.0,2.574642575799944e-05,0.021599999999999998,0.2884615384615385,0.0,0.034482758620689655,0.0,0.25,0.0,0.6815516139999999,54.0,0.0,0.644510276,5400.0,15.0,0.0,1.0,0.0,2.0,0.0,0.0295976949,0.4230769230769231,0.8,2.574642575799944e-05,0.021599999999999998,0.2884615384615385,0.0,0.034482758620689655,0.0,0.25,Y,651.1492878,54.0,78.4,0.644510276,5400.0,15.0,0.0,1.0,0.0,2.0,Y,0.017075061798095703,Y,0.0,N
0,3.097961881818181e-05,0.4230769230769231,0.0,2.574642575799944e-05,0.021599999999999998,0.2884615384615385,0.0,0.034482758620689655,0.0,0.25,0.0,0.6815516139999999,54.0,0.0,0.644510276,5400.0,15.0,0.0,1.0,0.0,2.0,0.0,0.1302091477,0.4230769230769231,0.0,2.574642575799944e-05,0.021599999999999998,0.2884615384615385,0.0,0.6,0.0,0.25,Y,2864.6012494,54.0,0.0,0.644510276,5400.0,15.0,0.0,17.4,0.0,2.0,Y,0.018429994583129883,Y,0.0,N
0,3.097961881818181e-05,0.4230769230769231,0.0,2.574642575799944e-05,0.021599999999999998,0.2884615384615385,0.0,0.034482758620689655,0.0,0.25,0.0,0.6815516139999999,54.0,0.0,0.644510276,5400.0,15.0,0.0,1.0,0.0,2.0,0.0,3.097961881818181e-05,0.4230769230769231,0.0,2.574642575799944e-05,0.021599999999999998,0.2884615384615385,1.0,0.034482758620689655,0.0,0.25,Y,0.6815516139999999,54.0,0.0,0.644510276,5400.0,15.0,98.00000000000001,1.0,0.0,2.0,Y,0.01716899871826172,Y,0.0,N
