,scaled_input_f5,scaled_input_f6,scaled_input_f7,scaled_input_f8,scaled_input_f9,scaled_input_f13,scaled_input_f14,scaled_input_f15,scaled_input_f16,scaled_input_f17,scaled_input_f18,scaled_input_f19,scaled_input_f20,scaled_input_f21,scaled_input_f22,scaled_input_f23,scaled_input_f24,scaled_input_f25,scaled_input_f26,scaled_input_f27,scaled_input_f28,scaled_input_f29,scaled_input_f30,scaled_input_f31,scaled_input_f32,scaled_input_f33,scaled_input_target,origin_input_f5,origin_input_f6,origin_input_f7,origin_input_f8,origin_input_f9,origin_input_f13,origin_input_f14,origin_input_f15,origin_input_f16,origin_input_f17,origin_input_f18,origin_input_f19,origin_input_f20,origin_input_f21,origin_input_f22,origin_input_f23,origin_input_f24,origin_input_f25,origin_input_f26,origin_input_f27,origin_input_f28,origin_input_f29,origin_input_f30,origin_input_f31,origin_input_f32,origin_input_f33,origin_input_target,running_time,Found,ground_truth,prediction,scaled_cf_f5,scaled_cf_f6,scaled_cf_f7,scaled_cf_f8,scaled_cf_f9,scaled_cf_f13,scaled_cf_f14,scaled_cf_f15,scaled_cf_f16,scaled_cf_f17,scaled_cf_f18,scaled_cf_f19,scaled_cf_f20,scaled_cf_f21,scaled_cf_f22,scaled_cf_f23,scaled_cf_f24,scaled_cf_f25,scaled_cf_f26,scaled_cf_f27,scaled_cf_f28,scaled_cf_f29,scaled_cf_f30,scaled_cf_f31,scaled_cf_f32,scaled_cf_f33,scaled_cf_target,origin_cf_f5,origin_cf_f6,origin_cf_f7,origin_cf_f8,origin_cf_f9,origin_cf_f13,origin_cf_f14,origin_cf_f15,origin_cf_f16,origin_cf_f17,origin_cf_f18,origin_cf_f19,origin_cf_f20,origin_cf_f21,origin_cf_f22,origin_cf_f23,origin_cf_f24,origin_cf_f25,origin_cf_f26,origin_cf_f27,origin_cf_f28,origin_cf_f29,origin_cf_f30,origin_cf_f31,origin_cf_f32,origin_cf_f33,origin_cf_target
0,0.4064171122994652,0.0,0.0,0.015503875968992276,0.08974358974358987,0.0,0.0,0.0,0.07086614173228346,0.5669291338582677,0.0,0.0,0.0,0.0,0.0,0.0,0.0,0.0,0.0,0.0,0.0,0.0,0.0,0.0,0.10256410256410256,0.0,Y,89.0,77.0,76.0,73.0,101.00000000000001,0.0,0.0,0.0,9.0,72.0,0.0,0.0,0.0,0.0,0.0,0.0,0.0,0.0,0.0,0.0,0.0,0.0,0.0,0.0,4.0,0.0,Y,8.769245147705078,N,Y,Y,,,,,,,,,,,,,,,,,,,,,,,,,,,,,,,,,,,,,,,,,,,,,,,,,,,,,,
0,0.4064171122994652,0.0,0.0,0.015503875968992276,0.08974358974358987,0.0,0.0,0.0,0.07086614173228346,0.5669291338582677,0.0,0.0,0.0,0.0,0.0,0.0,0.0,0.0,0.0,0.0,0.0,0.0,0.0,0.0,0.10256410256410256,0.0,Y,89.0,77.0,76.0,73.0,101.00000000000001,0.0,0.0,0.0,9.0,72.0,0.0,0.0,0.0,0.0,0.0,0.0,0.0,0.0,0.0,0.0,0.0,0.0,0.0,0.0,4.0,0.0,Y,8.512182712554932,N,Y,Y,,,,,,,,,,,,,,,,,,,,,,,,,,,,,,,,,,,,,,,,,,,,,,,,,,,,,,
0,0.4064171122994652,0.0,0.0,0.015503875968992276,0.08974358974358987,0.0,0.0,0.0,0.07086614173228346,0.5669291338582677,0.0,0.0,0.0,0.0,0.0,0.0,0.0,0.0,0.0,0.0,0.0,0.0,0.0,0.0,0.10256410256410256,0.0,Y,89.0,77.0,76.0,73.0,101.00000000000001,0.0,0.0,0.0,9.0,72.0,0.0,0.0,0.0,0.0,0.0,0.0,0.0,0.0,0.0,0.0,0.0,0.0,0.0,0.0,4.0,0.0,Y,8.468494892120361,N,Y,Y,,,,,,,,,,,,,,,,,,,,,,,,,,,,,,,,,,,,,,,,,,,,,,,,,,,,,,
0,0.4064171122994652,0.0,0.0,0.015503875968992276,0.08974358974358987,0.0,0.0,0.0,0.07086614173228346,0.5669291338582677,0.0,0.0,0.0,0.0,0.0,0.0,0.0,0.0,0.0,0.0,0.0,0.0,0.0,0.0,0.10256410256410256,0.0,Y,89.0,77.0,76.0,73.0,101.00000000000001,0.0,0.0,0.0,9.0,72.0,0.0,0.0,0.0,0.0,0.0,0.0,0.0,0.0,0.0,0.0,0.0,0.0,0.0,0.0,4.0,0.0,Y,8.508095979690552,N,Y,Y,,,,,,,,,,,,,,,,,,,,,,,,,,,,,,,,,,,,,,,,,,,,,,,,,,,,,,
0,0.4064171122994652,0.0,0.0,0.015503875968992276,0.08974358974358987,0.0,0.0,0.0,0.07086614173228346,0.5669291338582677,0.0,0.0,0.0,0.0,0.0,0.0,0.0,0.0,0.0,0.0,0.0,0.0,0.0,0.0,0.10256410256410256,0.0,Y,89.0,77.0,76.0,73.0,101.00000000000001,0.0,0.0,0.0,9.0,72.0,0.0,0.0,0.0,0.0,0.0,0.0,0.0,0.0,0.0,0.0,0.0,0.0,0.0,0.0,4.0,0.0,Y,8.554314851760864,N,Y,Y,,,,,,,,,,,,,,,,,,,,,,,,,,,,,,,,,,,,,,,,,,,,,,,,,,,,,,
0,0.53475935828877,0.04878048780487809,0.0,0.0,0.0,0.0,0.25,0.09333333333333334,0.015748031496062992,0.30708661417322836,0.2,0.0,0.0,0.0,0.0,0.0,0.0,0.0,0.0,0.0,0.0,0.0,0.0,0.0,0.0,0.0,N,113.0,83.0,76.0,71.0,94.0,0.0,32.0,14.0,2.0,39.0,25.0,0.0,0.0,0.0,0.0,0.0,0.0,0.0,0.0,0.0,0.0,0.0,0.0,0.0,0.0,0.0,N,8.51026201248169,Y,N,N,0.0,0.0,0.0,0.0,0.0,0.0,0.0,0.0,0.0,0.0,0.0,0.0,0.0,0.0,0.0,0.0,0.0,0.0,0.0,0.0,0.0,0.0,0.0,0.0,0.0,0.0,Y,13.0,77.0,76.0,71.0,94.0,0.0,0.0,0.0,0.0,0.0,0.0,0.0,0.0,0.0,0.0,0.0,0.0,0.0,0.0,0.0,0.0,0.0,0.0,0.0,0.0,0.0,Y
0,0.53475935828877,0.04878048780487809,0.0,0.0,0.0,0.0,0.25,0.09333333333333334,0.015748031496062992,0.30708661417322836,0.2,0.0,0.0,0.0,0.0,0.0,0.0,0.0,0.0,0.0,0.0,0.0,0.0,0.0,0.0,0.0,N,113.0,83.0,76.0,71.0,94.0,0.0,32.0,14.0,2.0,39.0,25.0,0.0,0.0,0.0,0.0,0.0,0.0,0.0,0.0,0.0,0.0,0.0,0.0,0.0,0.0,0.0,N,8.360349893569946,Y,N,N,0.0,0.0,0.0,0.0,0.0,0.0,0.0,0.0,0.0,0.0,0.0,0.0,0.0,0.0,0.0,0.0,0.0,0.0,0.0,0.0,0.0,0.0,0.0,0.0,0.0,0.0,Y,13.0,77.0,76.0,71.0,94.0,0.0,0.0,0.0,0.0,0.0,0.0,0.0,0.0,0.0,0.0,0.0,0.0,0.0,0.0,0.0,0.0,0.0,0.0,0.0,0.0,0.0,Y
0,0.53475935828877,0.04878048780487809,0.0,0.0,0.0,0.0,0.25,0.09333333333333334,0.015748031496062992,0.30708661417322836,0.2,0.0,0.0,0.0,0.0,0.0,0.0,0.0,0.0,0.0,0.0,0.0,0.0,0.0,0.0,0.0,N,113.0,83.0,76.0,71.0,94.0,0.0,32.0,14.0,2.0,39.0,25.0,0.0,0.0,0.0,0.0,0.0,0.0,0.0,0.0,0.0,0.0,0.0,0.0,0.0,0.0,0.0,N,8.391885995864868,Y,N,N,0.0,0.0,0.0,0.0,0.0,0.0,0.0,0.0,0.0,0.0,0.0,0.0,0.0,0.0,0.0,0.0,0.0,0.0,0.0,0.0,0.0,0.0,0.0,0.0,0.0,0.0,Y,13.0,77.0,76.0,71.0,94.0,0.0,0.0,0.0,0.0,0.0,0.0,0.0,0.0,0.0,0.0,0.0,0.0,0.0,0.0,0.0,0.0,0.0,0.0,0.0,0.0,0.0,Y
0,0.53475935828877,0.04878048780487809,0.0,0.0,0.0,0.0,0.25,0.09333333333333334,0.015748031496062992,0.30708661417322836,0.2,0.0,0.0,0.0,0.0,0.0,0.0,0.0,0.0,0.0,0.0,0.0,0.0,0.0,0.0,0.0,N,113.0,83.0,76.0,71.0,94.0,0.0,32.0,14.0,2.0,39.0,25.0,0.0,0.0,0.0,0.0,0.0,0.0,0.0,0.0,0.0,0.0,0.0,0.0,0.0,0.0,0.0,N,8.395694971084595,Y,N,N,0.0,0.0,0.0,0.0,0.0,0.0,0.0,0.0,0.0,0.0,0.0,0.0,0.0,0.0,0.0,0.0,0.0,0.0,0.0,0.0,0.0,0.0,0.0,0.0,0.0,0.0,Y,13.0,77.0,76.0,71.0,94.0,0.0,0.0,0.0,0.0,0.0,0.0,0.0,0.0,0.0,0.0,0.0,0.0,0.0,0.0,0.0,0.0,0.0,0.0,0.0,0.0,0.0,Y
0,0.53475935828877,0.04878048780487809,0.0,0.0,0.0,0.0,0.25,0.09333333333333334,0.015748031496062992,0.30708661417322836,0.2,0.0,0.0,0.0,0.0,0.0,0.0,0.0,0.0,0.0,0.0,0.0,0.0,0.0,0.0,0.0,N,113.0,83.0,76.0,71.0,94.0,0.0,32.0,14.0,2.0,39.0,25.0,0.0,0.0,0.0,0.0,0.0,0.0,0.0,0.0,0.0,0.0,0.0,0.0,0.0,0.0,0.0,N,8.392130136489868,Y,N,N,0.0,0.0,0.0,0.0,0.0,0.0,0.0,0.0,0.0,0.0,0.0,0.0,0.0,0.0,0.0,0.0,0.0,0.0,0.0,0.0,0.0,0.0,0.0,0.0,0.0,0.0,Y,13.0,77.0,76.0,71.0,94.0,0.0,0.0,0.0,0.0,0.0,0.0,0.0,0.0,0.0,0.0,0.0,0.0,0.0,0.0,0.0,0.0,0.0,0.0,0.0,0.0,0.0,Y
0,0.2834224598930481,0.5203252032520326,0.0,0.09302325581395354,0.8333333333333333,0.0,0.0,0.0,0.0,0.0,0.224,0.42342342342342343,0.5054945054945056,0.0,0.0,0.0,0.0,0.0,0.0,0.0,0.0,0.0,0.0,0.0,0.8205128205128205,0.23076923076923075,N,66.0,141.0,76.0,83.0,159.0,0.0,0.0,0.0,0.0,0.0,28.0,47.0,46.00000000000001,0.0,0.0,0.0,0.0,0.0,0.0,0.0,0.0,0.0,0.0,0.0,32.0,9.0,N,8.394838094711304,Y,N,N,0.0,0.0,0.0,0.0,0.0,0.0,0.0,0.0,0.0,0.0,0.0,0.0,0.0,0.0,0.0,0.0,0.0,0.0,0.0,0.0,0.0,0.0,0.0,0.0,0.0,0.0,Y,13.0,77.0,76.0,71.0,94.0,0.0,0.0,0.0,0.0,0.0,0.0,0.0,0.0,0.0,0.0,0.0,0.0,0.0,0.0,0.0,0.0,0.0,0.0,0.0,0.0,0.0,Y
0,0.2834224598930481,0.5203252032520326,0.0,0.09302325581395354,0.8333333333333333,0.0,0.0,0.0,0.0,0.0,0.224,0.42342342342342343,0.5054945054945056,0.0,0.0,0.0,0.0,0.0,0.0,0.0,0.0,0.0,0.0,0.0,0.8205128205128205,0.23076923076923075,N,66.0,141.0,76.0,83.0,159.0,0.0,0.0,0.0,0.0,0.0,28.0,47.0,46.00000000000001,0.0,0.0,0.0,0.0,0.0,0.0,0.0,0.0,0.0,0.0,0.0,32.0,9.0,N,8.373648166656494,Y,N,N,0.0,0.0,0.0,0.0,0.0,0.0,0.0,0.0,0.0,0.0,0.0,0.0,0.0,0.0,0.0,0.0,0.0,0.0,0.0,0.0,0.0,0.0,0.0,0.0,0.0,0.0,Y,13.0,77.0,76.0,71.0,94.0,0.0,0.0,0.0,0.0,0.0,0.0,0.0,0.0,0.0,0.0,0.0,0.0,0.0,0.0,0.0,0.0,0.0,0.0,0.0,0.0,0.0,Y
0,0.2834224598930481,0.5203252032520326,0.0,0.09302325581395354,0.8333333333333333,0.0,0.0,0.0,0.0,0.0,0.224,0.42342342342342343,0.5054945054945056,0.0,0.0,0.0,0.0,0.0,0.0,0.0,0.0,0.0,0.0,0.0,0.8205128205128205,0.23076923076923075,N,66.0,141.0,76.0,83.0,159.0,0.0,0.0,0.0,0.0,0.0,28.0,47.0,46.00000000000001,0.0,0.0,0.0,0.0,0.0,0.0,0.0,0.0,0.0,0.0,0.0,32.0,9.0,N,8.430686950683594,Y,N,N,0.0,0.0,0.0,0.0,0.0,0.0,0.0,0.0,0.0,0.0,0.0,0.0,0.0,0.0,0.0,0.0,0.0,0.0,0.0,0.0,0.0,0.0,0.0,0.0,0.0,0.0,Y,13.0,77.0,76.0,71.0,94.0,0.0,0.0,0.0,0.0,0.0,0.0,0.0,0.0,0.0,0.0,0.0,0.0,0.0,0.0,0.0,0.0,0.0,0.0,0.0,0.0,0.0,Y
0,0.2834224598930481,0.5203252032520326,0.0,0.09302325581395354,0.8333333333333333,0.0,0.0,0.0,0.0,0.0,0.224,0.42342342342342343,0.5054945054945056,0.0,0.0,0.0,0.0,0.0,0.0,0.0,0.0,0.0,0.0,0.0,0.8205128205128205,0.23076923076923075,N,66.0,141.0,76.0,83.0,159.0,0.0,0.0,0.0,0.0,0.0,28.0,47.0,46.00000000000001,0.0,0.0,0.0,0.0,0.0,0.0,0.0,0.0,0.0,0.0,0.0,32.0,9.0,N,8.469465970993042,Y,N,N,0.0,0.0,0.0,0.0,0.0,0.0,0.0,0.0,0.0,0.0,0.0,0.0,0.0,0.0,0.0,0.0,0.0,0.0,0.0,0.0,0.0,0.0,0.0,0.0,0.0,0.0,Y,13.0,77.0,76.0,71.0,94.0,0.0,0.0,0.0,0.0,0.0,0.0,0.0,0.0,0.0,0.0,0.0,0.0,0.0,0.0,0.0,0.0,0.0,0.0,0.0,0.0,0.0,Y
0,0.2834224598930481,0.5203252032520326,0.0,0.09302325581395354,0.8333333333333333,0.0,0.0,0.0,0.0,0.0,0.224,0.42342342342342343,0.5054945054945056,0.0,0.0,0.0,0.0,0.0,0.0,0.0,0.0,0.0,0.0,0.0,0.8205128205128205,0.23076923076923075,N,66.0,141.0,76.0,83.0,159.0,0.0,0.0,0.0,0.0,0.0,28.0,47.0,46.00000000000001,0.0,0.0,0.0,0.0,0.0,0.0,0.0,0.0,0.0,0.0,0.0,32.0,9.0,N,8.41172194480896,Y,N,N,0.0,0.0,0.0,0.0,0.0,0.0,0.0,0.0,0.0,0.0,0.0,0.0,0.0,0.0,0.0,0.0,0.0,0.0,0.0,0.0,0.0,0.0,0.0,0.0,0.0,0.0,Y,13.0,77.0,76.0,71.0,94.0,0.0,0.0,0.0,0.0,0.0,0.0,0.0,0.0,0.0,0.0,0.0,0.0,0.0,0.0,0.0,0.0,0.0,0.0,0.0,0.0,0.0,Y
0,0.48663101604278075,0.4390243902439025,0.0,0.0,0.0,0.4070796460176991,0.0,0.0,0.0,0.08661417322834646,0.4,0.0,0.07692307692307693,0.3274336283185841,0.0,0.0,0.0,0.0,0.0,0.0,0.0,0.0,0.0,0.0,0.0,0.0,N,104.0,131.0,76.0,71.0,94.0,46.0,0.0,0.0,0.0,11.0,50.0,0.0,7.0,37.0,0.0,0.0,0.0,0.0,0.0,0.0,0.0,0.0,0.0,0.0,0.0,0.0,N,8.386074781417847,Y,N,N,0.0,0.0,0.0,0.0,0.0,0.0,0.0,0.0,0.0,0.0,0.0,0.0,0.0,0.0,0.0,0.0,0.0,0.0,0.0,0.0,0.0,0.0,0.0,0.0,0.0,0.0,Y,13.0,77.0,76.0,71.0,94.0,0.0,0.0,0.0,0.0,0.0,0.0,0.0,0.0,0.0,0.0,0.0,0.0,0.0,0.0,0.0,0.0,0.0,0.0,0.0,0.0,0.0,Y
0,0.48663101604278075,0.4390243902439025,0.0,0.0,0.0,0.4070796460176991,0.0,0.0,0.0,0.08661417322834646,0.4,0.0,0.07692307692307693,0.3274336283185841,0.0,0.0,0.0,0.0,0.0,0.0,0.0,0.0,0.0,0.0,0.0,0.0,N,104.0,131.0,76.0,71.0,94.0,46.0,0.0,0.0,0.0,11.0,50.0,0.0,7.0,37.0,0.0,0.0,0.0,0.0,0.0,0.0,0.0,0.0,0.0,0.0,0.0,0.0,N,8.540170907974243,Y,N,N,0.0,0.0,0.0,0.0,0.0,0.0,0.0,0.0,0.0,0.0,0.0,0.0,0.0,0.0,0.0,0.0,0.0,0.0,0.0,0.0,0.0,0.0,0.0,0.0,0.0,0.0,Y,13.0,77.0,76.0,71.0,94.0,0.0,0.0,0.0,0.0,0.0,0.0,0.0,0.0,0.0,0.0,0.0,0.0,0.0,0.0,0.0,0.0,0.0,0.0,0.0,0.0,0.0,Y
0,0.48663101604278075,0.4390243902439025,0.0,0.0,0.0,0.4070796460176991,0.0,0.0,0.0,0.08661417322834646,0.4,0.0,0.07692307692307693,0.3274336283185841,0.0,0.0,0.0,0.0,0.0,0.0,0.0,0.0,0.0,0.0,0.0,0.0,N,104.0,131.0,76.0,71.0,94.0,46.0,0.0,0.0,0.0,11.0,50.0,0.0,7.0,37.0,0.0,0.0,0.0,0.0,0.0,0.0,0.0,0.0,0.0,0.0,0.0,0.0,N,8.546666622161865,Y,N,N,0.0,0.0,0.0,0.0,0.0,0.0,0.0,0.0,0.0,0.0,0.0,0.0,0.0,0.0,0.0,0.0,0.0,0.0,0.0,0.0,0.0,0.0,0.0,0.0,0.0,0.0,Y,13.0,77.0,76.0,71.0,94.0,0.0,0.0,0.0,0.0,0.0,0.0,0.0,0.0,0.0,0.0,0.0,0.0,0.0,0.0,0.0,0.0,0.0,0.0,0.0,0.0,0.0,Y
0,0.48663101604278075,0.4390243902439025,0.0,0.0,0.0,0.4070796460176991,0.0,0.0,0.0,0.08661417322834646,0.4,0.0,0.07692307692307693,0.3274336283185841,0.0,0.0,0.0,0.0,0.0,0.0,0.0,0.0,0.0,0.0,0.0,0.0,N,104.0,131.0,76.0,71.0,94.0,46.0,0.0,0.0,0.0,11.0,50.0,0.0,7.0,37.0,0.0,0.0,0.0,0.0,0.0,0.0,0.0,0.0,0.0,0.0,0.0,0.0,N,8.514188051223755,Y,N,N,0.0,0.0,0.0,0.0,0.0,0.0,0.0,0.0,0.0,0.0,0.0,0.0,0.0,0.0,0.0,0.0,0.0,0.0,0.0,0.0,0.0,0.0,0.0,0.0,0.0,0.0,Y,13.0,77.0,76.0,71.0,94.0,0.0,0.0,0.0,0.0,0.0,0.0,0.0,0.0,0.0,0.0,0.0,0.0,0.0,0.0,0.0,0.0,0.0,0.0,0.0,0.0,0.0,Y
0,0.48663101604278075,0.4390243902439025,0.0,0.0,0.0,0.4070796460176991,0.0,0.0,0.0,0.08661417322834646,0.4,0.0,0.07692307692307693,0.3274336283185841,0.0,0.0,0.0,0.0,0.0,0.0,0.0,0.0,0.0,0.0,0.0,0.0,N,104.0,131.0,76.0,71.0,94.0,46.0,0.0,0.0,0.0,11.0,50.0,0.0,7.0,37.0,0.0,0.0,0.0,0.0,0.0,0.0,0.0,0.0,0.0,0.0,0.0,0.0,N,8.515949964523315,Y,N,N,0.0,0.0,0.0,0.0,0.0,0.0,0.0,0.0,0.0,0.0,0.0,0.0,0.0,0.0,0.0,0.0,0.0,0.0,0.0,0.0,0.0,0.0,0.0,0.0,0.0,0.0,Y,13.0,77.0,76.0,71.0,94.0,0.0,0.0,0.0,0.0,0.0,0.0,0.0,0.0,0.0,0.0,0.0,0.0,0.0,0.0,0.0,0.0,0.0,0.0,0.0,0.0,0.0,Y
0,0.0267379679144385,0.2682926829268293,0.30645161290322576,0.0,0.0,0.0,0.0234375,0.0,0.0,0.0,0.0,0.018018018018018018,0.07692307692307693,0.0,0.0,0.5192307692307693,0.07142857142857142,0.0,0.0,0.0,0.0,0.0,0.0,0.0,0.0,0.0,N,18.0,110.0,114.0,71.0,94.0,0.0,3.0,0.0,0.0,0.0,0.0,2.0,7.0,0.0,0.0,54.0,4.0,0.0,0.0,0.0,0.0,0.0,0.0,0.0,0.0,0.0,N,8.474567174911499,Y,N,N,0.0,0.0,0.0,0.0,0.0,0.0,0.0,0.0,0.0,0.0,0.0,0.0,0.0,0.0,0.0,0.0,0.0,0.0,0.0,0.0,0.0,0.0,0.0,0.0,0.0,0.0,Y,13.0,77.0,76.0,71.0,94.0,0.0,0.0,0.0,0.0,0.0,0.0,0.0,0.0,0.0,0.0,0.0,0.0,0.0,0.0,0.0,0.0,0.0,0.0,0.0,0.0,0.0,Y
0,0.0267379679144385,0.2682926829268293,0.30645161290322576,0.0,0.0,0.0,0.0234375,0.0,0.0,0.0,0.0,0.018018018018018018,0.07692307692307693,0.0,0.0,0.5192307692307693,0.07142857142857142,0.0,0.0,0.0,0.0,0.0,0.0,0.0,0.0,0.0,N,18.0,110.0,114.0,71.0,94.0,0.0,3.0,0.0,0.0,0.0,0.0,2.0,7.0,0.0,0.0,54.0,4.0,0.0,0.0,0.0,0.0,0.0,0.0,0.0,0.0,0.0,N,8.490489959716797,Y,N,N,0.0,0.0,0.0,0.0,0.0,0.0,0.0,0.0,0.0,0.0,0.0,0.0,0.0,0.0,0.0,0.0,0.0,0.0,0.0,0.0,0.0,0.0,0.0,0.0,0.0,0.0,Y,13.0,77.0,76.0,71.0,94.0,0.0,0.0,0.0,0.0,0.0,0.0,0.0,0.0,0.0,0.0,0.0,0.0,0.0,0.0,0.0,0.0,0.0,0.0,0.0,0.0,0.0,Y
0,0.0267379679144385,0.2682926829268293,0.30645161290322576,0.0,0.0,0.0,0.0234375,0.0,0.0,0.0,0.0,0.018018018018018018,0.07692307692307693,0.0,0.0,0.5192307692307693,0.07142857142857142,0.0,0.0,0.0,0.0,0.0,0.0,0.0,0.0,0.0,N,18.0,110.0,114.0,71.0,94.0,0.0,3.0,0.0,0.0,0.0,0.0,2.0,7.0,0.0,0.0,54.0,4.0,0.0,0.0,0.0,0.0,0.0,0.0,0.0,0.0,0.0,N,8.489567041397095,Y,N,N,0.0,0.0,0.0,0.0,0.0,0.0,0.0,0.0,0.0,0.0,0.0,0.0,0.0,0.0,0.0,0.0,0.0,0.0,0.0,0.0,0.0,0.0,0.0,0.0,0.0,0.0,Y,13.0,77.0,76.0,71.0,94.0,0.0,0.0,0.0,0.0,0.0,0.0,0.0,0.0,0.0,0.0,0.0,0.0,0.0,0.0,0.0,0.0,0.0,0.0,0.0,0.0,0.0,Y
0,0.0267379679144385,0.2682926829268293,0.30645161290322576,0.0,0.0,0.0,0.0234375,0.0,0.0,0.0,0.0,0.018018018018018018,0.07692307692307693,0.0,0.0,0.5192307692307693,0.07142857142857142,0.0,0.0,0.0,0.0,0.0,0.0,0.0,0.0,0.0,N,18.0,110.0,114.0,71.0,94.0,0.0,3.0,0.0,0.0,0.0,0.0,2.0,7.0,0.0,0.0,54.0,4.0,0.0,0.0,0.0,0.0,0.0,0.0,0.0,0.0,0.0,N,8.698400735855103,Y,N,N,0.0,0.0,0.0,0.0,0.0,0.0,0.0,0.0,0.0,0.0,0.0,0.0,0.0,0.0,0.0,0.0,0.0,0.0,0.0,0.0,0.0,0.0,0.0,0.0,0.0,0.0,Y,13.0,77.0,76.0,71.0,94.0,0.0,0.0,0.0,0.0,0.0,0.0,0.0,0.0,0.0,0.0,0.0,0.0,0.0,0.0,0.0,0.0,0.0,0.0,0.0,0.0,0.0,Y
0,0.0267379679144385,0.2682926829268293,0.30645161290322576,0.0,0.0,0.0,0.0234375,0.0,0.0,0.0,0.0,0.018018018018018018,0.07692307692307693,0.0,0.0,0.5192307692307693,0.07142857142857142,0.0,0.0,0.0,0.0,0.0,0.0,0.0,0.0,0.0,N,18.0,110.0,114.0,71.0,94.0,0.0,3.0,0.0,0.0,0.0,0.0,2.0,7.0,0.0,0.0,54.0,4.0,0.0,0.0,0.0,0.0,0.0,0.0,0.0,0.0,0.0,N,8.491550922393799,Y,N,N,0.0,0.0,0.0,0.0,0.0,0.0,0.0,0.0,0.0,0.0,0.0,0.0,0.0,0.0,0.0,0.0,0.0,0.0,0.0,0.0,0.0,0.0,0.0,0.0,0.0,0.0,Y,13.0,77.0,76.0,71.0,94.0,0.0,0.0,0.0,0.0,0.0,0.0,0.0,0.0,0.0,0.0,0.0,0.0,0.0,0.0,0.0,0.0,0.0,0.0,0.0,0.0,0.0,Y
0,0.37433155080213903,0.0,0.0,0.0,0.0,0.0,0.046875,0.38,0.08661417322834646,0.0,0.0,0.0,0.0,0.0,0.0,0.0,0.0,0.0,0.0,0.0,0.0,0.0,0.0,0.0,0.0,0.0,Y,83.0,77.0,76.0,71.0,94.0,0.0,6.0,57.0,11.0,0.0,0.0,0.0,0.0,0.0,0.0,0.0,0.0,0.0,0.0,0.0,0.0,0.0,0.0,0.0,0.0,0.0,Y,8.555781126022339,N,Y,Y,,,,,,,,,,,,,,,,,,,,,,,,,,,,,,,,,,,,,,,,,,,,,,,,,,,,,,
0,0.37433155080213903,0.0,0.0,0.0,0.0,0.0,0.046875,0.38,0.08661417322834646,0.0,0.0,0.0,0.0,0.0,0.0,0.0,0.0,0.0,0.0,0.0,0.0,0.0,0.0,0.0,0.0,0.0,Y,83.0,77.0,76.0,71.0,94.0,0.0,6.0,57.0,11.0,0.0,0.0,0.0,0.0,0.0,0.0,0.0,0.0,0.0,0.0,0.0,0.0,0.0,0.0,0.0,0.0,0.0,Y,8.505375146865845,N,Y,Y,,,,,,,,,,,,,,,,,,,,,,,,,,,,,,,,,,,,,,,,,,,,,,,,,,,,,,
0,0.37433155080213903,0.0,0.0,0.0,0.0,0.0,0.046875,0.38,0.08661417322834646,0.0,0.0,0.0,0.0,0.0,0.0,0.0,0.0,0.0,0.0,0.0,0.0,0.0,0.0,0.0,0.0,0.0,Y,83.0,77.0,76.0,71.0,94.0,0.0,6.0,57.0,11.0,0.0,0.0,0.0,0.0,0.0,0.0,0.0,0.0,0.0,0.0,0.0,0.0,0.0,0.0,0.0,0.0,0.0,Y,8.555682182312012,N,Y,Y,,,,,,,,,,,,,,,,,,,,,,,,,,,,,,,,,,,,,,,,,,,,,,,,,,,,,,
0,0.37433155080213903,0.0,0.0,0.0,0.0,0.0,0.046875,0.38,0.08661417322834646,0.0,0.0,0.0,0.0,0.0,0.0,0.0,0.0,0.0,0.0,0.0,0.0,0.0,0.0,0.0,0.0,0.0,Y,83.0,77.0,76.0,71.0,94.0,0.0,6.0,57.0,11.0,0.0,0.0,0.0,0.0,0.0,0.0,0.0,0.0,0.0,0.0,0.0,0.0,0.0,0.0,0.0,0.0,0.0,Y,8.449972867965698,N,Y,Y,,,,,,,,,,,,,,,,,,,,,,,,,,,,,,,,,,,,,,,,,,,,,,,,,,,,,,
0,0.37433155080213903,0.0,0.0,0.0,0.0,0.0,0.046875,0.38,0.08661417322834646,0.0,0.0,0.0,0.0,0.0,0.0,0.0,0.0,0.0,0.0,0.0,0.0,0.0,0.0,0.0,0.0,0.0,Y,83.0,77.0,76.0,71.0,94.0,0.0,6.0,57.0,11.0,0.0,0.0,0.0,0.0,0.0,0.0,0.0,0.0,0.0,0.0,0.0,0.0,0.0,0.0,0.0,0.0,0.0,Y,8.50351619720459,N,Y,Y,,,,,,,,,,,,,,,,,,,,,,,,,,,,,,,,,,,,,,,,,,,,,,,,,,,,,,
0,0.23529411764705882,0.0,0.0,0.007751937984496138,0.025641025641025772,0.0,0.21875,0.13333333333333333,0.0,0.0,0.0,0.0,0.0,0.0,0.0,0.0,0.0,0.0,0.0,0.0,0.0,0.0,0.0,0.023809523809523808,0.02564102564102564,0.0,Y,57.0,77.0,76.0,72.0,96.00000000000001,0.0,28.0,20.0,0.0,0.0,0.0,0.0,0.0,0.0,0.0,0.0,0.0,0.0,0.0,0.0,0.0,0.0,0.0,1.0,1.0,0.0,Y,8.471407890319824,N,Y,Y,,,,,,,,,,,,,,,,,,,,,,,,,,,,,,,,,,,,,,,,,,,,,,,,,,,,,,
0,0.23529411764705882,0.0,0.0,0.007751937984496138,0.025641025641025772,0.0,0.21875,0.13333333333333333,0.0,0.0,0.0,0.0,0.0,0.0,0.0,0.0,0.0,0.0,0.0,0.0,0.0,0.0,0.0,0.023809523809523808,0.02564102564102564,0.0,Y,57.0,77.0,76.0,72.0,96.00000000000001,0.0,28.0,20.0,0.0,0.0,0.0,0.0,0.0,0.0,0.0,0.0,0.0,0.0,0.0,0.0,0.0,0.0,0.0,1.0,1.0,0.0,Y,8.502378940582275,N,Y,Y,,,,,,,,,,,,,,,,,,,,,,,,,,,,,,,,,,,,,,,,,,,,,,,,,,,,,,
0,0.23529411764705882,0.0,0.0,0.007751937984496138,0.025641025641025772,0.0,0.21875,0.13333333333333333,0.0,0.0,0.0,0.0,0.0,0.0,0.0,0.0,0.0,0.0,0.0,0.0,0.0,0.0,0.0,0.023809523809523808,0.02564102564102564,0.0,Y,57.0,77.0,76.0,72.0,96.00000000000001,0.0,28.0,20.0,0.0,0.0,0.0,0.0,0.0,0.0,0.0,0.0,0.0,0.0,0.0,0.0,0.0,0.0,0.0,1.0,1.0,0.0,Y,8.517858982086182,N,Y,Y,,,,,,,,,,,,,,,,,,,,,,,,,,,,,,,,,,,,,,,,,,,,,,,,,,,,,,
0,0.23529411764705882,0.0,0.0,0.007751937984496138,0.025641025641025772,0.0,0.21875,0.13333333333333333,0.0,0.0,0.0,0.0,0.0,0.0,0.0,0.0,0.0,0.0,0.0,0.0,0.0,0.0,0.0,0.023809523809523808,0.02564102564102564,0.0,Y,57.0,77.0,76.0,72.0,96.00000000000001,0.0,28.0,20.0,0.0,0.0,0.0,0.0,0.0,0.0,0.0,0.0,0.0,0.0,0.0,0.0,0.0,0.0,0.0,1.0,1.0,0.0,Y,8.485671997070312,N,Y,Y,,,,,,,,,,,,,,,,,,,,,,,,,,,,,,,,,,,,,,,,,,,,,,,,,,,,,,
0,0.23529411764705882,0.0,0.0,0.007751937984496138,0.025641025641025772,0.0,0.21875,0.13333333333333333,0.0,0.0,0.0,0.0,0.0,0.0,0.0,0.0,0.0,0.0,0.0,0.0,0.0,0.0,0.0,0.023809523809523808,0.02564102564102564,0.0,Y,57.0,77.0,76.0,72.0,96.00000000000001,0.0,28.0,20.0,0.0,0.0,0.0,0.0,0.0,0.0,0.0,0.0,0.0,0.0,0.0,0.0,0.0,0.0,0.0,1.0,1.0,0.0,Y,8.481292009353638,N,Y,Y,,,,,,,,,,,,,,,,,,,,,,,,,,,,,,,,,,,,,,,,,,,,,,,,,,,,,,
0,0.2299465240641711,0.0,0.0,0.06201550387596899,0.2564102564102564,0.0,0.0,0.0,0.14173228346456693,0.2204724409448819,0.0,0.0,0.0,0.0,0.0,0.0,0.0,0.0,0.0,0.0,0.0,0.0,0.0,0.14285714285714285,0.2564102564102564,0.0,N,56.0,77.0,76.0,79.0,114.0,0.0,0.0,0.0,18.0,28.0,0.0,0.0,0.0,0.0,0.0,0.0,0.0,0.0,0.0,0.0,0.0,0.0,0.0,6.0,10.0,0.0,N,8.344668865203857,Y,N,N,0.0,0.0,0.0,0.0,0.0,0.0,0.0,0.0,0.0,0.0,0.0,0.0,0.0,0.0,0.0,0.0,0.0,0.0,0.0,0.0,0.0,0.0,0.0,0.0,0.0,0.0,Y,13.0,77.0,76.0,71.0,94.0,0.0,0.0,0.0,0.0,0.0,0.0,0.0,0.0,0.0,0.0,0.0,0.0,0.0,0.0,0.0,0.0,0.0,0.0,0.0,0.0,0.0,Y
0,0.2299465240641711,0.0,0.0,0.06201550387596899,0.2564102564102564,0.0,0.0,0.0,0.14173228346456693,0.2204724409448819,0.0,0.0,0.0,0.0,0.0,0.0,0.0,0.0,0.0,0.0,0.0,0.0,0.0,0.14285714285714285,0.2564102564102564,0.0,N,56.0,77.0,76.0,79.0,114.0,0.0,0.0,0.0,18.0,28.0,0.0,0.0,0.0,0.0,0.0,0.0,0.0,0.0,0.0,0.0,0.0,0.0,0.0,6.0,10.0,0.0,N,8.36741018295288,Y,N,N,0.0,0.0,0.0,0.0,0.0,0.0,0.0,0.0,0.0,0.0,0.0,0.0,0.0,0.0,0.0,0.0,0.0,0.0,0.0,0.0,0.0,0.0,0.0,0.0,0.0,0.0,Y,13.0,77.0,76.0,71.0,94.0,0.0,0.0,0.0,0.0,0.0,0.0,0.0,0.0,0.0,0.0,0.0,0.0,0.0,0.0,0.0,0.0,0.0,0.0,0.0,0.0,0.0,Y
0,0.2299465240641711,0.0,0.0,0.06201550387596899,0.2564102564102564,0.0,0.0,0.0,0.14173228346456693,0.2204724409448819,0.0,0.0,0.0,0.0,0.0,0.0,0.0,0.0,0.0,0.0,0.0,0.0,0.0,0.14285714285714285,0.2564102564102564,0.0,N,56.0,77.0,76.0,79.0,114.0,0.0,0.0,0.0,18.0,28.0,0.0,0.0,0.0,0.0,0.0,0.0,0.0,0.0,0.0,0.0,0.0,0.0,0.0,6.0,10.0,0.0,N,8.34474802017212,Y,N,N,0.0,0.0,0.0,0.0,0.0,0.0,0.0,0.0,0.0,0.0,0.0,0.0,0.0,0.0,0.0,0.0,0.0,0.0,0.0,0.0,0.0,0.0,0.0,0.0,0.0,0.0,Y,13.0,77.0,76.0,71.0,94.0,0.0,0.0,0.0,0.0,0.0,0.0,0.0,0.0,0.0,0.0,0.0,0.0,0.0,0.0,0.0,0.0,0.0,0.0,0.0,0.0,0.0,Y
0,0.2299465240641711,0.0,0.0,0.06201550387596899,0.2564102564102564,0.0,0.0,0.0,0.14173228346456693,0.2204724409448819,0.0,0.0,0.0,0.0,0.0,0.0,0.0,0.0,0.0,0.0,0.0,0.0,0.0,0.14285714285714285,0.2564102564102564,0.0,N,56.0,77.0,76.0,79.0,114.0,0.0,0.0,0.0,18.0,28.0,0.0,0.0,0.0,0.0,0.0,0.0,0.0,0.0,0.0,0.0,0.0,0.0,0.0,6.0,10.0,0.0,N,8.42303466796875,Y,N,N,0.0,0.0,0.0,0.0,0.0,0.0,0.0,0.0,0.0,0.0,0.0,0.0,0.0,0.0,0.0,0.0,0.0,0.0,0.0,0.0,0.0,0.0,0.0,0.0,0.0,0.0,Y,13.0,77.0,76.0,71.0,94.0,0.0,0.0,0.0,0.0,0.0,0.0,0.0,0.0,0.0,0.0,0.0,0.0,0.0,0.0,0.0,0.0,0.0,0.0,0.0,0.0,0.0,Y
0,0.2299465240641711,0.0,0.0,0.06201550387596899,0.2564102564102564,0.0,0.0,0.0,0.14173228346456693,0.2204724409448819,0.0,0.0,0.0,0.0,0.0,0.0,0.0,0.0,0.0,0.0,0.0,0.0,0.0,0.14285714285714285,0.2564102564102564,0.0,N,56.0,77.0,76.0,79.0,114.0,0.0,0.0,0.0,18.0,28.0,0.0,0.0,0.0,0.0,0.0,0.0,0.0,0.0,0.0,0.0,0.0,0.0,0.0,6.0,10.0,0.0,N,8.440247058868408,Y,N,N,0.0,0.0,0.0,0.0,0.0,0.0,0.0,0.0,0.0,0.0,0.0,0.0,0.0,0.0,0.0,0.0,0.0,0.0,0.0,0.0,0.0,0.0,0.0,0.0,0.0,0.0,Y,13.0,77.0,76.0,71.0,94.0,0.0,0.0,0.0,0.0,0.0,0.0,0.0,0.0,0.0,0.0,0.0,0.0,0.0,0.0,0.0,0.0,0.0,0.0,0.0,0.0,0.0,Y
0,0.4064171122994652,0.0,0.0,0.1937984496124031,0.0,0.0,0.0,0.02,0.06299212598425197,0.5590551181102362,0.0,0.0,0.0,0.0,0.0,0.0,0.0,0.0,0.0,0.0,0.0,0.2537313432835821,0.023255813953488372,0.0,0.0,0.0,Y,89.0,77.0,76.0,96.0,94.0,0.0,0.0,3.0,8.0,71.0,0.0,0.0,0.0,0.0,0.0,0.0,0.0,0.0,0.0,0.0,0.0,17.0,1.0,0.0,0.0,0.0,Y,8.636741876602173,N,Y,Y,,,,,,,,,,,,,,,,,,,,,,,,,,,,,,,,,,,,,,,,,,,,,,,,,,,,,,
0,0.4064171122994652,0.0,0.0,0.1937984496124031,0.0,0.0,0.0,0.02,0.06299212598425197,0.5590551181102362,0.0,0.0,0.0,0.0,0.0,0.0,0.0,0.0,0.0,0.0,0.0,0.2537313432835821,0.023255813953488372,0.0,0.0,0.0,Y,89.0,77.0,76.0,96.0,94.0,0.0,0.0,3.0,8.0,71.0,0.0,0.0,0.0,0.0,0.0,0.0,0.0,0.0,0.0,0.0,0.0,17.0,1.0,0.0,0.0,0.0,Y,8.59769892692566,N,Y,Y,,,,,,,,,,,,,,,,,,,,,,,,,,,,,,,,,,,,,,,,,,,,,,,,,,,,,,
0,0.4064171122994652,0.0,0.0,0.1937984496124031,0.0,0.0,0.0,0.02,0.06299212598425197,0.5590551181102362,0.0,0.0,0.0,0.0,0.0,0.0,0.0,0.0,0.0,0.0,0.0,0.2537313432835821,0.023255813953488372,0.0,0.0,0.0,Y,89.0,77.0,76.0,96.0,94.0,0.0,0.0,3.0,8.0,71.0,0.0,0.0,0.0,0.0,0.0,0.0,0.0,0.0,0.0,0.0,0.0,17.0,1.0,0.0,0.0,0.0,Y,8.571311950683594,N,Y,Y,,,,,,,,,,,,,,,,,,,,,,,,,,,,,,,,,,,,,,,,,,,,,,,,,,,,,,
0,0.4064171122994652,0.0,0.0,0.1937984496124031,0.0,0.0,0.0,0.02,0.06299212598425197,0.5590551181102362,0.0,0.0,0.0,0.0,0.0,0.0,0.0,0.0,0.0,0.0,0.0,0.2537313432835821,0.023255813953488372,0.0,0.0,0.0,Y,89.0,77.0,76.0,96.0,94.0,0.0,0.0,3.0,8.0,71.0,0.0,0.0,0.0,0.0,0.0,0.0,0.0,0.0,0.0,0.0,0.0,17.0,1.0,0.0,0.0,0.0,Y,8.57636308670044,N,Y,Y,,,,,,,,,,,,,,,,,,,,,,,,,,,,,,,,,,,,,,,,,,,,,,,,,,,,,,
0,0.4064171122994652,0.0,0.0,0.1937984496124031,0.0,0.0,0.0,0.02,0.06299212598425197,0.5590551181102362,0.0,0.0,0.0,0.0,0.0,0.0,0.0,0.0,0.0,0.0,0.0,0.2537313432835821,0.023255813953488372,0.0,0.0,0.0,Y,89.0,77.0,76.0,96.0,94.0,0.0,0.0,3.0,8.0,71.0,0.0,0.0,0.0,0.0,0.0,0.0,0.0,0.0,0.0,0.0,0.0,17.0,1.0,0.0,0.0,0.0,Y,8.501451015472412,N,Y,Y,,,,,,,,,,,,,,,,,,,,,,,,,,,,,,,,,,,,,,,,,,,,,,,,,,,,,,
0,0.3422459893048128,0.0,0.0,0.0,0.0,0.05309734513274336,0.1328125,0.006666666666666667,0.0,0.3307086614173228,0.024,0.0,0.0,0.0,0.0,0.0,0.0,0.0,0.0,0.0,0.0,0.0,0.0,0.0,0.0,0.0,Y,77.0,77.0,76.0,71.0,94.0,6.0,17.0,1.0,0.0,42.0,3.0,0.0,0.0,0.0,0.0,0.0,0.0,0.0,0.0,0.0,0.0,0.0,0.0,0.0,0.0,0.0,Y,8.487571954727173,N,Y,Y,,,,,,,,,,,,,,,,,,,,,,,,,,,,,,,,,,,,,,,,,,,,,,,,,,,,,,
0,0.3422459893048128,0.0,0.0,0.0,0.0,0.05309734513274336,0.1328125,0.006666666666666667,0.0,0.3307086614173228,0.024,0.0,0.0,0.0,0.0,0.0,0.0,0.0,0.0,0.0,0.0,0.0,0.0,0.0,0.0,0.0,Y,77.0,77.0,76.0,71.0,94.0,6.0,17.0,1.0,0.0,42.0,3.0,0.0,0.0,0.0,0.0,0.0,0.0,0.0,0.0,0.0,0.0,0.0,0.0,0.0,0.0,0.0,Y,8.616297006607056,N,Y,Y,,,,,,,,,,,,,,,,,,,,,,,,,,,,,,,,,,,,,,,,,,,,,,,,,,,,,,
0,0.3422459893048128,0.0,0.0,0.0,0.0,0.05309734513274336,0.1328125,0.006666666666666667,0.0,0.3307086614173228,0.024,0.0,0.0,0.0,0.0,0.0,0.0,0.0,0.0,0.0,0.0,0.0,0.0,0.0,0.0,0.0,Y,77.0,77.0,76.0,71.0,94.0,6.0,17.0,1.0,0.0,42.0,3.0,0.0,0.0,0.0,0.0,0.0,0.0,0.0,0.0,0.0,0.0,0.0,0.0,0.0,0.0,0.0,Y,8.705952882766724,N,Y,Y,,,,,,,,,,,,,,,,,,,,,,,,,,,,,,,,,,,,,,,,,,,,,,,,,,,,,,
0,0.3422459893048128,0.0,0.0,0.0,0.0,0.05309734513274336,0.1328125,0.006666666666666667,0.0,0.3307086614173228,0.024,0.0,0.0,0.0,0.0,0.0,0.0,0.0,0.0,0.0,0.0,0.0,0.0,0.0,0.0,0.0,Y,77.0,77.0,76.0,71.0,94.0,6.0,17.0,1.0,0.0,42.0,3.0,0.0,0.0,0.0,0.0,0.0,0.0,0.0,0.0,0.0,0.0,0.0,0.0,0.0,0.0,0.0,Y,8.54417610168457,N,Y,Y,,,,,,,,,,,,,,,,,,,,,,,,,,,,,,,,,,,,,,,,,,,,,,,,,,,,,,
0,0.3422459893048128,0.0,0.0,0.0,0.0,0.05309734513274336,0.1328125,0.006666666666666667,0.0,0.3307086614173228,0.024,0.0,0.0,0.0,0.0,0.0,0.0,0.0,0.0,0.0,0.0,0.0,0.0,0.0,0.0,0.0,Y,77.0,77.0,76.0,71.0,94.0,6.0,17.0,1.0,0.0,42.0,3.0,0.0,0.0,0.0,0.0,0.0,0.0,0.0,0.0,0.0,0.0,0.0,0.0,0.0,0.0,0.0,Y,8.540720224380493,N,Y,Y,,,,,,,,,,,,,,,,,,,,,,,,,,,,,,,,,,,,,,,,,,,,,,,,,,,,,,
0,0.5508021390374331,0.0,0.0,0.0,0.0,0.0,0.0,0.16666666666666669,0.4409448818897638,0.2204724409448819,0.0,0.0,0.0,0.0,0.0,0.0,0.0,0.0,0.0,0.0,0.0,0.0,0.0,0.0,0.0,0.0,N,116.00000000000001,77.0,76.0,71.0,94.0,0.0,0.0,25.0,56.0,28.0,0.0,0.0,0.0,0.0,0.0,0.0,0.0,0.0,0.0,0.0,0.0,0.0,0.0,0.0,0.0,0.0,N,161.6355209350586,Y,N,N,0.0,0.0,0.0,0.0,0.0,0.0,0.0,0.0,0.0,0.0,0.0,0.0,0.0,0.0,0.0,0.0,0.0,0.0,0.0,0.0,0.0,0.0,0.0,0.0,0.0,0.0,Y,13.0,77.0,76.0,71.0,94.0,0.0,0.0,0.0,0.0,0.0,0.0,0.0,0.0,0.0,0.0,0.0,0.0,0.0,0.0,0.0,0.0,0.0,0.0,0.0,0.0,0.0,Y
0,0.5508021390374331,0.0,0.0,0.0,0.0,0.0,0.0,0.16666666666666669,0.4409448818897638,0.2204724409448819,0.0,0.0,0.0,0.0,0.0,0.0,0.0,0.0,0.0,0.0,0.0,0.0,0.0,0.0,0.0,0.0,N,116.00000000000001,77.0,76.0,71.0,94.0,0.0,0.0,25.0,56.0,28.0,0.0,0.0,0.0,0.0,0.0,0.0,0.0,0.0,0.0,0.0,0.0,0.0,0.0,0.0,0.0,0.0,N,8.614329099655151,Y,N,N,0.0,0.0,0.0,0.0,0.0,0.0,0.0,0.0,0.0,0.0,0.0,0.0,0.0,0.0,0.0,0.0,0.0,0.0,0.0,0.0,0.0,0.0,0.0,0.0,0.0,0.0,Y,13.0,77.0,76.0,71.0,94.0,0.0,0.0,0.0,0.0,0.0,0.0,0.0,0.0,0.0,0.0,0.0,0.0,0.0,0.0,0.0,0.0,0.0,0.0,0.0,0.0,0.0,Y
0,0.5508021390374331,0.0,0.0,0.0,0.0,0.0,0.0,0.16666666666666669,0.4409448818897638,0.2204724409448819,0.0,0.0,0.0,0.0,0.0,0.0,0.0,0.0,0.0,0.0,0.0,0.0,0.0,0.0,0.0,0.0,N,116.00000000000001,77.0,76.0,71.0,94.0,0.0,0.0,25.0,56.0,28.0,0.0,0.0,0.0,0.0,0.0,0.0,0.0,0.0,0.0,0.0,0.0,0.0,0.0,0.0,0.0,0.0,N,8.484029054641724,Y,N,N,0.0,0.0,0.0,0.0,0.0,0.0,0.0,0.0,0.0,0.0,0.0,0.0,0.0,0.0,0.0,0.0,0.0,0.0,0.0,0.0,0.0,0.0,0.0,0.0,0.0,0.0,Y,13.0,77.0,76.0,71.0,94.0,0.0,0.0,0.0,0.0,0.0,0.0,0.0,0.0,0.0,0.0,0.0,0.0,0.0,0.0,0.0,0.0,0.0,0.0,0.0,0.0,0.0,Y
0,0.5508021390374331,0.0,0.0,0.0,0.0,0.0,0.0,0.16666666666666669,0.4409448818897638,0.2204724409448819,0.0,0.0,0.0,0.0,0.0,0.0,0.0,0.0,0.0,0.0,0.0,0.0,0.0,0.0,0.0,0.0,N,116.00000000000001,77.0,76.0,71.0,94.0,0.0,0.0,25.0,56.0,28.0,0.0,0.0,0.0,0.0,0.0,0.0,0.0,0.0,0.0,0.0,0.0,0.0,0.0,0.0,0.0,0.0,N,8.453931093215942,Y,N,N,0.0,0.0,0.0,0.0,0.0,0.0,0.0,0.0,0.0,0.0,0.0,0.0,0.0,0.0,0.0,0.0,0.0,0.0,0.0,0.0,0.0,0.0,0.0,0.0,0.0,0.0,Y,13.0,77.0,76.0,71.0,94.0,0.0,0.0,0.0,0.0,0.0,0.0,0.0,0.0,0.0,0.0,0.0,0.0,0.0,0.0,0.0,0.0,0.0,0.0,0.0,0.0,0.0,Y
0,0.5508021390374331,0.0,0.0,0.0,0.0,0.0,0.0,0.16666666666666669,0.4409448818897638,0.2204724409448819,0.0,0.0,0.0,0.0,0.0,0.0,0.0,0.0,0.0,0.0,0.0,0.0,0.0,0.0,0.0,0.0,N,116.00000000000001,77.0,76.0,71.0,94.0,0.0,0.0,25.0,56.0,28.0,0.0,0.0,0.0,0.0,0.0,0.0,0.0,0.0,0.0,0.0,0.0,0.0,0.0,0.0,0.0,0.0,N,8.467453956604004,Y,N,N,0.0,0.0,0.0,0.0,0.0,0.0,0.0,0.0,0.0,0.0,0.0,0.0,0.0,0.0,0.0,0.0,0.0,0.0,0.0,0.0,0.0,0.0,0.0,0.0,0.0,0.0,Y,13.0,77.0,76.0,71.0,94.0,0.0,0.0,0.0,0.0,0.0,0.0,0.0,0.0,0.0,0.0,0.0,0.0,0.0,0.0,0.0,0.0,0.0,0.0,0.0,0.0,0.0,Y
0,0.1336898395721925,0.49593495934959353,0.024193548387096753,0.0,0.0,0.0,0.0,0.0,0.0,0.0,0.0,0.36936936936936937,0.26373626373626374,0.21238938053097345,0.0,0.0,0.017857142857142856,0.027777777777777776,0.0,0.0,0.0,0.0,0.0,0.0,0.0,0.0,N,38.0,138.0,79.0,71.0,94.0,0.0,0.0,0.0,0.0,0.0,0.0,41.0,24.0,24.0,0.0,0.0,1.0,2.0,0.0,0.0,0.0,0.0,0.0,0.0,0.0,0.0,N,8.490772008895874,Y,N,N,0.0,0.0,0.0,0.0,0.0,0.0,0.0,0.0,0.0,0.0,0.0,0.0,0.0,0.0,0.0,0.0,0.0,0.0,0.0,0.0,0.0,0.0,0.0,0.0,0.0,0.0,Y,13.0,77.0,76.0,71.0,94.0,0.0,0.0,0.0,0.0,0.0,0.0,0.0,0.0,0.0,0.0,0.0,0.0,0.0,0.0,0.0,0.0,0.0,0.0,0.0,0.0,0.0,Y
0,0.1336898395721925,0.49593495934959353,0.024193548387096753,0.0,0.0,0.0,0.0,0.0,0.0,0.0,0.0,0.36936936936936937,0.26373626373626374,0.21238938053097345,0.0,0.0,0.017857142857142856,0.027777777777777776,0.0,0.0,0.0,0.0,0.0,0.0,0.0,0.0,N,38.0,138.0,79.0,71.0,94.0,0.0,0.0,0.0,0.0,0.0,0.0,41.0,24.0,24.0,0.0,0.0,1.0,2.0,0.0,0.0,0.0,0.0,0.0,0.0,0.0,0.0,N,8.548607110977173,Y,N,N,0.0,0.0,0.0,0.0,0.0,0.0,0.0,0.0,0.0,0.0,0.0,0.0,0.0,0.0,0.0,0.0,0.0,0.0,0.0,0.0,0.0,0.0,0.0,0.0,0.0,0.0,Y,13.0,77.0,76.0,71.0,94.0,0.0,0.0,0.0,0.0,0.0,0.0,0.0,0.0,0.0,0.0,0.0,0.0,0.0,0.0,0.0,0.0,0.0,0.0,0.0,0.0,0.0,Y
0,0.1336898395721925,0.49593495934959353,0.024193548387096753,0.0,0.0,0.0,0.0,0.0,0.0,0.0,0.0,0.36936936936936937,0.26373626373626374,0.21238938053097345,0.0,0.0,0.017857142857142856,0.027777777777777776,0.0,0.0,0.0,0.0,0.0,0.0,0.0,0.0,N,38.0,138.0,79.0,71.0,94.0,0.0,0.0,0.0,0.0,0.0,0.0,41.0,24.0,24.0,0.0,0.0,1.0,2.0,0.0,0.0,0.0,0.0,0.0,0.0,0.0,0.0,N,8.54586386680603,Y,N,N,0.0,0.0,0.0,0.0,0.0,0.0,0.0,0.0,0.0,0.0,0.0,0.0,0.0,0.0,0.0,0.0,0.0,0.0,0.0,0.0,0.0,0.0,0.0,0.0,0.0,0.0,Y,13.0,77.0,76.0,71.0,94.0,0.0,0.0,0.0,0.0,0.0,0.0,0.0,0.0,0.0,0.0,0.0,0.0,0.0,0.0,0.0,0.0,0.0,0.0,0.0,0.0,0.0,Y
0,0.1336898395721925,0.49593495934959353,0.024193548387096753,0.0,0.0,0.0,0.0,0.0,0.0,0.0,0.0,0.36936936936936937,0.26373626373626374,0.21238938053097345,0.0,0.0,0.017857142857142856,0.027777777777777776,0.0,0.0,0.0,0.0,0.0,0.0,0.0,0.0,N,38.0,138.0,79.0,71.0,94.0,0.0,0.0,0.0,0.0,0.0,0.0,41.0,24.0,24.0,0.0,0.0,1.0,2.0,0.0,0.0,0.0,0.0,0.0,0.0,0.0,0.0,N,8.614192247390747,Y,N,N,0.0,0.0,0.0,0.0,0.0,0.0,0.0,0.0,0.0,0.0,0.0,0.0,0.0,0.0,0.0,0.0,0.0,0.0,0.0,0.0,0.0,0.0,0.0,0.0,0.0,0.0,Y,13.0,77.0,76.0,71.0,94.0,0.0,0.0,0.0,0.0,0.0,0.0,0.0,0.0,0.0,0.0,0.0,0.0,0.0,0.0,0.0,0.0,0.0,0.0,0.0,0.0,0.0,Y
0,0.1336898395721925,0.49593495934959353,0.024193548387096753,0.0,0.0,0.0,0.0,0.0,0.0,0.0,0.0,0.36936936936936937,0.26373626373626374,0.21238938053097345,0.0,0.0,0.017857142857142856,0.027777777777777776,0.0,0.0,0.0,0.0,0.0,0.0,0.0,0.0,N,38.0,138.0,79.0,71.0,94.0,0.0,0.0,0.0,0.0,0.0,0.0,41.0,24.0,24.0,0.0,0.0,1.0,2.0,0.0,0.0,0.0,0.0,0.0,0.0,0.0,0.0,N,8.518422842025757,Y,N,N,0.0,0.0,0.0,0.0,0.0,0.0,0.0,0.0,0.0,0.0,0.0,0.0,0.0,0.0,0.0,0.0,0.0,0.0,0.0,0.0,0.0,0.0,0.0,0.0,0.0,0.0,Y,13.0,77.0,76.0,71.0,94.0,0.0,0.0,0.0,0.0,0.0,0.0,0.0,0.0,0.0,0.0,0.0,0.0,0.0,0.0,0.0,0.0,0.0,0.0,0.0,0.0,0.0,Y
0,0.3422459893048128,0.33333333333333337,0.16935483870967738,0.0,0.0,0.0,0.2890625,0.16666666666666669,0.031496062992125984,0.015748031496062992,0.0,0.0,0.0,0.0,0.3893129770992366,0.07692307692307693,0.0,0.0,0.0,0.0,0.0,0.0,0.0,0.0,0.0,0.0,N,77.0,118.0,97.0,71.0,94.0,0.0,37.0,25.0,4.0,2.0,0.0,0.0,0.0,0.0,51.0,8.0,0.0,0.0,0.0,0.0,0.0,0.0,0.0,0.0,0.0,0.0,N,8.53816294670105,Y,N,N,0.0,0.0,0.0,0.0,0.0,0.0,0.0,0.0,0.0,0.0,0.0,0.0,0.0,0.0,0.0,0.0,0.0,0.0,0.0,0.0,0.0,0.0,0.0,0.0,0.0,0.0,Y,13.0,77.0,76.0,71.0,94.0,0.0,0.0,0.0,0.0,0.0,0.0,0.0,0.0,0.0,0.0,0.0,0.0,0.0,0.0,0.0,0.0,0.0,0.0,0.0,0.0,0.0,Y
0,0.3422459893048128,0.33333333333333337,0.16935483870967738,0.0,0.0,0.0,0.2890625,0.16666666666666669,0.031496062992125984,0.015748031496062992,0.0,0.0,0.0,0.0,0.3893129770992366,0.07692307692307693,0.0,0.0,0.0,0.0,0.0,0.0,0.0,0.0,0.0,0.0,N,77.0,118.0,97.0,71.0,94.0,0.0,37.0,25.0,4.0,2.0,0.0,0.0,0.0,0.0,51.0,8.0,0.0,0.0,0.0,0.0,0.0,0.0,0.0,0.0,0.0,0.0,N,8.535868167877197,Y,N,N,0.0,0.0,0.0,0.0,0.0,0.0,0.0,0.0,0.0,0.0,0.0,0.0,0.0,0.0,0.0,0.0,0.0,0.0,0.0,0.0,0.0,0.0,0.0,0.0,0.0,0.0,Y,13.0,77.0,76.0,71.0,94.0,0.0,0.0,0.0,0.0,0.0,0.0,0.0,0.0,0.0,0.0,0.0,0.0,0.0,0.0,0.0,0.0,0.0,0.0,0.0,0.0,0.0,Y
0,0.3422459893048128,0.33333333333333337,0.16935483870967738,0.0,0.0,0.0,0.2890625,0.16666666666666669,0.031496062992125984,0.015748031496062992,0.0,0.0,0.0,0.0,0.3893129770992366,0.07692307692307693,0.0,0.0,0.0,0.0,0.0,0.0,0.0,0.0,0.0,0.0,N,77.0,118.0,97.0,71.0,94.0,0.0,37.0,25.0,4.0,2.0,0.0,0.0,0.0,0.0,51.0,8.0,0.0,0.0,0.0,0.0,0.0,0.0,0.0,0.0,0.0,0.0,N,8.576850891113281,Y,N,N,0.0,0.0,0.0,0.0,0.0,0.0,0.0,0.0,0.0,0.0,0.0,0.0,0.0,0.0,0.0,0.0,0.0,0.0,0.0,0.0,0.0,0.0,0.0,0.0,0.0,0.0,Y,13.0,77.0,76.0,71.0,94.0,0.0,0.0,0.0,0.0,0.0,0.0,0.0,0.0,0.0,0.0,0.0,0.0,0.0,0.0,0.0,0.0,0.0,0.0,0.0,0.0,0.0,Y
0,0.3422459893048128,0.33333333333333337,0.16935483870967738,0.0,0.0,0.0,0.2890625,0.16666666666666669,0.031496062992125984,0.015748031496062992,0.0,0.0,0.0,0.0,0.3893129770992366,0.07692307692307693,0.0,0.0,0.0,0.0,0.0,0.0,0.0,0.0,0.0,0.0,N,77.0,118.0,97.0,71.0,94.0,0.0,37.0,25.0,4.0,2.0,0.0,0.0,0.0,0.0,51.0,8.0,0.0,0.0,0.0,0.0,0.0,0.0,0.0,0.0,0.0,0.0,N,8.580600261688232,Y,N,N,0.0,0.0,0.0,0.0,0.0,0.0,0.0,0.0,0.0,0.0,0.0,0.0,0.0,0.0,0.0,0.0,0.0,0.0,0.0,0.0,0.0,0.0,0.0,0.0,0.0,0.0,Y,13.0,77.0,76.0,71.0,94.0,0.0,0.0,0.0,0.0,0.0,0.0,0.0,0.0,0.0,0.0,0.0,0.0,0.0,0.0,0.0,0.0,0.0,0.0,0.0,0.0,0.0,Y
0,0.3422459893048128,0.33333333333333337,0.16935483870967738,0.0,0.0,0.0,0.2890625,0.16666666666666669,0.031496062992125984,0.015748031496062992,0.0,0.0,0.0,0.0,0.3893129770992366,0.07692307692307693,0.0,0.0,0.0,0.0,0.0,0.0,0.0,0.0,0.0,0.0,N,77.0,118.0,97.0,71.0,94.0,0.0,37.0,25.0,4.0,2.0,0.0,0.0,0.0,0.0,51.0,8.0,0.0,0.0,0.0,0.0,0.0,0.0,0.0,0.0,0.0,0.0,N,8.58272409439087,Y,N,N,0.0,0.0,0.0,0.0,0.0,0.0,0.0,0.0,0.0,0.0,0.0,0.0,0.0,0.0,0.0,0.0,0.0,0.0,0.0,0.0,0.0,0.0,0.0,0.0,0.0,0.0,Y,13.0,77.0,76.0,71.0,94.0,0.0,0.0,0.0,0.0,0.0,0.0,0.0,0.0,0.0,0.0,0.0,0.0,0.0,0.0,0.0,0.0,0.0,0.0,0.0,0.0,0.0,Y
0,0.3796791443850267,0.14634146341463417,0.0,0.0,0.0,0.0,0.1796875,0.15333333333333335,0.007874015748031496,0.015748031496062992,0.128,0.26126126126126126,0.0,0.0,0.0,0.0,0.0,0.0,0.0,0.0,0.0,0.0,0.0,0.0,0.0,0.0,Y,84.0,95.0,76.0,71.0,94.0,0.0,23.0,23.0,1.0,2.0,16.0,29.0,0.0,0.0,0.0,0.0,0.0,0.0,0.0,0.0,0.0,0.0,0.0,0.0,0.0,0.0,Y,8.72153115272522,N,Y,Y,,,,,,,,,,,,,,,,,,,,,,,,,,,,,,,,,,,,,,,,,,,,,,,,,,,,,,
0,0.3796791443850267,0.14634146341463417,0.0,0.0,0.0,0.0,0.1796875,0.15333333333333335,0.007874015748031496,0.015748031496062992,0.128,0.26126126126126126,0.0,0.0,0.0,0.0,0.0,0.0,0.0,0.0,0.0,0.0,0.0,0.0,0.0,0.0,Y,84.0,95.0,76.0,71.0,94.0,0.0,23.0,23.0,1.0,2.0,16.0,29.0,0.0,0.0,0.0,0.0,0.0,0.0,0.0,0.0,0.0,0.0,0.0,0.0,0.0,0.0,Y,8.701993942260742,N,Y,Y,,,,,,,,,,,,,,,,,,,,,,,,,,,,,,,,,,,,,,,,,,,,,,,,,,,,,,
0,0.3796791443850267,0.14634146341463417,0.0,0.0,0.0,0.0,0.1796875,0.15333333333333335,0.007874015748031496,0.015748031496062992,0.128,0.26126126126126126,0.0,0.0,0.0,0.0,0.0,0.0,0.0,0.0,0.0,0.0,0.0,0.0,0.0,0.0,Y,84.0,95.0,76.0,71.0,94.0,0.0,23.0,23.0,1.0,2.0,16.0,29.0,0.0,0.0,0.0,0.0,0.0,0.0,0.0,0.0,0.0,0.0,0.0,0.0,0.0,0.0,Y,8.74210000038147,N,Y,Y,,,,,,,,,,,,,,,,,,,,,,,,,,,,,,,,,,,,,,,,,,,,,,,,,,,,,,
0,0.3796791443850267,0.14634146341463417,0.0,0.0,0.0,0.0,0.1796875,0.15333333333333335,0.007874015748031496,0.015748031496062992,0.128,0.26126126126126126,0.0,0.0,0.0,0.0,0.0,0.0,0.0,0.0,0.0,0.0,0.0,0.0,0.0,0.0,Y,84.0,95.0,76.0,71.0,94.0,0.0,23.0,23.0,1.0,2.0,16.0,29.0,0.0,0.0,0.0,0.0,0.0,0.0,0.0,0.0,0.0,0.0,0.0,0.0,0.0,0.0,Y,8.878700733184814,N,Y,Y,,,,,,,,,,,,,,,,,,,,,,,,,,,,,,,,,,,,,,,,,,,,,,,,,,,,,,
0,0.3796791443850267,0.14634146341463417,0.0,0.0,0.0,0.0,0.1796875,0.15333333333333335,0.007874015748031496,0.015748031496062992,0.128,0.26126126126126126,0.0,0.0,0.0,0.0,0.0,0.0,0.0,0.0,0.0,0.0,0.0,0.0,0.0,0.0,Y,84.0,95.0,76.0,71.0,94.0,0.0,23.0,23.0,1.0,2.0,16.0,29.0,0.0,0.0,0.0,0.0,0.0,0.0,0.0,0.0,0.0,0.0,0.0,0.0,0.0,0.0,Y,8.685839891433716,N,Y,Y,,,,,,,,,,,,,,,,,,,,,,,,,,,,,,,,,,,,,,,,,,,,,,,,,,,,,,
0,0.2459893048128342,0.12195121951219512,0.0,0.0,0.0,0.02654867256637168,0.0078125,0.0,0.0,0.0,0.47200000000000003,0.02702702702702703,0.0,0.0,0.0,0.0,0.0,0.0,0.0,0.0,0.0,0.0,0.0,0.0,0.0,0.0,Y,59.0,92.0,76.0,71.0,94.0,3.0,1.0,0.0,0.0,0.0,59.0,3.0,0.0,0.0,0.0,0.0,0.0,0.0,0.0,0.0,0.0,0.0,0.0,0.0,0.0,0.0,Y,8.687011003494263,N,Y,Y,,,,,,,,,,,,,,,,,,,,,,,,,,,,,,,,,,,,,,,,,,,,,,,,,,,,,,
0,0.2459893048128342,0.12195121951219512,0.0,0.0,0.0,0.02654867256637168,0.0078125,0.0,0.0,0.0,0.47200000000000003,0.02702702702702703,0.0,0.0,0.0,0.0,0.0,0.0,0.0,0.0,0.0,0.0,0.0,0.0,0.0,0.0,Y,59.0,92.0,76.0,71.0,94.0,3.0,1.0,0.0,0.0,0.0,59.0,3.0,0.0,0.0,0.0,0.0,0.0,0.0,0.0,0.0,0.0,0.0,0.0,0.0,0.0,0.0,Y,8.71578598022461,N,Y,Y,,,,,,,,,,,,,,,,,,,,,,,,,,,,,,,,,,,,,,,,,,,,,,,,,,,,,,
0,0.2459893048128342,0.12195121951219512,0.0,0.0,0.0,0.02654867256637168,0.0078125,0.0,0.0,0.0,0.47200000000000003,0.02702702702702703,0.0,0.0,0.0,0.0,0.0,0.0,0.0,0.0,0.0,0.0,0.0,0.0,0.0,0.0,Y,59.0,92.0,76.0,71.0,94.0,3.0,1.0,0.0,0.0,0.0,59.0,3.0,0.0,0.0,0.0,0.0,0.0,0.0,0.0,0.0,0.0,0.0,0.0,0.0,0.0,0.0,Y,8.649685859680176,N,Y,Y,,,,,,,,,,,,,,,,,,,,,,,,,,,,,,,,,,,,,,,,,,,,,,,,,,,,,,
0,0.2459893048128342,0.12195121951219512,0.0,0.0,0.0,0.02654867256637168,0.0078125,0.0,0.0,0.0,0.47200000000000003,0.02702702702702703,0.0,0.0,0.0,0.0,0.0,0.0,0.0,0.0,0.0,0.0,0.0,0.0,0.0,0.0,Y,59.0,92.0,76.0,71.0,94.0,3.0,1.0,0.0,0.0,0.0,59.0,3.0,0.0,0.0,0.0,0.0,0.0,0.0,0.0,0.0,0.0,0.0,0.0,0.0,0.0,0.0,Y,8.70697808265686,N,Y,Y,,,,,,,,,,,,,,,,,,,,,,,,,,,,,,,,,,,,,,,,,,,,,,,,,,,,,,
0,0.2459893048128342,0.12195121951219512,0.0,0.0,0.0,0.02654867256637168,0.0078125,0.0,0.0,0.0,0.47200000000000003,0.02702702702702703,0.0,0.0,0.0,0.0,0.0,0.0,0.0,0.0,0.0,0.0,0.0,0.0,0.0,0.0,Y,59.0,92.0,76.0,71.0,94.0,3.0,1.0,0.0,0.0,0.0,59.0,3.0,0.0,0.0,0.0,0.0,0.0,0.0,0.0,0.0,0.0,0.0,0.0,0.0,0.0,0.0,Y,8.71757984161377,N,Y,Y,,,,,,,,,,,,,,,,,,,,,,,,,,,,,,,,,,,,,,,,,,,,,,,,,,,,,,
0,0.2834224598930481,0.27642276422764234,0.008064516129032251,0.0,0.0,0.0,0.109375,0.21333333333333335,0.0,0.0,0.0,0.0,0.45054945054945056,0.035398230088495575,0.0,0.009615384615384616,0.0,0.0,0.0,0.0,0.0,0.0,0.0,0.0,0.0,0.0,Y,66.0,111.0,77.0,71.0,94.0,0.0,14.0,32.0,0.0,0.0,0.0,0.0,41.0,4.0,0.0,1.0,0.0,0.0,0.0,0.0,0.0,0.0,0.0,0.0,0.0,0.0,Y,8.703312873840332,N,N,Y,,,,,,,,,,,,,,,,,,,,,,,,,,,,,,,,,,,,,,,,,,,,,,,,,,,,,,
0,0.2834224598930481,0.27642276422764234,0.008064516129032251,0.0,0.0,0.0,0.109375,0.21333333333333335,0.0,0.0,0.0,0.0,0.45054945054945056,0.035398230088495575,0.0,0.009615384615384616,0.0,0.0,0.0,0.0,0.0,0.0,0.0,0.0,0.0,0.0,Y,66.0,111.0,77.0,71.0,94.0,0.0,14.0,32.0,0.0,0.0,0.0,0.0,41.0,4.0,0.0,1.0,0.0,0.0,0.0,0.0,0.0,0.0,0.0,0.0,0.0,0.0,Y,8.709380865097046,N,N,Y,,,,,,,,,,,,,,,,,,,,,,,,,,,,,,,,,,,,,,,,,,,,,,,,,,,,,,
0,0.2834224598930481,0.27642276422764234,0.008064516129032251,0.0,0.0,0.0,0.109375,0.21333333333333335,0.0,0.0,0.0,0.0,0.45054945054945056,0.035398230088495575,0.0,0.009615384615384616,0.0,0.0,0.0,0.0,0.0,0.0,0.0,0.0,0.0,0.0,Y,66.0,111.0,77.0,71.0,94.0,0.0,14.0,32.0,0.0,0.0,0.0,0.0,41.0,4.0,0.0,1.0,0.0,0.0,0.0,0.0,0.0,0.0,0.0,0.0,0.0,0.0,Y,8.688346147537231,N,N,Y,,,,,,,,,,,,,,,,,,,,,,,,,,,,,,,,,,,,,,,,,,,,,,,,,,,,,,
0,0.2834224598930481,0.27642276422764234,0.008064516129032251,0.0,0.0,0.0,0.109375,0.21333333333333335,0.0,0.0,0.0,0.0,0.45054945054945056,0.035398230088495575,0.0,0.009615384615384616,0.0,0.0,0.0,0.0,0.0,0.0,0.0,0.0,0.0,0.0,Y,66.0,111.0,77.0,71.0,94.0,0.0,14.0,32.0,0.0,0.0,0.0,0.0,41.0,4.0,0.0,1.0,0.0,0.0,0.0,0.0,0.0,0.0,0.0,0.0,0.0,0.0,Y,8.703638076782227,N,N,Y,,,,,,,,,,,,,,,,,,,,,,,,,,,,,,,,,,,,,,,,,,,,,,,,,,,,,,
0,0.2834224598930481,0.27642276422764234,0.008064516129032251,0.0,0.0,0.0,0.109375,0.21333333333333335,0.0,0.0,0.0,0.0,0.45054945054945056,0.035398230088495575,0.0,0.009615384615384616,0.0,0.0,0.0,0.0,0.0,0.0,0.0,0.0,0.0,0.0,Y,66.0,111.0,77.0,71.0,94.0,0.0,14.0,32.0,0.0,0.0,0.0,0.0,41.0,4.0,0.0,1.0,0.0,0.0,0.0,0.0,0.0,0.0,0.0,0.0,0.0,0.0,Y,8.69099497795105,N,N,Y,,,,,,,,,,,,,,,,,,,,,,,,,,,,,,,,,,,,,,,,,,,,,,,,,,,,,,
0,0.3262032085561497,0.0,0.0,0.06976744186046513,0.025641025641025772,0.008849557522123894,0.3046875,0.16666666666666669,0.0,0.0,0.0,0.0,0.0,0.0,0.0,0.0,0.0,0.0,0.0,0.0,0.0,0.04477611940298507,0.11627906976744186,0.0,0.0,0.0,Y,74.0,77.0,76.0,80.0,96.00000000000001,1.0,39.0,25.0,0.0,0.0,0.0,0.0,0.0,0.0,0.0,0.0,0.0,0.0,0.0,0.0,0.0,3.0,5.0,0.0,0.0,0.0,Y,8.667315006256104,N,Y,Y,,,,,,,,,,,,,,,,,,,,,,,,,,,,,,,,,,,,,,,,,,,,,,,,,,,,,,
0,0.3262032085561497,0.0,0.0,0.06976744186046513,0.025641025641025772,0.008849557522123894,0.3046875,0.16666666666666669,0.0,0.0,0.0,0.0,0.0,0.0,0.0,0.0,0.0,0.0,0.0,0.0,0.0,0.04477611940298507,0.11627906976744186,0.0,0.0,0.0,Y,74.0,77.0,76.0,80.0,96.00000000000001,1.0,39.0,25.0,0.0,0.0,0.0,0.0,0.0,0.0,0.0,0.0,0.0,0.0,0.0,0.0,0.0,3.0,5.0,0.0,0.0,0.0,Y,8.660528898239136,N,Y,Y,,,,,,,,,,,,,,,,,,,,,,,,,,,,,,,,,,,,,,,,,,,,,,,,,,,,,,
0,0.3262032085561497,0.0,0.0,0.06976744186046513,0.025641025641025772,0.008849557522123894,0.3046875,0.16666666666666669,0.0,0.0,0.0,0.0,0.0,0.0,0.0,0.0,0.0,0.0,0.0,0.0,0.0,0.04477611940298507,0.11627906976744186,0.0,0.0,0.0,Y,74.0,77.0,76.0,80.0,96.00000000000001,1.0,39.0,25.0,0.0,0.0,0.0,0.0,0.0,0.0,0.0,0.0,0.0,0.0,0.0,0.0,0.0,3.0,5.0,0.0,0.0,0.0,Y,8.650683164596558,N,Y,Y,,,,,,,,,,,,,,,,,,,,,,,,,,,,,,,,,,,,,,,,,,,,,,,,,,,,,,
0,0.3262032085561497,0.0,0.0,0.06976744186046513,0.025641025641025772,0.008849557522123894,0.3046875,0.16666666666666669,0.0,0.0,0.0,0.0,0.0,0.0,0.0,0.0,0.0,0.0,0.0,0.0,0.0,0.04477611940298507,0.11627906976744186,0.0,0.0,0.0,Y,74.0,77.0,76.0,80.0,96.00000000000001,1.0,39.0,25.0,0.0,0.0,0.0,0.0,0.0,0.0,0.0,0.0,0.0,0.0,0.0,0.0,0.0,3.0,5.0,0.0,0.0,0.0,Y,8.645670175552368,N,Y,Y,,,,,,,,,,,,,,,,,,,,,,,,,,,,,,,,,,,,,,,,,,,,,,,,,,,,,,
0,0.3262032085561497,0.0,0.0,0.06976744186046513,0.025641025641025772,0.008849557522123894,0.3046875,0.16666666666666669,0.0,0.0,0.0,0.0,0.0,0.0,0.0,0.0,0.0,0.0,0.0,0.0,0.0,0.04477611940298507,0.11627906976744186,0.0,0.0,0.0,Y,74.0,77.0,76.0,80.0,96.00000000000001,1.0,39.0,25.0,0.0,0.0,0.0,0.0,0.0,0.0,0.0,0.0,0.0,0.0,0.0,0.0,0.0,3.0,5.0,0.0,0.0,0.0,Y,8.669393062591553,N,Y,Y,,,,,,,,,,,,,,,,,,,,,,,,,,,,,,,,,,,,,,,,,,,,,,,,,,,,,,
0,0.267379679144385,0.024390243902439046,0.0,0.0,0.0,0.0,0.0,0.0,0.0,0.36220472440944884,0.07200000000000001,0.018018018018018018,0.0,0.0,0.0,0.0,0.0,0.0,0.0,0.0,0.0,0.0,0.0,0.0,0.0,0.0,Y,62.99999999999999,80.0,76.0,71.0,94.0,0.0,0.0,0.0,0.0,46.0,9.0,2.0,0.0,0.0,0.0,0.0,0.0,0.0,0.0,0.0,0.0,0.0,0.0,0.0,0.0,0.0,Y,8.753274917602539,N,Y,Y,,,,,,,,,,,,,,,,,,,,,,,,,,,,,,,,,,,,,,,,,,,,,,,,,,,,,,
0,0.267379679144385,0.024390243902439046,0.0,0.0,0.0,0.0,0.0,0.0,0.0,0.36220472440944884,0.07200000000000001,0.018018018018018018,0.0,0.0,0.0,0.0,0.0,0.0,0.0,0.0,0.0,0.0,0.0,0.0,0.0,0.0,Y,62.99999999999999,80.0,76.0,71.0,94.0,0.0,0.0,0.0,0.0,46.0,9.0,2.0,0.0,0.0,0.0,0.0,0.0,0.0,0.0,0.0,0.0,0.0,0.0,0.0,0.0,0.0,Y,8.578788042068481,N,Y,Y,,,,,,,,,,,,,,,,,,,,,,,,,,,,,,,,,,,,,,,,,,,,,,,,,,,,,,
0,0.267379679144385,0.024390243902439046,0.0,0.0,0.0,0.0,0.0,0.0,0.0,0.36220472440944884,0.07200000000000001,0.018018018018018018,0.0,0.0,0.0,0.0,0.0,0.0,0.0,0.0,0.0,0.0,0.0,0.0,0.0,0.0,Y,62.99999999999999,80.0,76.0,71.0,94.0,0.0,0.0,0.0,0.0,46.0,9.0,2.0,0.0,0.0,0.0,0.0,0.0,0.0,0.0,0.0,0.0,0.0,0.0,0.0,0.0,0.0,Y,8.58315896987915,N,Y,Y,,,,,,,,,,,,,,,,,,,,,,,,,,,,,,,,,,,,,,,,,,,,,,,,,,,,,,
0,0.267379679144385,0.024390243902439046,0.0,0.0,0.0,0.0,0.0,0.0,0.0,0.36220472440944884,0.07200000000000001,0.018018018018018018,0.0,0.0,0.0,0.0,0.0,0.0,0.0,0.0,0.0,0.0,0.0,0.0,0.0,0.0,Y,62.99999999999999,80.0,76.0,71.0,94.0,0.0,0.0,0.0,0.0,46.0,9.0,2.0,0.0,0.0,0.0,0.0,0.0,0.0,0.0,0.0,0.0,0.0,0.0,0.0,0.0,0.0,Y,8.582784175872803,N,Y,Y,,,,,,,,,,,,,,,,,,,,,,,,,,,,,,,,,,,,,,,,,,,,,,,,,,,,,,
0,0.267379679144385,0.024390243902439046,0.0,0.0,0.0,0.0,0.0,0.0,0.0,0.36220472440944884,0.07200000000000001,0.018018018018018018,0.0,0.0,0.0,0.0,0.0,0.0,0.0,0.0,0.0,0.0,0.0,0.0,0.0,0.0,Y,62.99999999999999,80.0,76.0,71.0,94.0,0.0,0.0,0.0,0.0,46.0,9.0,2.0,0.0,0.0,0.0,0.0,0.0,0.0,0.0,0.0,0.0,0.0,0.0,0.0,0.0,0.0,Y,8.561553955078125,N,Y,Y,,,,,,,,,,,,,,,,,,,,,,,,,,,,,,,,,,,,,,,,,,,,,,,,,,,,,,
0,0.4064171122994652,0.0,0.0,0.0,0.0,0.0,0.125,0.42000000000000004,0.0,0.0,0.016,0.0,0.0,0.0,0.0,0.0,0.0,0.0,0.0,0.0,0.0,0.0,0.0,0.0,0.0,0.0,Y,89.0,77.0,76.0,71.0,94.0,0.0,16.0,63.0,0.0,0.0,2.0,0.0,0.0,0.0,0.0,0.0,0.0,0.0,0.0,0.0,0.0,0.0,0.0,0.0,0.0,0.0,Y,8.558597803115845,N,Y,Y,,,,,,,,,,,,,,,,,,,,,,,,,,,,,,,,,,,,,,,,,,,,,,,,,,,,,,
0,0.4064171122994652,0.0,0.0,0.0,0.0,0.0,0.125,0.42000000000000004,0.0,0.0,0.016,0.0,0.0,0.0,0.0,0.0,0.0,0.0,0.0,0.0,0.0,0.0,0.0,0.0,0.0,0.0,Y,89.0,77.0,76.0,71.0,94.0,0.0,16.0,63.0,0.0,0.0,2.0,0.0,0.0,0.0,0.0,0.0,0.0,0.0,0.0,0.0,0.0,0.0,0.0,0.0,0.0,0.0,Y,8.535278797149658,N,Y,Y,,,,,,,,,,,,,,,,,,,,,,,,,,,,,,,,,,,,,,,,,,,,,,,,,,,,,,
0,0.4064171122994652,0.0,0.0,0.0,0.0,0.0,0.125,0.42000000000000004,0.0,0.0,0.016,0.0,0.0,0.0,0.0,0.0,0.0,0.0,0.0,0.0,0.0,0.0,0.0,0.0,0.0,0.0,Y,89.0,77.0,76.0,71.0,94.0,0.0,16.0,63.0,0.0,0.0,2.0,0.0,0.0,0.0,0.0,0.0,0.0,0.0,0.0,0.0,0.0,0.0,0.0,0.0,0.0,0.0,Y,8.763012170791626,N,Y,Y,,,,,,,,,,,,,,,,,,,,,,,,,,,,,,,,,,,,,,,,,,,,,,,,,,,,,,
0,0.4064171122994652,0.0,0.0,0.0,0.0,0.0,0.125,0.42000000000000004,0.0,0.0,0.016,0.0,0.0,0.0,0.0,0.0,0.0,0.0,0.0,0.0,0.0,0.0,0.0,0.0,0.0,0.0,Y,89.0,77.0,76.0,71.0,94.0,0.0,16.0,63.0,0.0,0.0,2.0,0.0,0.0,0.0,0.0,0.0,0.0,0.0,0.0,0.0,0.0,0.0,0.0,0.0,0.0,0.0,Y,8.62924599647522,N,Y,Y,,,,,,,,,,,,,,,,,,,,,,,,,,,,,,,,,,,,,,,,,,,,,,,,,,,,,,
0,0.4064171122994652,0.0,0.0,0.0,0.0,0.0,0.125,0.42000000000000004,0.0,0.0,0.016,0.0,0.0,0.0,0.0,0.0,0.0,0.0,0.0,0.0,0.0,0.0,0.0,0.0,0.0,0.0,Y,89.0,77.0,76.0,71.0,94.0,0.0,16.0,63.0,0.0,0.0,2.0,0.0,0.0,0.0,0.0,0.0,0.0,0.0,0.0,0.0,0.0,0.0,0.0,0.0,0.0,0.0,Y,8.563118696212769,N,Y,Y,,,,,,,,,,,,,,,,,,,,,,,,,,,,,,,,,,,,,,,,,,,,,,,,,,,,,,
0,0.2299465240641711,0.3252032520325203,0.18548387096774188,0.007751937984496138,0.0,0.37168141592920356,0.0390625,0.0,0.0,0.0,0.0,0.0,0.0,0.0,0.37404580152671757,0.09615384615384616,0.0,0.0,0.009259259259259259,0.0,0.0,0.0,0.0,0.0,0.0,0.0,Y,56.0,117.0,99.0,72.0,94.0,42.0,5.0,0.0,0.0,0.0,0.0,0.0,0.0,0.0,49.0,10.0,0.0,0.0,1.0,0.0,0.0,0.0,0.0,0.0,0.0,0.0,Y,8.55769968032837,N,N,Y,,,,,,,,,,,,,,,,,,,,,,,,,,,,,,,,,,,,,,,,,,,,,,,,,,,,,,
0,0.2299465240641711,0.3252032520325203,0.18548387096774188,0.007751937984496138,0.0,0.37168141592920356,0.0390625,0.0,0.0,0.0,0.0,0.0,0.0,0.0,0.37404580152671757,0.09615384615384616,0.0,0.0,0.009259259259259259,0.0,0.0,0.0,0.0,0.0,0.0,0.0,Y,56.0,117.0,99.0,72.0,94.0,42.0,5.0,0.0,0.0,0.0,0.0,0.0,0.0,0.0,49.0,10.0,0.0,0.0,1.0,0.0,0.0,0.0,0.0,0.0,0.0,0.0,Y,8.585067749023438,N,N,Y,,,,,,,,,,,,,,,,,,,,,,,,,,,,,,,,,,,,,,,,,,,,,,,,,,,,,,
0,0.2299465240641711,0.3252032520325203,0.18548387096774188,0.007751937984496138,0.0,0.37168141592920356,0.0390625,0.0,0.0,0.0,0.0,0.0,0.0,0.0,0.37404580152671757,0.09615384615384616,0.0,0.0,0.009259259259259259,0.0,0.0,0.0,0.0,0.0,0.0,0.0,Y,56.0,117.0,99.0,72.0,94.0,42.0,5.0,0.0,0.0,0.0,0.0,0.0,0.0,0.0,49.0,10.0,0.0,0.0,1.0,0.0,0.0,0.0,0.0,0.0,0.0,0.0,Y,8.58127212524414,N,N,Y,,,,,,,,,,,,,,,,,,,,,,,,,,,,,,,,,,,,,,,,,,,,,,,,,,,,,,
0,0.2299465240641711,0.3252032520325203,0.18548387096774188,0.007751937984496138,0.0,0.37168141592920356,0.0390625,0.0,0.0,0.0,0.0,0.0,0.0,0.0,0.37404580152671757,0.09615384615384616,0.0,0.0,0.009259259259259259,0.0,0.0,0.0,0.0,0.0,0.0,0.0,Y,56.0,117.0,99.0,72.0,94.0,42.0,5.0,0.0,0.0,0.0,0.0,0.0,0.0,0.0,49.0,10.0,0.0,0.0,1.0,0.0,0.0,0.0,0.0,0.0,0.0,0.0,Y,8.575254917144775,N,N,Y,,,,,,,,,,,,,,,,,,,,,,,,,,,,,,,,,,,,,,,,,,,,,,,,,,,,,,
0,0.2299465240641711,0.3252032520325203,0.18548387096774188,0.007751937984496138,0.0,0.37168141592920356,0.0390625,0.0,0.0,0.0,0.0,0.0,0.0,0.0,0.37404580152671757,0.09615384615384616,0.0,0.0,0.009259259259259259,0.0,0.0,0.0,0.0,0.0,0.0,0.0,Y,56.0,117.0,99.0,72.0,94.0,42.0,5.0,0.0,0.0,0.0,0.0,0.0,0.0,0.0,49.0,10.0,0.0,0.0,1.0,0.0,0.0,0.0,0.0,0.0,0.0,0.0,Y,8.591235160827637,N,N,Y,,,,,,,,,,,,,,,,,,,,,,,,,,,,,,,,,,,,,,,,,,,,,,,,,,,,,,
