,scaled_input_date,scaled_input_period,scaled_input_nswprice,scaled_input_nswdemand,scaled_input_vicprice,scaled_input_vicdemand,scaled_input_transfer,scaled_input_target,origin_input_date,origin_input_period,origin_input_nswprice,origin_input_nswdemand,origin_input_vicprice,origin_input_vicdemand,origin_input_transfer,origin_input_target,running_time,Found,ground_truth,prediction,scaled_cf_date,scaled_cf_period,scaled_cf_nswprice,scaled_cf_nswdemand,scaled_cf_vicprice,scaled_cf_vicdemand,scaled_cf_transfer,scaled_cf_target,origin_cf_date,origin_cf_period,origin_cf_nswprice,origin_cf_nswdemand,origin_cf_vicprice,origin_cf_vicdemand,origin_cf_transfer,origin_cf_target
0,0.460865,0.723404,0.1420737807333242,0.606665,0.009412,0.438374,0.4266120801366956,Y,0.460865,0.723404,0.136904,0.606665,0.009412,0.438374,0.409211,Y,3.189692974090576,N,Y,Y,,,,,,,,,,,,,,,,
0,0.460865,0.723404,0.1420737807333242,0.606665,0.009412,0.438374,0.4266120801366956,Y,0.460865,0.723404,0.136904,0.606665,0.009412,0.438374,0.409211,Y,3.111881971359253,N,Y,Y,,,,,,,,,,,,,,,,
0,0.460865,0.723404,0.1420737807333242,0.606665,0.009412,0.438374,0.4266120801366956,Y,0.460865,0.723404,0.136904,0.606665,0.009412,0.438374,0.409211,Y,3.1241250038146973,N,Y,Y,,,,,,,,,,,,,,,,
0,0.460865,0.723404,0.1420737807333242,0.606665,0.009412,0.438374,0.4266120801366956,Y,0.460865,0.723404,0.136904,0.606665,0.009412,0.438374,0.409211,Y,3.09784197807312,N,Y,Y,,,,,,,,,,,,,,,,
0,0.460865,0.723404,0.1420737807333242,0.606665,0.009412,0.438374,0.4266120801366956,Y,0.460865,0.723404,0.136904,0.606665,0.009412,0.438374,0.409211,Y,3.10497784614563,N,Y,Y,,,,,,,,,,,,,,,,
0,0.013053,1.0,0.05006890740256451,0.534216,0.003467,0.422915,0.43255550655695146,N,0.013053,1.0,0.048247,0.534216,0.003467,0.422915,0.414912,N,6.646867036819458,Y,Y,N,1.0,1.0,1.0,1.0,1.0,1.0,1.0,Y,1.0,1.0,0.963612,1.0,1.0,1.0,0.959211,Y
0,0.013053,1.0,0.05006890740256451,0.534216,0.003467,0.422915,0.43255550655695146,N,0.013053,1.0,0.048247,0.534216,0.003467,0.422915,0.414912,N,6.6424241065979,Y,Y,N,1.0,1.0,1.0,1.0,1.0,1.0,1.0,Y,1.0,1.0,0.963612,1.0,1.0,1.0,0.959211,Y
0,0.013053,1.0,0.05006890740256451,0.534216,0.003467,0.422915,0.43255550655695146,N,0.013053,1.0,0.048247,0.534216,0.003467,0.422915,0.414912,N,6.6859869956970215,Y,Y,N,1.0,1.0,1.0,1.0,1.0,1.0,1.0,Y,1.0,1.0,0.963612,1.0,1.0,1.0,0.959211,Y
0,0.013053,1.0,0.05006890740256451,0.534216,0.003467,0.422915,0.43255550655695146,N,0.013053,1.0,0.048247,0.534216,0.003467,0.422915,0.414912,N,6.650451183319092,Y,Y,N,1.0,1.0,1.0,1.0,1.0,1.0,1.0,Y,1.0,1.0,0.963612,1.0,1.0,1.0,0.959211,Y
0,0.013053,1.0,0.05006890740256451,0.534216,0.003467,0.422915,0.43255550655695146,N,0.013053,1.0,0.048247,0.534216,0.003467,0.422915,0.414912,N,6.735594987869263,Y,Y,N,1.0,1.0,1.0,1.0,1.0,1.0,1.0,Y,1.0,1.0,0.963612,1.0,1.0,1.0,0.959211,Y
0,0.014247,0.680851,0.04212380086590868,0.494942,0.003467,0.422915,0.43255550655695146,N,0.014247,0.680851,0.040591,0.494942,0.003467,0.422915,0.414912,N,6.693969011306763,Y,N,N,1.0,1.0,1.0,1.0,1.0,1.0,1.0,Y,1.0,1.0,0.963612,1.0,1.0,1.0,0.959211,Y
0,0.014247,0.680851,0.04212380086590868,0.494942,0.003467,0.422915,0.43255550655695146,N,0.014247,0.680851,0.040591,0.494942,0.003467,0.422915,0.414912,N,6.720916986465454,Y,N,N,1.0,1.0,1.0,1.0,1.0,1.0,1.0,Y,1.0,1.0,0.963612,1.0,1.0,1.0,0.959211,Y
0,0.014247,0.680851,0.04212380086590868,0.494942,0.003467,0.422915,0.43255550655695146,N,0.014247,0.680851,0.040591,0.494942,0.003467,0.422915,0.414912,N,6.67330002784729,Y,N,N,1.0,1.0,1.0,1.0,1.0,1.0,1.0,Y,1.0,1.0,0.963612,1.0,1.0,1.0,0.959211,Y
0,0.014247,0.680851,0.04212380086590868,0.494942,0.003467,0.422915,0.43255550655695146,N,0.014247,0.680851,0.040591,0.494942,0.003467,0.422915,0.414912,N,6.697553873062134,Y,N,N,1.0,1.0,1.0,1.0,1.0,1.0,1.0,Y,1.0,1.0,0.963612,1.0,1.0,1.0,0.959211,Y
0,0.014247,0.680851,0.04212380086590868,0.494942,0.003467,0.422915,0.43255550655695146,N,0.014247,0.680851,0.040591,0.494942,0.003467,0.422915,0.414912,N,6.699234962463379,Y,N,N,1.0,1.0,1.0,1.0,1.0,1.0,1.0,Y,1.0,1.0,0.963612,1.0,1.0,1.0,0.959211,Y
0,0.437768,0.021277,0.04932068093797088,0.249926,0.003467,0.422915,0.43255550655695146,N,0.437768,0.021277,0.047526,0.249926,0.003467,0.422915,0.414912,N,6.873898267745972,Y,N,N,1.0,1.0,1.0,1.0,1.0,1.0,1.0,Y,1.0,1.0,0.963612,1.0,1.0,1.0,0.959211,Y
0,0.437768,0.021277,0.04932068093797088,0.249926,0.003467,0.422915,0.43255550655695146,N,0.437768,0.021277,0.047526,0.249926,0.003467,0.422915,0.414912,N,6.955817937850952,Y,N,N,1.0,1.0,1.0,1.0,1.0,1.0,1.0,Y,1.0,1.0,0.963612,1.0,1.0,1.0,0.959211,Y
0,0.437768,0.021277,0.04932068093797088,0.249926,0.003467,0.422915,0.43255550655695146,N,0.437768,0.021277,0.047526,0.249926,0.003467,0.422915,0.414912,N,6.721853971481323,Y,N,N,1.0,1.0,1.0,1.0,1.0,1.0,1.0,Y,1.0,1.0,0.963612,1.0,1.0,1.0,0.959211,Y
0,0.437768,0.021277,0.04932068093797088,0.249926,0.003467,0.422915,0.43255550655695146,N,0.437768,0.021277,0.047526,0.249926,0.003467,0.422915,0.414912,N,6.588020086288452,Y,N,N,1.0,1.0,1.0,1.0,1.0,1.0,1.0,Y,1.0,1.0,0.963612,1.0,1.0,1.0,0.959211,Y
0,0.437768,0.021277,0.04932068093797088,0.249926,0.003467,0.422915,0.43255550655695146,N,0.437768,0.021277,0.047526,0.249926,0.003467,0.422915,0.414912,N,6.7501540184021,Y,N,N,1.0,1.0,1.0,1.0,1.0,1.0,1.0,Y,1.0,1.0,0.963612,1.0,1.0,1.0,0.959211,Y
0,0.013716,0.744681,0.047482804282221465,0.50238,0.003467,0.422915,0.43255550655695146,N,0.013716,0.744681,0.045755,0.50238,0.003467,0.422915,0.414912,N,6.552272081375122,Y,N,N,1.0,1.0,1.0,1.0,1.0,1.0,1.0,Y,1.0,1.0,0.963612,1.0,1.0,1.0,0.959211,Y
0,0.013716,0.744681,0.047482804282221465,0.50238,0.003467,0.422915,0.43255550655695146,N,0.013716,0.744681,0.045755,0.50238,0.003467,0.422915,0.414912,N,6.836686134338379,Y,N,N,1.0,1.0,1.0,1.0,1.0,1.0,1.0,Y,1.0,1.0,0.963612,1.0,1.0,1.0,0.959211,Y
0,0.013716,0.744681,0.047482804282221465,0.50238,0.003467,0.422915,0.43255550655695146,N,0.013716,0.744681,0.045755,0.50238,0.003467,0.422915,0.414912,N,6.582479000091553,Y,N,N,1.0,1.0,1.0,1.0,1.0,1.0,1.0,Y,1.0,1.0,0.963612,1.0,1.0,1.0,0.959211,Y
0,0.013716,0.744681,0.047482804282221465,0.50238,0.003467,0.422915,0.43255550655695146,N,0.013716,0.744681,0.045755,0.50238,0.003467,0.422915,0.414912,N,6.6274168491363525,Y,N,N,1.0,1.0,1.0,1.0,1.0,1.0,1.0,Y,1.0,1.0,0.963612,1.0,1.0,1.0,0.959211,Y
0,0.013716,0.744681,0.047482804282221465,0.50238,0.003467,0.422915,0.43255550655695146,N,0.013716,0.744681,0.045755,0.50238,0.003467,0.422915,0.414912,N,6.699918270111084,Y,N,N,1.0,1.0,1.0,1.0,1.0,1.0,1.0,Y,1.0,1.0,0.963612,1.0,1.0,1.0,0.959211,Y
0,0.893677,0.425532,0.029785847415764847,0.505207,0.002023,0.60202,0.34567889650973554,N,0.893677,0.425532,0.028702,0.505207,0.002023,0.60202,0.331579,N,6.657670259475708,Y,N,N,1.0,1.0,1.0,1.0,1.0,1.0,1.0,Y,1.0,1.0,0.963612,1.0,1.0,1.0,0.959211,Y
0,0.893677,0.425532,0.029785847415764847,0.505207,0.002023,0.60202,0.34567889650973554,N,0.893677,0.425532,0.028702,0.505207,0.002023,0.60202,0.331579,N,6.781558036804199,Y,N,N,1.0,1.0,1.0,1.0,1.0,1.0,1.0,Y,1.0,1.0,0.963612,1.0,1.0,1.0,0.959211,Y
0,0.893677,0.425532,0.029785847415764847,0.505207,0.002023,0.60202,0.34567889650973554,N,0.893677,0.425532,0.028702,0.505207,0.002023,0.60202,0.331579,N,6.708114862442017,Y,N,N,1.0,1.0,1.0,1.0,1.0,1.0,1.0,Y,1.0,1.0,0.963612,1.0,1.0,1.0,0.959211,Y
0,0.893677,0.425532,0.029785847415764847,0.505207,0.002023,0.60202,0.34567889650973554,N,0.893677,0.425532,0.028702,0.505207,0.002023,0.60202,0.331579,N,6.684267997741699,Y,N,N,1.0,1.0,1.0,1.0,1.0,1.0,1.0,Y,1.0,1.0,0.963612,1.0,1.0,1.0,0.959211,Y
0,0.893677,0.425532,0.029785847415764847,0.505207,0.002023,0.60202,0.34567889650973554,N,0.893677,0.425532,0.028702,0.505207,0.002023,0.60202,0.331579,N,6.545370817184448,Y,N,N,1.0,1.0,1.0,1.0,1.0,1.0,1.0,Y,1.0,1.0,0.963612,1.0,1.0,1.0,0.959211,Y
0,0.443122,1.0,0.057452584650253415,0.500744,0.003882,0.459606,0.541380363653044,N,0.443122,1.0,0.055362,0.500744,0.003882,0.459606,0.519298,N,6.512560129165649,Y,Y,N,1.0,1.0,1.0,1.0,1.0,1.0,1.0,Y,1.0,1.0,0.963612,1.0,1.0,1.0,0.959211,Y
0,0.443122,1.0,0.057452584650253415,0.500744,0.003882,0.459606,0.541380363653044,N,0.443122,1.0,0.055362,0.500744,0.003882,0.459606,0.519298,N,6.571012020111084,Y,Y,N,1.0,1.0,1.0,1.0,1.0,1.0,1.0,Y,1.0,1.0,0.963612,1.0,1.0,1.0,0.959211,Y
0,0.443122,1.0,0.057452584650253415,0.500744,0.003882,0.459606,0.541380363653044,N,0.443122,1.0,0.055362,0.500744,0.003882,0.459606,0.519298,N,6.555887222290039,Y,Y,N,1.0,1.0,1.0,1.0,1.0,1.0,1.0,Y,1.0,1.0,0.963612,1.0,1.0,1.0,0.959211,Y
0,0.443122,1.0,0.057452584650253415,0.500744,0.003882,0.459606,0.541380363653044,N,0.443122,1.0,0.055362,0.500744,0.003882,0.459606,0.519298,N,6.6831560134887695,Y,Y,N,1.0,1.0,1.0,1.0,1.0,1.0,1.0,Y,1.0,1.0,0.963612,1.0,1.0,1.0,0.959211,Y
0,0.443122,1.0,0.057452584650253415,0.500744,0.003882,0.459606,0.541380363653044,N,0.443122,1.0,0.055362,0.500744,0.003882,0.459606,0.519298,N,6.588720083236694,Y,Y,N,1.0,1.0,1.0,1.0,1.0,1.0,1.0,Y,1.0,1.0,0.963612,1.0,1.0,1.0,0.959211,Y
0,0.907216,0.617021,0.03330593641424141,0.254686,0.002119,0.288452,0.6314585633400783,N,0.907216,0.617021,0.032094,0.254686,0.002119,0.288452,0.605702,N,6.615123987197876,Y,N,N,1.0,1.0,1.0,1.0,1.0,1.0,1.0,Y,1.0,1.0,0.963612,1.0,1.0,1.0,0.959211,Y
0,0.907216,0.617021,0.03330593641424141,0.254686,0.002119,0.288452,0.6314585633400783,N,0.907216,0.617021,0.032094,0.254686,0.002119,0.288452,0.605702,N,6.585737943649292,Y,N,N,1.0,1.0,1.0,1.0,1.0,1.0,1.0,Y,1.0,1.0,0.963612,1.0,1.0,1.0,0.959211,Y
0,0.907216,0.617021,0.03330593641424141,0.254686,0.002119,0.288452,0.6314585633400783,N,0.907216,0.617021,0.032094,0.254686,0.002119,0.288452,0.605702,N,6.594981908798218,Y,N,N,1.0,1.0,1.0,1.0,1.0,1.0,1.0,Y,1.0,1.0,0.963612,1.0,1.0,1.0,0.959211,Y
0,0.907216,0.617021,0.03330593641424141,0.254686,0.002119,0.288452,0.6314585633400783,N,0.907216,0.617021,0.032094,0.254686,0.002119,0.288452,0.605702,N,6.623810052871704,Y,N,N,1.0,1.0,1.0,1.0,1.0,1.0,1.0,Y,1.0,1.0,0.963612,1.0,1.0,1.0,0.959211,Y
0,0.907216,0.617021,0.03330593641424141,0.254686,0.002119,0.288452,0.6314585633400783,N,0.907216,0.617021,0.032094,0.254686,0.002119,0.288452,0.605702,N,6.58251690864563,Y,N,N,1.0,1.0,1.0,1.0,1.0,1.0,1.0,Y,1.0,1.0,0.963612,1.0,1.0,1.0,0.959211,Y
0,0.474492,0.404255,0.04935181380057533,0.458792,0.003218,0.313309,0.48605364200368834,Y,0.474492,0.404255,0.047556,0.458792,0.003218,0.313309,0.466228,Y,3.0997960567474365,N,N,Y,,,,,,,,,,,,,,,,
0,0.474492,0.404255,0.04935181380057533,0.458792,0.003218,0.313309,0.48605364200368834,Y,0.474492,0.404255,0.047556,0.458792,0.003218,0.313309,0.466228,Y,3.0506577491760254,N,N,Y,,,,,,,,,,,,,,,,
0,0.474492,0.404255,0.04935181380057533,0.458792,0.003218,0.313309,0.48605364200368834,Y,0.474492,0.404255,0.047556,0.458792,0.003218,0.313309,0.466228,Y,3.1376960277557373,N,N,Y,,,,,,,,,,,,,,,,
0,0.474492,0.404255,0.04935181380057533,0.458792,0.003218,0.313309,0.48605364200368834,Y,0.474492,0.404255,0.047556,0.458792,0.003218,0.313309,0.466228,Y,3.1700689792633057,N,N,Y,,,,,,,,,,,,,,,,
0,0.474492,0.404255,0.04935181380057533,0.458792,0.003218,0.313309,0.48605364200368834,Y,0.474492,0.404255,0.047556,0.458792,0.003218,0.313309,0.466228,Y,3.122954845428467,N,N,Y,,,,,,,,,,,,,,,,
0,0.008672,0.489362,0.09627422655591669,0.590747,0.003467,0.422915,0.43255550655695146,Y,0.008672,0.489362,0.092771,0.590747,0.003467,0.422915,0.414912,Y,3.1023898124694824,N,Y,Y,,,,,,,,,,,,,,,,
0,0.008672,0.489362,0.09627422655591669,0.590747,0.003467,0.422915,0.43255550655695146,Y,0.008672,0.489362,0.092771,0.590747,0.003467,0.422915,0.414912,Y,3.081162929534912,N,Y,Y,,,,,,,,,,,,,,,,
0,0.008672,0.489362,0.09627422655591669,0.590747,0.003467,0.422915,0.43255550655695146,Y,0.008672,0.489362,0.092771,0.590747,0.003467,0.422915,0.414912,Y,3.122688055038452,N,Y,Y,,,,,,,,,,,,,,,,
0,0.008672,0.489362,0.09627422655591669,0.590747,0.003467,0.422915,0.43255550655695146,Y,0.008672,0.489362,0.092771,0.590747,0.003467,0.422915,0.414912,Y,3.0751590728759766,N,Y,Y,,,,,,,,,,,,,,,,
0,0.008672,0.489362,0.09627422655591669,0.590747,0.003467,0.422915,0.43255550655695146,Y,0.008672,0.489362,0.092771,0.590747,0.003467,0.422915,0.414912,Y,3.0877840518951416,N,Y,Y,,,,,,,,,,,,,,,,
0,0.429671,0.446809,0.11527876365176024,0.645641,0.003467,0.422915,0.43255550655695146,Y,0.429671,0.446809,0.111084,0.645641,0.003467,0.422915,0.414912,Y,3.0859897136688232,N,Y,Y,,,,,,,,,,,,,,,,
0,0.429671,0.446809,0.11527876365176024,0.645641,0.003467,0.422915,0.43255550655695146,Y,0.429671,0.446809,0.111084,0.645641,0.003467,0.422915,0.414912,Y,3.0516622066497803,N,Y,Y,,,,,,,,,,,,,,,,
0,0.429671,0.446809,0.11527876365176024,0.645641,0.003467,0.422915,0.43255550655695146,Y,0.429671,0.446809,0.111084,0.645641,0.003467,0.422915,0.414912,Y,3.107983112335205,N,Y,Y,,,,,,,,,,,,,,,,
0,0.429671,0.446809,0.11527876365176024,0.645641,0.003467,0.422915,0.43255550655695146,Y,0.429671,0.446809,0.111084,0.645641,0.003467,0.422915,0.414912,Y,3.0905439853668213,N,Y,Y,,,,,,,,,,,,,,,,
0,0.429671,0.446809,0.11527876365176024,0.645641,0.003467,0.422915,0.43255550655695146,Y,0.429671,0.446809,0.111084,0.645641,0.003467,0.422915,0.414912,Y,3.0541608333587646,N,Y,Y,,,,,,,,,,,,,,,,
0,0.460732,0.106383,0.0327455448873613,0.261678,0.00216,0.26696,0.3470508574234448,N,0.460732,0.106383,0.031554,0.261678,0.00216,0.26696,0.332895,N,6.53853178024292,Y,N,N,1.0,1.0,1.0,1.0,1.0,1.0,1.0,Y,1.0,1.0,0.963612,1.0,1.0,1.0,0.959211,Y
0,0.460732,0.106383,0.0327455448873613,0.261678,0.00216,0.26696,0.3470508574234448,N,0.460732,0.106383,0.031554,0.261678,0.00216,0.26696,0.332895,N,6.654115915298462,Y,N,N,1.0,1.0,1.0,1.0,1.0,1.0,1.0,Y,1.0,1.0,0.963612,1.0,1.0,1.0,0.959211,Y
0,0.460732,0.106383,0.0327455448873613,0.261678,0.00216,0.26696,0.3470508574234448,N,0.460732,0.106383,0.031554,0.261678,0.00216,0.26696,0.332895,N,6.720402002334595,Y,N,N,1.0,1.0,1.0,1.0,1.0,1.0,1.0,Y,1.0,1.0,0.963612,1.0,1.0,1.0,0.959211,Y
0,0.460732,0.106383,0.0327455448873613,0.261678,0.00216,0.26696,0.3470508574234448,N,0.460732,0.106383,0.031554,0.261678,0.00216,0.26696,0.332895,N,6.601974964141846,Y,N,N,1.0,1.0,1.0,1.0,1.0,1.0,1.0,Y,1.0,1.0,0.963612,1.0,1.0,1.0,0.959211,Y
0,0.460732,0.106383,0.0327455448873613,0.261678,0.00216,0.26696,0.3470508574234448,N,0.460732,0.106383,0.031554,0.261678,0.00216,0.26696,0.332895,N,6.575663089752197,Y,N,N,1.0,1.0,1.0,1.0,1.0,1.0,1.0,Y,1.0,1.0,0.963612,1.0,1.0,1.0,0.959211,Y
0,0.902836,0.638298,0.07471368144024773,0.329813,0.004632,0.308907,0.8143567994945844,Y,0.902836,0.638298,0.071995,0.329813,0.004632,0.308907,0.78114,Y,3.0682129859924316,N,Y,Y,,,,,,,,,,,,,,,,
0,0.902836,0.638298,0.07471368144024773,0.329813,0.004632,0.308907,0.8143567994945844,Y,0.902836,0.638298,0.071995,0.329813,0.004632,0.308907,0.78114,Y,3.093985080718994,N,Y,Y,,,,,,,,,,,,,,,,
0,0.902836,0.638298,0.07471368144024773,0.329813,0.004632,0.308907,0.8143567994945844,Y,0.902836,0.638298,0.071995,0.329813,0.004632,0.308907,0.78114,Y,3.0869269371032715,N,Y,Y,,,,,,,,,,,,,,,,
0,0.902836,0.638298,0.07471368144024773,0.329813,0.004632,0.308907,0.8143567994945844,Y,0.902836,0.638298,0.071995,0.329813,0.004632,0.308907,0.78114,Y,3.048086166381836,N,Y,Y,,,,,,,,,,,,,,,,
0,0.902836,0.638298,0.07471368144024773,0.329813,0.004632,0.308907,0.8143567994945844,Y,0.902836,0.638298,0.071995,0.329813,0.004632,0.308907,0.78114,Y,3.056847095489502,N,Y,Y,,,,,,,,,,,,,,,,
0,0.031061,0.425532,0.07736205028579968,0.501785,0.003467,0.422915,0.43255550655695146,Y,0.031061,0.425532,0.074547,0.501785,0.003467,0.422915,0.414912,Y,3.0646469593048096,N,Y,Y,,,,,,,,,,,,,,,,
0,0.031061,0.425532,0.07736205028579968,0.501785,0.003467,0.422915,0.43255550655695146,Y,0.031061,0.425532,0.074547,0.501785,0.003467,0.422915,0.414912,Y,3.049259901046753,N,Y,Y,,,,,,,,,,,,,,,,
0,0.031061,0.425532,0.07736205028579968,0.501785,0.003467,0.422915,0.43255550655695146,Y,0.031061,0.425532,0.074547,0.501785,0.003467,0.422915,0.414912,Y,3.1353659629821777,N,Y,Y,,,,,,,,,,,,,,,,
0,0.031061,0.425532,0.07736205028579968,0.501785,0.003467,0.422915,0.43255550655695146,Y,0.031061,0.425532,0.074547,0.501785,0.003467,0.422915,0.414912,Y,3.058851957321167,N,Y,Y,,,,,,,,,,,,,,,,
0,0.031061,0.425532,0.07736205028579968,0.501785,0.003467,0.422915,0.43255550655695146,Y,0.031061,0.425532,0.074547,0.501785,0.003467,0.422915,0.414912,Y,3.0463430881500244,N,Y,Y,,,,,,,,,,,,,,,,
0,0.443387,0.553191,0.04632985060376998,0.488545,0.003037,0.530813,0.4663916489698303,N,0.443387,0.553191,0.044644,0.488545,0.003037,0.530813,0.447368,N,6.618822813034058,Y,N,N,1.0,1.0,1.0,1.0,1.0,1.0,1.0,Y,1.0,1.0,0.963612,1.0,1.0,1.0,0.959211,Y
0,0.443387,0.553191,0.04632985060376998,0.488545,0.003037,0.530813,0.4663916489698303,N,0.443387,0.553191,0.044644,0.488545,0.003037,0.530813,0.447368,N,6.603074073791504,Y,N,N,1.0,1.0,1.0,1.0,1.0,1.0,1.0,Y,1.0,1.0,0.963612,1.0,1.0,1.0,0.959211,Y
0,0.443387,0.553191,0.04632985060376998,0.488545,0.003037,0.530813,0.4663916489698303,N,0.443387,0.553191,0.044644,0.488545,0.003037,0.530813,0.447368,N,6.579910039901733,Y,N,N,1.0,1.0,1.0,1.0,1.0,1.0,1.0,Y,1.0,1.0,0.963612,1.0,1.0,1.0,0.959211,Y
0,0.443387,0.553191,0.04632985060376998,0.488545,0.003037,0.530813,0.4663916489698303,N,0.443387,0.553191,0.044644,0.488545,0.003037,0.530813,0.447368,N,6.6338560581207275,Y,N,N,1.0,1.0,1.0,1.0,1.0,1.0,1.0,Y,1.0,1.0,0.963612,1.0,1.0,1.0,0.959211,Y
0,0.443387,0.553191,0.04632985060376998,0.488545,0.003037,0.530813,0.4663916489698303,N,0.443387,0.553191,0.044644,0.488545,0.003037,0.530813,0.447368,N,6.528507947921753,Y,N,N,1.0,1.0,1.0,1.0,1.0,1.0,1.0,Y,1.0,1.0,0.963612,1.0,1.0,1.0,0.959211,Y
0,0.912438,0.489362,0.04629871774116553,0.329069,0.002919,0.269549,0.7293087756499872,Y,0.912438,0.489362,0.044614,0.329069,0.002919,0.269549,0.699561,Y,3.082704782485962,N,Y,Y,,,,,,,,,,,,,,,,
0,0.912438,0.489362,0.04629871774116553,0.329069,0.002919,0.269549,0.7293087756499872,Y,0.912438,0.489362,0.044614,0.329069,0.002919,0.269549,0.699561,Y,3.0665488243103027,N,Y,Y,,,,,,,,,,,,,,,,
0,0.912438,0.489362,0.04629871774116553,0.329069,0.002919,0.269549,0.7293087756499872,Y,0.912438,0.489362,0.044614,0.329069,0.002919,0.269549,0.699561,Y,3.104353904724121,N,Y,Y,,,,,,,,,,,,,,,,
0,0.912438,0.489362,0.04629871774116553,0.329069,0.002919,0.269549,0.7293087756499872,Y,0.912438,0.489362,0.044614,0.329069,0.002919,0.269549,0.699561,Y,3.0451250076293945,N,Y,Y,,,,,,,,,,,,,,,,
0,0.912438,0.489362,0.04629871774116553,0.329069,0.002919,0.269549,0.7293087756499872,Y,0.912438,0.489362,0.044614,0.329069,0.002919,0.269549,0.699561,Y,3.073856830596924,N,Y,Y,,,,,,,,,,,,,,,,
0,0.876908,0.148936,0.029692448827951495,0.1626,0.001861,0.251165,0.6794688551319781,N,0.876908,0.148936,0.028612,0.1626,0.001861,0.251165,0.651754,N,6.640708923339844,Y,N,N,1.0,1.0,1.0,1.0,1.0,1.0,1.0,Y,1.0,1.0,0.963612,1.0,1.0,1.0,0.959211,Y
0,0.876908,0.148936,0.029692448827951495,0.1626,0.001861,0.251165,0.6794688551319781,N,0.876908,0.148936,0.028612,0.1626,0.001861,0.251165,0.651754,N,6.575763940811157,Y,N,N,1.0,1.0,1.0,1.0,1.0,1.0,1.0,Y,1.0,1.0,0.963612,1.0,1.0,1.0,0.959211,Y
0,0.876908,0.148936,0.029692448827951495,0.1626,0.001861,0.251165,0.6794688551319781,N,0.876908,0.148936,0.028612,0.1626,0.001861,0.251165,0.651754,N,6.492655038833618,Y,N,N,1.0,1.0,1.0,1.0,1.0,1.0,1.0,Y,1.0,1.0,0.963612,1.0,1.0,1.0,0.959211,Y
0,0.876908,0.148936,0.029692448827951495,0.1626,0.001861,0.251165,0.6794688551319781,N,0.876908,0.148936,0.028612,0.1626,0.001861,0.251165,0.651754,N,6.527482748031616,Y,N,N,1.0,1.0,1.0,1.0,1.0,1.0,1.0,Y,1.0,1.0,0.963612,1.0,1.0,1.0,0.959211,Y
0,0.876908,0.148936,0.029692448827951495,0.1626,0.001861,0.251165,0.6794688551319781,N,0.876908,0.148936,0.028612,0.1626,0.001861,0.251165,0.651754,N,6.546612977981567,Y,N,N,1.0,1.0,1.0,1.0,1.0,1.0,1.0,Y,1.0,1.0,0.963612,1.0,1.0,1.0,0.959211,Y
0,0.894429,0.12766,0.06137843862467466,0.318209,0.003828,0.401864,0.6968445941508177,Y,0.894429,0.12766,0.059145,0.318209,0.003828,0.401864,0.668421,Y,3.0616703033447266,N,N,Y,,,,,,,,,,,,,,,,
0,0.894429,0.12766,0.06137843862467466,0.318209,0.003828,0.401864,0.6968445941508177,Y,0.894429,0.12766,0.059145,0.318209,0.003828,0.401864,0.668421,Y,3.1063051223754883,N,N,Y,,,,,,,,,,,,,,,,
0,0.894429,0.12766,0.06137843862467466,0.318209,0.003828,0.401864,0.6968445941508177,Y,0.894429,0.12766,0.059145,0.318209,0.003828,0.401864,0.668421,Y,3.1194798946380615,N,N,Y,,,,,,,,,,,,,,,,
0,0.894429,0.12766,0.06137843862467466,0.318209,0.003828,0.401864,0.6968445941508177,Y,0.894429,0.12766,0.059145,0.318209,0.003828,0.401864,0.668421,Y,3.0551421642303467,N,N,Y,,,,,,,,,,,,,,,,
0,0.894429,0.12766,0.06137843862467466,0.318209,0.003828,0.401864,0.6968445941508177,Y,0.894429,0.12766,0.059145,0.318209,0.003828,0.401864,0.668421,Y,3.098170042037964,N,N,Y,,,,,,,,,,,,,,,,
0,0.868192,0.170213,0.026701618493750592,0.193841,0.001674,0.252978,0.8939180222078352,N,0.868192,0.170213,0.02573,0.193841,0.001674,0.252978,0.857456,N,6.513836860656738,Y,N,N,1.0,1.0,1.0,1.0,1.0,1.0,1.0,Y,1.0,1.0,0.963612,1.0,1.0,1.0,0.959211,Y
0,0.868192,0.170213,0.026701618493750592,0.193841,0.001674,0.252978,0.8939180222078352,N,0.868192,0.170213,0.02573,0.193841,0.001674,0.252978,0.857456,N,6.738218069076538,Y,N,N,1.0,1.0,1.0,1.0,1.0,1.0,1.0,Y,1.0,1.0,0.963612,1.0,1.0,1.0,0.959211,Y
0,0.868192,0.170213,0.026701618493750592,0.193841,0.001674,0.252978,0.8939180222078352,N,0.868192,0.170213,0.02573,0.193841,0.001674,0.252978,0.857456,N,6.619529962539673,Y,N,N,1.0,1.0,1.0,1.0,1.0,1.0,1.0,Y,1.0,1.0,0.963612,1.0,1.0,1.0,0.959211,Y
0,0.868192,0.170213,0.026701618493750592,0.193841,0.001674,0.252978,0.8939180222078352,N,0.868192,0.170213,0.02573,0.193841,0.001674,0.252978,0.857456,N,6.588924884796143,Y,N,N,1.0,1.0,1.0,1.0,1.0,1.0,1.0,Y,1.0,1.0,0.963612,1.0,1.0,1.0,0.959211,Y
0,0.868192,0.170213,0.026701618493750592,0.193841,0.001674,0.252978,0.8939180222078352,N,0.868192,0.170213,0.02573,0.193841,0.001674,0.252978,0.857456,N,6.519554138183594,Y,N,N,1.0,1.0,1.0,1.0,1.0,1.0,1.0,Y,1.0,1.0,0.963612,1.0,1.0,1.0,0.959211,Y
0,0.474271,0.042553,0.025455266227485746,0.091044,0.001635,0.18203,0.7773201099653777,N,0.474271,0.042553,0.024529,0.091044,0.001635,0.18203,0.745614,N,6.511473178863525,Y,N,N,1.0,1.0,1.0,1.0,1.0,1.0,1.0,Y,1.0,1.0,0.963612,1.0,1.0,1.0,0.959211,Y
0,0.474271,0.042553,0.025455266227485746,0.091044,0.001635,0.18203,0.7773201099653777,N,0.474271,0.042553,0.024529,0.091044,0.001635,0.18203,0.745614,N,6.571775913238525,Y,N,N,1.0,1.0,1.0,1.0,1.0,1.0,1.0,Y,1.0,1.0,0.963612,1.0,1.0,1.0,0.959211,Y
0,0.474271,0.042553,0.025455266227485746,0.091044,0.001635,0.18203,0.7773201099653777,N,0.474271,0.042553,0.024529,0.091044,0.001635,0.18203,0.745614,N,6.523872137069702,Y,N,N,1.0,1.0,1.0,1.0,1.0,1.0,1.0,Y,1.0,1.0,0.963612,1.0,1.0,1.0,0.959211,Y
0,0.474271,0.042553,0.025455266227485746,0.091044,0.001635,0.18203,0.7773201099653777,N,0.474271,0.042553,0.024529,0.091044,0.001635,0.18203,0.745614,N,6.613624095916748,Y,N,N,1.0,1.0,1.0,1.0,1.0,1.0,1.0,Y,1.0,1.0,0.963612,1.0,1.0,1.0,0.959211,Y
0,0.474271,0.042553,0.025455266227485746,0.091044,0.001635,0.18203,0.7773201099653777,N,0.474271,0.042553,0.024529,0.091044,0.001635,0.18203,0.745614,N,6.624469757080078,Y,N,N,1.0,1.0,1.0,1.0,1.0,1.0,1.0,Y,1.0,1.0,0.963612,1.0,1.0,1.0,0.959211,Y
