,scaled_input_MedInc,scaled_input_HouseAge,scaled_input_AveRooms,scaled_input_AveBedrms,scaled_input_Population,scaled_input_AveOccup,scaled_input_Latitude,scaled_input_Longitude,scaled_input_target,origin_input_MedInc,origin_input_HouseAge,origin_input_AveRooms,origin_input_AveBedrms,origin_input_Population,origin_input_AveOccup,origin_input_Latitude,origin_input_Longitude,origin_input_target,scaled_cf_MedInc,scaled_cf_HouseAge,scaled_cf_AveRooms,scaled_cf_AveBedrms,scaled_cf_Population,scaled_cf_AveOccup,scaled_cf_Latitude,scaled_cf_Longitude,scaled_cf_target,origin_cf_MedInc,origin_cf_HouseAge,origin_cf_AveRooms,origin_cf_AveBedrms,origin_cf_Population,origin_cf_AveOccup,origin_cf_Latitude,origin_cf_Longitude,origin_cf_target,running_time,Found,ground_truth,prediction
0,0.22947959338491886,0.9999999999999999,0.03414003934110735,0.021406705486107562,0.06166398207157364,0.002074261886166336,0.55047821466525,0.19023904382470036,1.0,3.8274000000000004,52.0,5.341959334565619,1.055452865064695,1769.0,3.269870609981516,37.720000000000006,-122.44,1.0,0.22947959338491886,0.9999999999999999,0.03414003934110735,0.021406705486107562,0.06166398207157364,0.003228399698189683,0.5585285787657281,0.20115347562468636,N,3.8274000000000004,52.0,5.341959334565619,1.055452865064695,1769.0,4.704049604445297,37.7957539261855,-122.33041910472815,N,0.13930225372314453,Y,1.0,Y
0,0.22947959338491886,0.9999999999999999,0.03414003934110735,0.021406705486107562,0.06166398207157364,0.002074261886166336,0.55047821466525,0.19023904382470036,1.0,3.8274000000000004,52.0,5.341959334565619,1.055452865064695,1769.0,3.269870609981516,37.720000000000006,-122.44,1.0,0.22947959338491886,0.9999999999999999,0.03414003934110735,0.018131288051253983,0.06166398207157364,0.005008727741218159,0.558350632045252,0.20037879993831187,N,3.8274000000000004,52.0,5.341959334565619,0.9449621169289677,1769.0,6.916358269811683,37.794079447545826,-122.33819684861935,N,0.14928293228149414,Y,1.0,Y
0,0.22947959338491886,0.9999999999999999,0.03414003934110735,0.021406705486107562,0.06166398207157364,0.002074261886166336,0.55047821466525,0.19023904382470036,1.0,3.8274000000000004,52.0,5.341959334565619,1.055452865064695,1769.0,3.269870609981516,37.720000000000006,-122.44,1.0,0.22947959338491886,0.9999999999999999,0.03414003934110735,0.021406705486107562,0.06166398207157364,0.0030263616609487653,0.5584475974848345,0.19824070491296497,N,3.8274000000000004,52.0,5.341959334565619,1.055452865064695,1769.0,4.452988850629744,37.79499189233229,-122.35966332267382,N,0.12641596794128418,Y,1.0,Y
0,0.22947959338491886,0.9999999999999999,0.03414003934110735,0.021406705486107562,0.06166398207157364,0.002074261886166336,0.55047821466525,0.19023904382470036,1.0,3.8274000000000004,52.0,5.341959334565619,1.055452865064695,1769.0,3.269870609981516,37.720000000000006,-122.44,1.0,0.22947959338491886,0.9999999999999999,0.023745323317278664,0.018764323529414144,0.06166398207157364,0.005500910028483482,0.5580955940454566,0.19023904382470036,N,3.8274000000000004,52.0,3.97310849981743,0.9663165137255705,1769.0,7.52796417206141,37.791679539967745,-122.44,N,0.15076208114624023,Y,1.0,Y
0,0.22947959338491886,0.9999999999999999,0.03414003934110735,0.021406705486107562,0.06166398207157364,0.002074261886166336,0.55047821466525,0.19023904382470036,1.0,3.8274000000000004,52.0,5.341959334565619,1.055452865064695,1769.0,3.269870609981516,37.720000000000006,-122.44,1.0,0.23416101308536613,0.9999999999999999,0.03414003934110735,0.021406705486107562,0.06166398207157364,0.004309838549878778,0.5603438645846027,0.198312162907612,N,3.8952815219404258,52.0,5.341959334565619,1.055452865064695,1769.0,6.047889888276288,37.81283576574111,-122.35894588440756,N,0.13910293579101562,Y,1.0,Y
0,0.33999531040951164,0.49019607843137253,0.04044630591748792,0.018375552483498512,0.04429581903494642,0.0019661030318289642,0.5302869287991498,0.2370517928286855,1.0,5.4299,26.0,6.172413793103448,0.9532019704433498,1272.9999999999998,3.1354679802955663,37.53,-121.96999999999998,1.0,0.3323248672668487,0.49019607843137253,0.03056834003706589,0.010814568238738971,0.036812196379346136,0.003184183085781614,0.5225905738815895,0.2370517928286855,N,5.318677040342759,26.0,4.8716123272400775,0.6981447685867945,1059.282704201367,4.649104227852163,37.45757730022576,-121.96999999999998,N,0.15873503684997559,Y,1.0,Y
0,0.33999531040951164,0.49019607843137253,0.04044630591748792,0.018375552483498512,0.04429581903494642,0.0019661030318289642,0.5302869287991498,0.2370517928286855,1.0,5.4299,26.0,6.172413793103448,0.9532019704433498,1272.9999999999998,3.1354679802955663,37.53,-121.96999999999998,1.0,0.332127858032713,0.49019607843137253,0.025123995631688323,0.018375552483498512,0.039591492664743926,0.004114868056699602,0.5302869287991498,0.2370517928286855,N,5.315820367045944,26.0,4.1546619683391,0.9532019704433498,1138.6538475197572,5.80561155466238,37.53,-121.96999999999998,N,0.1709909439086914,Y,1.0,Y
0,0.33999531040951164,0.49019607843137253,0.04044630591748792,0.018375552483498512,0.04429581903494642,0.0019661030318289642,0.5302869287991498,0.2370517928286855,1.0,5.4299,26.0,6.172413793103448,0.9532019704433498,1272.9999999999998,3.1354679802955663,37.53,-121.96999999999998,1.0,0.3304601195614551,0.49019607843137253,0.026585625206721065,0.009161211546580167,0.04429581903494642,0.00625602276960697,0.5302869287991498,0.2370517928286855,N,5.291637825665011,26.0,4.347139844530207,0.6423715361713043,1272.9999999999998,8.466298243165708,37.53,-121.96999999999998,N,0.17341899871826172,Y,1.0,Y
0,0.33999531040951164,0.49019607843137253,0.04044630591748792,0.018375552483498512,0.04429581903494642,0.0019661030318289642,0.5302869287991498,0.2370517928286855,1.0,5.4299,26.0,6.172413793103448,0.9532019704433498,1272.9999999999998,3.1354679802955663,37.53,-121.96999999999998,1.0,0.33509910780753865,0.49019607843137253,0.02684644515785055,0.018375552483498512,0.03710056756633011,0.004385916241488932,0.5302869287991498,0.2327480961720321,N,5.358904083030872,26.0,4.381486488248433,0.9532019704433498,1067.5180085592551,6.142427149007132,37.53,-122.01320911443278,N,0.15841102600097656,Y,1.0,Y
0,0.33999531040951164,0.49019607843137253,0.04044630591748792,0.018375552483498512,0.04429581903494642,0.0019661030318289642,0.5302869287991498,0.2370517928286855,1.0,5.4299,26.0,6.172413793103448,0.9532019704433498,1272.9999999999998,3.1354679802955663,37.53,-121.96999999999998,1.0,0.33999531040951164,0.49019607843137253,0.025651384535833675,0.012994058034028552,0.036678611085780785,0.00815546685070938,0.5302869287991498,0.2370517928286855,N,5.4299,26.0,4.224112325618837,0.7716662243478966,1055.4677753877277,10.826625384254582,37.53,-121.96999999999998,N,0.16009306907653809,Y,1.0,Y
0,0.33337471207293695,0.35294117647058826,0.042677480925259484,0.022604562246505977,0.049793402899362696,0.0019500086245972438,0.14240170031881005,0.6513944223107568,1.0,5.3339,19.0,6.466230936819172,1.0958605664488017,1429.9999999999998,3.1154684095860565,33.88,-117.81,1.0,0.33080752523363255,0.35294117647058826,0.02974075103858296,0.022604562246505977,0.049793402899362696,0.007907688514350876,0.1450853715839963,0.6606126368569065,N,5.296675277392718,19.0,4.762629466255241,1.0958605664488017,1429.9999999999998,10.518725858230422,33.905253346605406,-117.71744912595665,N,0.17921185493469238,Y,1.0,Y
0,0.33337471207293695,0.35294117647058826,0.042677480925259484,0.022604562246505977,0.049793402899362696,0.0019500086245972438,0.14240170031881005,0.6513944223107568,1.0,5.3339,19.0,6.466230936819172,1.0958605664488017,1429.9999999999998,3.1154684095860565,33.88,-117.81,1.0,0.329437124232127,0.35294117647058826,0.03748540982081245,0.02130215330702,0.0553475326090142,0.003562456371824806,0.14240170031881005,0.6590811421733447,N,5.276804188790687,19.0,5.782501737377657,1.0519259715568081,1588.6148362482277,5.119162131993476,33.88,-117.73282533257961,N,0.13908100128173828,Y,1.0,Y
0,0.33337471207293695,0.35294117647058826,0.042677480925259484,0.022604562246505977,0.049793402899362696,0.0019500086245972438,0.14240170031881005,0.6513944223107568,1.0,5.3339,19.0,6.466230936819172,1.0958605664488017,1429.9999999999998,3.1154684095860565,33.88,-117.81,1.0,0.3303881250430438,0.35294117647058826,0.03092657779639519,0.022604562246505977,0.049793402899362696,0.008225954467799751,0.14240170031881005,0.6589555945642444,N,5.290593890749143,19.0,4.91878764735196,1.0958605664488017,1429.9999999999998,10.914216189050752,33.88,-117.73408583057498,N,0.16423678398132324,Y,1.0,Y
0,0.33337471207293695,0.35294117647058826,0.042677480925259484,0.022604562246505977,0.049793402899362696,0.0019500086245972438,0.14240170031881005,0.6513944223107568,1.0,5.3339,19.0,6.466230936819172,1.0958605664488017,1429.9999999999998,3.1154684095860565,33.88,-117.81,1.0,0.3294423108311484,0.35294117647058826,0.03071521460726285,0.021160187497862134,0.049793402899362696,0.0042313124428759435,0.14685390844977309,0.6600474560555797,N,5.276879395513817,19.0,4.890953825127707,1.0471369915945492,1429.9999999999998,5.950310126130688,33.921895278512366,-117.72312354120197,N,0.1659531593322754,Y,1.0,Y
0,0.33337471207293695,0.35294117647058826,0.042677480925259484,0.022604562246505977,0.049793402899362696,0.0019500086245972438,0.14240170031881005,0.6513944223107568,1.0,5.3339,19.0,6.466230936819172,1.0958605664488017,1429.9999999999998,3.1154684095860565,33.88,-117.81,1.0,0.3306959472031329,0.35294117647058826,0.03185988965624497,0.022604562246505977,0.049793402899362696,0.003676020429975359,0.14443957589977094,0.6574531867561764,N,5.295057373634867,19.0,5.041692853757511,1.0958605664488017,1429.9999999999998,5.260281489689636,33.89917640921684,-117.74917000496798,N,0.15455365180969238,Y,1.0,Y
0,0.20579026496186265,0.8627450980392156,0.03504516577865474,0.019911438675740738,0.04030394285314097,0.0017804451702477003,0.5462274176408073,0.2221115537848597,1.0,3.4839000000000007,45.0,5.461152882205514,1.005012531328321,1158.9999999999998,2.904761904761905,37.68,-122.12,1.0,0.20579026496186265,0.8627450980392156,0.03504516577865474,0.019911438675740738,0.04030394285314097,0.0023824189605612693,0.5462274176408073,0.2221115537848597,N,3.4839000000000007,45.0,5.461152882205514,1.005012531328321,1158.9999999999998,3.652799232966174,37.68,-122.12,N,0.4512510299682617,Y,1.0,Y
0,0.20579026496186265,0.8627450980392156,0.03504516577865474,0.019911438675740738,0.04030394285314097,0.0017804451702477003,0.5462274176408073,0.2221115537848597,1.0,3.4839000000000007,45.0,5.461152882205514,1.005012531328321,1158.9999999999998,2.904761904761905,37.68,-122.12,1.0,0.20579026496186265,0.8627450980392156,0.03504516577865474,0.019911438675740738,0.04030394285314097,0.0023805949371571706,0.5462274176408073,0.2221115537848597,N,3.4839000000000007,45.0,5.461152882205514,1.005012531328321,1158.9999999999998,3.6505326266525113,37.68,-122.12,N,0.42856502532958984,Y,1.0,Y
0,0.20579026496186265,0.8627450980392156,0.03504516577865474,0.019911438675740738,0.04030394285314097,0.0017804451702477003,0.5462274176408073,0.2221115537848597,1.0,3.4839000000000007,45.0,5.461152882205514,1.005012531328321,1158.9999999999998,2.904761904761905,37.68,-122.12,1.0,0.20579026496186265,0.8627450980392156,0.03504516577865474,0.019911438675740738,0.04030394285314097,0.002374515787413197,0.5462274176408073,0.2221115537848597,N,3.4839000000000007,45.0,5.461152882205514,1.005012531328321,1158.9999999999998,3.6429784257796345,37.68,-122.12,N,0.44300317764282227,Y,1.0,Y
0,0.20579026496186265,0.8627450980392156,0.03504516577865474,0.019911438675740738,0.04030394285314097,0.0017804451702477003,0.5462274176408073,0.2221115537848597,1.0,3.4839000000000007,45.0,5.461152882205514,1.005012531328321,1158.9999999999998,2.904761904761905,37.68,-122.12,1.0,0.20579026496186265,0.8627450980392156,0.03504516577865474,0.019911438675740738,0.04030394285314097,0.00240775225906681,0.5462274176408073,0.2221115537848597,N,3.4839000000000007,45.0,5.461152882205514,1.005012531328321,1158.9999999999998,3.6842794290039693,37.68,-122.12,N,0.4641001224517822,Y,1.0,Y
0,0.20579026496186265,0.8627450980392156,0.03504516577865474,0.019911438675740738,0.04030394285314097,0.0017804451702477003,0.5462274176408073,0.2221115537848597,1.0,3.4839000000000007,45.0,5.461152882205514,1.005012531328321,1158.9999999999998,2.904761904761905,37.68,-122.12,1.0,0.20579026496186265,0.8627450980392156,0.03504516577865474,0.019911438675740738,0.04008188468704664,0.0023696569095499036,0.5462274176408073,0.2221115537848597,N,3.4839000000000007,45.0,5.461152882205514,1.005012531328321,1152.6584628926778,3.6369405848081273,37.68,-122.12,N,0.4406771659851074,Y,1.0,Y
0,0.17180452683411263,0.6862745098039215,0.03248183821782412,0.019846116267708845,0.031444779046151686,0.0014908860159041754,0.6354941551540918,0.28585657370517836,0.0,2.9911,36.0,5.123595505617978,1.002808988764045,905.9999999999998,2.544943820224719,38.52,-121.48,0.0,0.15191248689669348,0.6862745098039215,0.06589866078749032,0.022705335443984256,0.013713525145222054,0.007934143694867474,0.6354941551540918,0.26815320266327874,Y,2.7026614424994344,36.0,9.524162617240842,1.0992599823104023,399.6308510972514,10.551600150881086,38.52,-121.65774184526069,Y,0.39493680000305176,Y,0.0,N
0,0.17180452683411263,0.6862745098039215,0.03248183821782412,0.019846116267708845,0.031444779046151686,0.0014908860159041754,0.6354941551540918,0.28585657370517836,0.0,2.9911,36.0,5.123595505617978,1.002808988764045,905.9999999999998,2.544943820224719,38.52,-121.48,0.0,0.17180452683411263,0.6862745098039215,0.02021303116704714,0.02368796899612705,-0.004325024577517891,-0.014945594980173988,0.6214265382526372,0.28585657370517836,Y,2.9911,36.0,3.507950909428736,1.1324074874693524,-115.51405188475594,-17.879701782671074,38.387623724957315,-121.48,Y,0.37811803817749023,Y,0.0,N
0,0.17180452683411263,0.6862745098039215,0.03248183821782412,0.019846116267708845,0.031444779046151686,0.0014908860159041754,0.6354941551540918,0.28585657370517836,0.0,2.9911,36.0,5.123595505617978,1.002808988764045,905.9999999999998,2.544943820224719,38.52,-121.48,0.0,0.17180452683411263,0.6862745098039215,0.014574484131971783,0.02478698275832557,-0.0007359142272939032,-0.0204819332442593,0.6354941551540918,0.28585657370517836,Y,2.9911,36.0,2.765426553973864,1.1694808850475158,-13.016238503059288,-24.759382841449707,38.52,-121.48,Y,0.4026041030883789,Y,0.0,N
0,0.17180452683411263,0.6862745098039215,0.03248183821782412,0.019846116267708845,0.031444779046151686,0.0014908860159041754,0.6354941551540918,0.28585657370517836,0.0,2.9911,36.0,5.123595505617978,1.002808988764045,905.9999999999998,2.544943820224719,38.52,-121.48,0.0,0.17180452683411263,0.6862745098039215,0.017502238830563795,0.02388664549644681,0.0007294366281883624,-0.004087973176717011,0.6354941551540918,0.28585657370517836,Y,2.9911,36.0,3.1509743124617833,1.1391095080801392,28.831251227803254,-4.387575488800936,38.52,-121.48,Y,0.3123457431793213,Y,0.0,N
0,0.17180452683411263,0.6862745098039215,0.03248183821782412,0.019846116267708845,0.031444779046151686,0.0014908860159041754,0.6354941551540918,0.28585657370517836,0.0,2.9911,36.0,5.123595505617978,1.002808988764045,905.9999999999998,2.544943820224719,38.52,-121.48,0.0,0.15224485329587217,0.663269173032426,0.03528959183796427,0.023031443870429748,0.01253208520831886,0.00989537304505464,0.6354941551540918,0.2625380462775882,Y,2.7074808217608055,34.82672782465373,5.493340660549152,1.1102607065624968,365.89128937917,12.988704202114949,38.52,-121.714118015373,Y,0.3617720603942871,Y,0.0,N
0,0.08005406821974871,0.3333333333333333,0.032492503602165185,0.0179100790513834,0.003361579942573009,0.0020582712584858555,0.513283740701381,0.36653386454183234,0.0,1.6607,18.0,5.125,0.9375,104.0,3.25,37.37,-120.67,0.0,0.08005406821974871,0.36377522720497746,-0.002175191406527187,0.033483441498709694,0.003361579942573009,-0.008000835637336522,0.513283740701381,0.36653386454183234,Y,1.6607,19.55253658745385,0.5597090249835301,1.4628414265564738,104.0,-9.249858910057432,37.37,-120.67,Y,0.4239540100097656,Y,0.0,N
0,0.08005406821974871,0.3333333333333333,0.032492503602165185,0.0179100790513834,0.003361579942573009,0.0020582712584858555,0.513283740701381,0.36653386454183234,0.0,1.6607,18.0,5.125,0.9375,104.0,3.25,37.37,-120.67,0.0,0.10567130284952933,0.3333333333333333,0.006629730297136691,0.030794213823844098,0.003361579942573009,-0.019881449455801684,0.513283740701381,0.36653386454183234,Y,2.032155025578745,18.0,1.7192043297444772,1.3721248129910075,104.0,-24.013197050679924,37.37,-120.67,Y,0.4007871150970459,Y,0.0,N
0,0.08005406821974871,0.3333333333333333,0.032492503602165185,0.0179100790513834,0.003361579942573009,0.0020582712584858555,0.513283740701381,0.36653386454183234,0.0,1.6607,18.0,5.125,0.9375,104.0,3.25,37.37,-120.67,0.0,0.1128306038078579,0.3333333333333333,0.014891839989691479,0.03620948027649097,0.009982307548377891,-0.004312920108036311,0.513283740701381,0.36653386454183234,Y,2.1359663213347004,18.0,2.807218251770705,1.5547998013269622,293.0747389665758,-4.667103774250353,37.37,-120.67,Y,0.375532865524292,Y,0.0,N
0,0.08005406821974871,0.3333333333333333,0.032492503602165185,0.0179100790513834,0.003361579942573009,0.0020582712584858555,0.513283740701381,0.36653386454183234,0.0,1.6607,18.0,5.125,0.9375,104.0,3.25,37.37,-120.67,0.0,0.09349777185947743,0.3333333333333333,0.01507065288487373,0.02616539097421962,0.010181350154492393,0.0007214641422350003,0.513283740701381,0.36653386454183234,Y,1.8556363915167944,18.0,2.8307656175931926,1.215979188863675,298.7589977119938,1.588828633977816,37.37,-120.67,Y,0.290618896484375,Y,0.0,N
0,0.08005406821974871,0.3333333333333333,0.032492503602165185,0.0179100790513834,0.003361579942573009,0.0020582712584858555,0.513283740701381,0.36653386454183234,0.0,1.6607,18.0,5.125,0.9375,104.0,3.25,37.37,-120.67,0.0,0.10531236529044422,0.3333333333333333,0.014852974824436312,0.03473191421656871,0.009202361410060117,-0.010419121203674903,0.513283740701381,0.36653386454183234,Y,2.026950359184499,18.0,2.8021002077779493,1.5049565729055845,270.80103714849685,-12.254919766505045,37.37,-120.67,Y,0.3282289505004883,Y,0.0,N
0,0.35666404601315843,0.27450980392156865,0.041309232468720085,0.020343650488805192,0.27046711954618674,0.0018810523906128305,0.15302869287991472,0.6374501992031867,1.0,5.6716,15.0,6.286050156739812,1.0195924764890285,7732.000000000001,3.029780564263323,33.98,-117.95,1.0,0.3306351446787141,0.27450980392156865,0.028944252628479696,0.00673991058644745,0.27046711954618674,0.004340305065363084,0.1626245495235961,0.6374501992031867,N,5.294175724870289,15.0,4.657740837162719,0.5606929837828272,7732.000000000001,6.0857488303254135,34.07029701101704,-117.95,N,0.27164483070373535,Y,1.0,Y
0,0.35666404601315843,0.27450980392156865,0.041309232468720085,0.020343650488805192,0.27046711954618674,0.0018810523906128305,0.15302869287991472,0.6374501992031867,1.0,5.6716,15.0,6.286050156739812,1.0195924764890285,7732.000000000001,3.029780564263323,33.98,-117.95,1.0,0.33073093429375366,0.27450980392156865,0.022867350629670567,0.00863655034445209,0.27046711954618674,0.0029415394987728984,0.15302869287991472,0.6374501992031867,N,5.295564693446287,15.0,3.8574907529195412,0.6246729649528505,7732.000000000001,4.347585352026435,33.98,-117.95,N,0.2883729934692383,Y,1.0,Y
0,0.35666404601315843,0.27450980392156865,0.041309232468720085,0.020343650488805192,0.27046711954618674,0.0018810523906128305,0.15302869287991472,0.6374501992031867,1.0,5.6716,15.0,6.286050156739812,1.0195924764890285,7732.000000000001,3.029780564263323,33.98,-117.95,1.0,0.33201733251102983,0.27450980392156865,0.024309931212050686,0.011572395496727521,0.27046711954618674,0.003076057216630683,0.15302869287991472,0.6374501992031867,N,5.314217724876435,15.0,4.047460120996152,0.7237088080896082,7732.000000000001,4.5147425869121225,33.98,-117.95,N,0.2715568542480469,Y,1.0,Y
0,0.35666404601315843,0.27450980392156865,0.041309232468720085,0.020343650488805192,0.27046711954618674,0.0018810523906128305,0.15302869287991472,0.6374501992031867,1.0,5.6716,15.0,6.286050156739812,1.0195924764890285,7732.000000000001,3.029780564263323,33.98,-117.95,1.0,0.33868555018538654,0.27450980392156865,0.022752130949014668,0.006576219382758146,0.27046711954618674,0.005224067445356736,0.16981840433693435,0.6412589747660403,N,5.410908214798141,15.0,3.842317798152552,0.5551711338450415,7732.000000000001,7.183948220623679,34.13799118481055,-117.91175989334894,N,0.2822408676147461,Y,1.0,Y
0,0.35666404601315843,0.27450980392156865,0.041309232468720085,0.020343650488805192,0.27046711954618674,0.0018810523906128305,0.15302869287991472,0.6374501992031867,1.0,5.6716,15.0,6.286050156739812,1.0195924764890285,7732.000000000001,3.029780564263323,33.98,-117.95,1.0,0.3308970838224025,0.27450980392156865,0.024620512205682447,0.0027818636814227783,0.27046711954618674,0.014398221937015825,0.15302869287991472,0.6374501992031867,N,5.297973894841601,15.0,4.088359656049844,0.42717486818666167,7732.000000000001,18.58412896752815,33.98,-117.95,N,0.28128504753112793,Y,1.0,Y
0,0.23785878815464617,0.39215686274509803,0.02967365870774388,0.022512314285904715,0.04996848518803837,0.0013902575978148382,0.1594048884165784,0.5876494023904382,1.0,3.9489,21.0,4.753794266441822,1.092748735244519,1434.9999999999998,2.419898819561551,34.04,-118.45,1.0,0.23785878815464617,0.39215686274509803,0.02967365870774388,0.022512314285904715,0.04996848518803837,0.0026767861893638475,0.1594048884165784,0.5876494023904382,N,3.9489,21.0,4.753794266441822,1.092748735244519,1434.9999999999998,4.0185920280805165,34.04,-118.45,N,0.1455368995666504,Y,1.0,Y
0,0.23785878815464617,0.39215686274509803,0.02967365870774388,0.022512314285904715,0.04996848518803837,0.0013902575978148382,0.1594048884165784,0.5876494023904382,1.0,3.9489,21.0,4.753794266441822,1.092748735244519,1434.9999999999998,2.419898819561551,34.04,-118.45,1.0,0.23785878815464617,0.39215686274509803,0.0294316119662364,0.022512314285904715,0.04996848518803837,0.0025759232185842045,0.1594048884165784,0.5876494023904382,N,3.9489,21.0,4.721919813748639,1.092748735244519,1434.9999999999998,3.8932555626217,34.04,-118.45,N,0.14784598350524902,Y,1.0,Y
0,0.23785878815464617,0.39215686274509803,0.02967365870774388,0.022512314285904715,0.04996848518803837,0.0013902575978148382,0.1594048884165784,0.5876494023904382,1.0,3.9489,21.0,4.753794266441822,1.092748735244519,1434.9999999999998,2.419898819561551,34.04,-118.45,1.0,0.23785878815464617,0.39215686274509803,0.02967365870774388,0.022512314285904715,0.04996848518803837,0.0027110919115888262,0.1594048884165784,0.5876494023904382,N,3.9489,21.0,4.753794266441822,1.092748735244519,1434.9999999999998,4.06122172593152,34.04,-118.45,N,0.14824223518371582,Y,1.0,Y
0,0.23785878815464617,0.39215686274509803,0.02967365870774388,0.022512314285904715,0.04996848518803837,0.0013902575978148382,0.1594048884165784,0.5876494023904382,1.0,3.9489,21.0,4.753794266441822,1.092748735244519,1434.9999999999998,2.419898819561551,34.04,-118.45,1.0,0.23785878815464617,0.39215686274509803,0.02967365870774388,0.022512314285904715,0.04996848518803837,0.002698937313549895,0.1594048884165784,0.5876494023904382,N,3.9489,21.0,4.753794266441822,1.092748735244519,1434.9999999999998,4.0461179237581675,34.04,-118.45,N,0.14889097213745117,Y,1.0,Y
0,0.23785878815464617,0.39215686274509803,0.02967365870774388,0.022512314285904715,0.04996848518803837,0.0013902575978148382,0.1594048884165784,0.5876494023904382,1.0,3.9489,21.0,4.753794266441822,1.092748735244519,1434.9999999999998,2.419898819561551,34.04,-118.45,1.0,0.23785878815464617,0.39215686274509803,0.02967365870774388,0.022512314285904715,0.04996848518803837,0.002649134106531112,0.1594048884165784,0.5876494023904382,N,3.9489,21.0,4.753794266441822,1.092748735244519,1434.9999999999998,3.984230415508135,34.04,-118.45,N,0.13617992401123047,Y,1.0,Y
0,0.2884649866898388,0.35294117647058826,0.03232761575880768,0.021711295440627956,0.03466629315778416,0.0013281513150877697,0.5015940488841655,0.2370517928286855,1.0,4.6827,19.0,5.103286384976526,1.0657276995305163,998.0,2.342723004694835,37.26,-121.96999999999998,1.0,0.2884649866898388,0.35294117647058826,0.027411216490132752,0.021711295440627956,0.03466629315778416,0.003766833051702633,0.5015940488841655,0.2370517928286855,N,4.6827,19.0,4.455859632051892,1.0657276995305163,998.0,5.373128979093966,37.26,-121.96999999999998,N,0.4435708522796631,Y,1.0,Y
0,0.2884649866898388,0.35294117647058826,0.03232761575880768,0.021711295440627956,0.03466629315778416,0.0013281513150877697,0.5015940488841655,0.2370517928286855,1.0,4.6827,19.0,5.103286384976526,1.0657276995305163,998.0,2.342723004694835,37.26,-121.96999999999998,1.0,0.2884649866898388,0.35294117647058826,0.028502120832992625,0.021302565040037247,0.03466629315778416,0.003869995853335572,0.5015940488841655,0.2370517928286855,N,4.6827,19.0,4.599517748053424,1.0519398606839232,998.0,5.501323308723124,37.26,-121.96999999999998,N,0.34054088592529297,Y,1.0,Y
0,0.2884649866898388,0.35294117647058826,0.03232761575880768,0.021711295440627956,0.03466629315778416,0.0013281513150877697,0.5015940488841655,0.2370517928286855,1.0,4.6827,19.0,5.103286384976526,1.0657276995305163,998.0,2.342723004694835,37.26,-121.96999999999998,1.0,0.2884649866898388,0.35294117647058826,0.02799025814122093,0.020590224188607103,0.03466629315778416,0.003880112201769429,0.5015940488841655,0.2370517928286855,N,4.6827,19.0,4.532111993889294,1.0279102292956797,998.0,5.513894298316714,37.26,-121.96999999999998,N,0.35990095138549805,Y,1.0,Y
0,0.2884649866898388,0.35294117647058826,0.03232761575880768,0.021711295440627956,0.03466629315778416,0.0013281513150877697,0.5015940488841655,0.2370517928286855,1.0,4.6827,19.0,5.103286384976526,1.0657276995305163,998.0,2.342723004694835,37.26,-121.96999999999998,1.0,0.2884649866898388,0.35294117647058826,0.028706654643716696,0.02051939044170456,0.03466629315778416,0.004907531268199528,0.5015940488841655,0.2370517928286855,N,4.6827,19.0,4.626452228697442,1.0255207709001672,998.0,6.790607380788558,37.26,-121.96999999999998,N,0.39881014823913574,Y,1.0,Y
0,0.2884649866898388,0.35294117647058826,0.03232761575880768,0.021711295440627956,0.03466629315778416,0.0013281513150877697,0.5015940488841655,0.2370517928286855,1.0,4.6827,19.0,5.103286384976526,1.0657276995305163,998.0,2.342723004694835,37.26,-121.96999999999998,1.0,0.2884649866898388,0.35294117647058826,0.027202448726047,0.021711295440627956,0.03466629315778416,0.004425518780017233,0.5015940488841655,0.2370517928286855,N,4.6827,19.0,4.428367594031595,1.0657276995305163,998.0,6.191638888101927,37.26,-121.96999999999998,N,0.44064807891845703,Y,1.0,Y
0,0.21032813340505652,0.47058823529411764,0.030039312579443627,0.021883929763275724,0.1566986483647314,0.0015079219228860486,0.18278427205100956,0.5836653386454191,1.0,3.5497000000000005,25.0,4.801946193474528,1.0715512306811676,4483.0,2.566113337149399,34.26,-118.48999999999998,1.0,0.21032813340505652,0.47058823529411764,0.030039312579443627,0.021883929763275724,0.1566986483647314,0.002887893680807571,0.18278427205100956,0.5836653386454191,N,3.5497000000000005,25.0,4.801946193474528,1.0715512306811676,4483.0,4.2809228577686484,34.26,-118.48999999999998,N,0.1496870517730713,Y,1.0,Y
0,0.21032813340505652,0.47058823529411764,0.030039312579443627,0.021883929763275724,0.1566986483647314,0.0015079219228860486,0.18278427205100956,0.5836653386454191,1.0,3.5497000000000005,25.0,4.801946193474528,1.0715512306811676,4483.0,2.566113337149399,34.26,-118.48999999999998,1.0,0.21032813340505652,0.47058823529411764,0.030039312579443627,0.021883929763275724,0.1566986483647314,0.0028417983176728077,0.18278427205100956,0.5836653386454191,N,3.5497000000000005,25.0,4.801946193474528,1.0715512306811676,4483.0,4.223642868445571,34.26,-118.48999999999998,N,0.15045595169067383,Y,1.0,Y
0,0.21032813340505652,0.47058823529411764,0.030039312579443627,0.021883929763275724,0.1566986483647314,0.0015079219228860486,0.18278427205100956,0.5836653386454191,1.0,3.5497000000000005,25.0,4.801946193474528,1.0715512306811676,4483.0,2.566113337149399,34.26,-118.48999999999998,1.0,0.21032813340505652,0.47058823529411764,0.030039312579443627,0.021883929763275724,0.1566986483647314,0.00294670377391326,0.18278427205100956,0.5836653386454191,N,3.5497000000000005,25.0,4.801946193474528,1.0715512306811676,4483.0,4.354002692183546,34.26,-118.48999999999998,N,0.15172982215881348,Y,1.0,Y
0,0.21032813340505652,0.47058823529411764,0.030039312579443627,0.021883929763275724,0.1566986483647314,0.0015079219228860486,0.18278427205100956,0.5836653386454191,1.0,3.5497000000000005,25.0,4.801946193474528,1.0715512306811676,4483.0,2.566113337149399,34.26,-118.48999999999998,1.0,0.21032813340505652,0.47058823529411764,0.030039312579443627,0.021883929763275724,0.1566986483647314,0.002862776221927342,0.18278427205100956,0.5836653386454191,N,3.5497000000000005,25.0,4.801946193474528,1.0715512306811676,4483.0,4.249710872904225,34.26,-118.48999999999998,N,0.15088295936584473,Y,1.0,Y
0,0.21032813340505652,0.47058823529411764,0.030039312579443627,0.021883929763275724,0.1566986483647314,0.0015079219228860486,0.18278427205100956,0.5836653386454191,1.0,3.5497000000000005,25.0,4.801946193474528,1.0715512306811676,4483.0,2.566113337149399,34.26,-118.48999999999998,1.0,0.21032813340505652,0.47058823529411764,0.030039312579443627,0.021883929763275724,0.1566986483647314,0.0028400624248569994,0.18278427205100956,0.5836653386454191,N,3.5497000000000005,25.0,4.801946193474528,1.0715512306811676,4483.0,4.221485776816532,34.26,-118.48999999999998,N,0.15123271942138672,Y,1.0,Y
0,0.1796044192493897,0.25490196078431376,0.03486811707536813,0.020083324431150514,0.015897471811751523,0.0014525430657325094,0.7056323060573853,0.3177290836653377,0.0,3.1042,14.000000000000002,5.437837837837838,1.0108108108108107,462.0,2.497297297297297,39.17999999999999,-121.16,0.0,0.24068319456575343,0.25490196078431376,0.05722036116185954,0.021342902997060723,0.03277450129633909,0.0014525430657325094,0.7056323060573853,0.3177290836653377,Y,3.9898544578423376,14.000000000000002,8.381341816796878,1.0533005944341818,943.9742080208516,2.497297297297297,39.17999999999999,-121.16,Y,0.5228259563446045,Y,0.0,N
0,0.1796044192493897,0.25490196078431376,0.03486811707536813,0.020083324431150514,0.015897471811751523,0.0014525430657325094,0.7056323060573853,0.3177290836653377,0.0,3.1042,14.000000000000002,5.437837837837838,1.0108108108108107,462.0,2.497297297297297,39.17999999999999,-121.16,0.0,0.23118363931569907,0.25490196078431376,0.04659389952427134,0.010694769839661136,0.05052163377254254,0.0014525430657325094,0.6838485321665099,0.3177290836653377,Y,3.8521090068054997,14.000000000000002,6.981973055814175,0.6941035692579023,1450.7968172762698,2.497297297297297,38.97501468768686,-121.16,Y,0.5644378662109375,Y,0.0,N
0,0.1796044192493897,0.25490196078431376,0.03486811707536813,0.020083324431150514,0.015897471811751523,0.0014525430657325094,0.7056323060573853,0.3177290836653377,0.0,3.1042,14.000000000000002,5.437837837837838,1.0108108108108107,462.0,2.497297297297297,39.17999999999999,-121.16,0.0,0.23689405791889692,0.25490196078431376,0.04543756597522977,0.020083324431150514,0.04135665777689222,-0.0014922899095119705,0.6902415419695148,0.3177290836653377,Y,3.9349112186355883,14.000000000000002,6.829698752194489,1.0108108108108107,1189.0634327924881,-1.162072971402016,39.03517290993314,-121.16,Y,0.5236570835113525,Y,0.0,N
0,0.1796044192493897,0.25490196078431376,0.03486811707536813,0.020083324431150514,0.015897471811751523,0.0014525430657325094,0.7056323060573853,0.3177290836653377,0.0,3.1042,14.000000000000002,5.437837837837838,1.0108108108108107,462.0,2.497297297297297,39.17999999999999,-121.16,0.0,0.256710203350173,0.25490196078431376,0.04708525643962571,0.020083324431150514,0.02375078309274216,-0.0010679697398394386,0.7056323060573853,0.3177290836653377,Y,4.222249290618179,14.000000000000002,7.046678462118711,1.0108108108108107,686.2748635625306,-0.6347953205599669,39.17999999999999,-121.16,Y,0.08561897277832031,Y,0.0,N
0,0.1796044192493897,0.25490196078431376,0.03486811707536813,0.020083324431150514,0.015897471811751523,0.0014525430657325094,0.7056323060573853,0.3177290836653377,0.0,3.1042,14.000000000000002,5.437837837837838,1.0108108108108107,462.0,2.497297297297297,39.17999999999999,-121.16,0.0,0.20277171206574926,0.20868880202337914,0.07185843915286999,0.022538435918378896,0.048152173243593346,0.0014525430657325094,0.6896589748257523,0.3177290836653377,Y,3.440130379295777,11.643128903192336,10.308989020546404,1.0936299049799814,1383.1297634905388,2.497297297297297,39.029690953110325,-121.16,Y,0.5634622573852539,Y,0.0,N
0,0.1706528185818127,0.8235294117647058,0.0396690844807884,0.020990156340474814,0.03459626024231388,0.0019954812200942322,0.6078639744952179,0.27788844621513853,0.0,2.9744,43.0,6.070063694267516,1.0414012738853504,995.9999999999998,3.171974522292994,38.26,-121.56,0.0,0.19107815249499235,0.8235294117647058,0.02287520459878978,0.03257983186060261,0.011989252928415167,-0.004275535969020325,0.5936498912356966,0.27788844621513853,Y,3.2705714268078876,43.0,3.85852501996063,1.4323596614309946,350.3890851296803,-4.620648709400821,38.126245476527906,-121.56,Y,0.31743693351745605,Y,0.0,N
0,0.1706528185818127,0.8235294117647058,0.0396690844807884,0.020990156340474814,0.03459626024231388,0.0019954812200942322,0.6078639744952179,0.27788844621513853,0.0,2.9744,43.0,6.070063694267516,1.0414012738853504,995.9999999999998,3.171974522292994,38.26,-121.56,0.0,0.19325274328860578,0.8235294117647058,0.02209027281734552,0.02401744473335798,0.013410773974704544,-0.005946741520804286,0.6078639744952179,0.27788844621513853,Y,3.302103428233441,43.0,3.7551595675723877,1.1435218023386093,390.9848831696124,-6.697357290326617,38.26,-121.56,Y,0.31557703018188477,Y,0.0,N
0,0.1706528185818127,0.8235294117647058,0.0396690844807884,0.020990156340474814,0.03459626024231388,0.0019954812200942322,0.6078639744952179,0.27788844621513853,0.0,2.9744,43.0,6.070063694267516,1.0414012738853504,995.9999999999998,3.171974522292994,38.26,-121.56,0.0,0.1706528185818127,0.8235294117647058,0.017985865475324166,0.025059125345460447,0.010414503978135613,-0.0030167693855733865,0.6078639744952179,0.27380071222684077,Y,2.9744,43.0,3.2146617412351244,1.1786611616535323,305.41740460759684,-3.0564537111036674,38.26,-121.60104084924251,Y,0.32018184661865234,Y,0.0,N
0,0.1706528185818127,0.8235294117647058,0.0396690844807884,0.020990156340474814,0.03459626024231388,0.0019954812200942322,0.6078639744952179,0.27788844621513853,0.0,2.9744,43.0,6.070063694267516,1.0414012738853504,995.9999999999998,3.171974522292994,38.26,-121.56,0.0,0.18622803471673677,0.8235294117647058,0.0480920867486225,0.020990156340474814,0.05134162601044371,-0.002635445630865085,0.6078639744952179,0.2538746607383996,Y,3.2002437489996263,43.0,7.179265105732704,1.0414012738853504,1474.2141556062516,-2.5826051694516567,38.26,-121.80109840618647,Y,0.2828090190887451,Y,0.0,N
0,0.1706528185818127,0.8235294117647058,0.0396690844807884,0.020990156340474814,0.03459626024231388,0.0019954812200942322,0.6078639744952179,0.27788844621513853,0.0,2.9744,43.0,6.070063694267516,1.0414012738853504,995.9999999999998,3.171974522292994,38.26,-121.56,0.0,0.1706528185818127,0.8367721081856091,0.04726502501755804,0.013611109258010847,0.057113560747048694,-0.004070488711535764,0.6266370382581506,0.2564709830726498,Y,2.9744,43.67537751746607,7.070351679107041,0.7924814189702325,1639.0490678142166,-4.365848575055327,38.4366545300092,-121.7750313299506,Y,0.3537170886993408,Y,0.0,N
0,0.09626763768775605,0.6666666666666666,0.033370826768211875,0.022345956406934216,0.03298550318649765,0.002615076240307552,0.02869287991498437,0.893426294820717,0.0,1.8958000000000002,35.0,5.240663900414938,1.0871369294605808,949.9999999999998,3.941908713692946,32.81,-115.38,0.0,0.1348761487223729,0.6666666666666666,0.04322345390005649,0.03784515926591321,0.04514706963149688,-0.0050835998755714255,0.02869287991498437,0.893426294820717,Y,2.4556311317041515,35.0,6.538128577946414,1.6099767059034724,1297.3100145362878,-5.624782071020974,32.81,-115.38,Y,0.3830599784851074,Y,0.0,N
0,0.09626763768775605,0.6666666666666666,0.033370826768211875,0.022345956406934216,0.03298550318649765,0.002615076240307552,0.02869287991498437,0.893426294820717,0.0,1.8958000000000002,35.0,5.240663900414938,1.0871369294605808,949.9999999999998,3.941908713692946,32.81,-115.38,0.0,0.1340699467321763,0.6666666666666666,0.0448728547641123,0.036537373837525595,0.03298550318649765,-0.016052576810333827,0.016979048573382997,0.893426294820717,Y,2.443941041605902,35.0,6.75533352557764,1.5658607441191967,949.9999999999998,-19.255282819466878,32.699772847075536,-115.38,Y,0.34163713455200195,Y,0.0,N
0,0.09626763768775605,0.6666666666666666,0.033370826768211875,0.022345956406934216,0.03298550318649765,0.002615076240307552,0.02869287991498437,0.893426294820717,0.0,1.8958000000000002,35.0,5.240663900414938,1.0871369294605808,949.9999999999998,3.941908713692946,32.81,-115.38,0.0,0.1274613654776275,0.6666666666666666,0.04348163393877163,0.03564020573080814,0.042217419035574084,-0.00769005588294114,0.02869287991498437,0.893426294820717,Y,2.348115291698694,35.0,6.572127579044702,1.5355962733192612,1213.6450528179248,-8.863671237307088,32.81,-115.38,Y,0.30639076232910156,Y,0.0,N
0,0.09626763768775605,0.6666666666666666,0.033370826768211875,0.022345956406934216,0.03298550318649765,0.002615076240307552,0.02869287991498437,0.893426294820717,0.0,1.8958000000000002,35.0,5.240663900414938,1.0871369294605808,949.9999999999998,3.941908713692946,32.81,-115.38,0.0,0.13790740025541964,0.6666666666666666,0.04542354440494368,0.032499656481413446,0.04242720362968862,-0.0032036393001330927,0.01757005257578711,0.893426294820717,Y,2.4995848851836358,35.0,6.827852291151533,1.4296550786396802,1219.6360812566475,-3.2886659333935917,32.70533419473815,-115.38,Y,0.3540778160095215,Y,0.0,N
0,0.09626763768775605,0.6666666666666666,0.033370826768211875,0.022345956406934216,0.03298550318649765,0.002615076240307552,0.02869287991498437,0.893426294820717,0.0,1.8958000000000002,35.0,5.240663900414938,1.0871369294605808,949.9999999999998,3.941908713692946,32.81,-115.38,0.0,0.12942459996077404,0.6666666666666666,0.044408585022240175,0.03109721637312619,0.04204136807326332,-0.002094996423885103,0.02869287991498437,0.893426294820717,Y,2.376582584351216,35.0,6.69419515274926,1.3823460989867902,1208.617389436254,-1.9110208125831727,32.81,-115.38,Y,0.28140997886657715,Y,0.0,N
0,0.2838236713976359,0.6666666666666666,0.04068759507483552,0.021470107402272204,0.021254989845227255,0.0020340448637180225,0.02550478214665297,0.8754980079681278,0.0,4.6154,35.0,6.204188481675392,1.0575916230366489,615.0,3.2198952879581157,32.78,-115.55999999999999,0.0,0.28397888037013147,0.6666666666666666,0.04060499144846788,0.021711004832159764,0.021254989845227255,0.0018598685454604574,0.02550478214665297,0.8754980079681278,Y,4.61765056114298,35.0,6.193310643103625,1.0657178963381893,615.0,3.003456649196157,32.78,-115.55999999999999,Y,0.25330495834350586,Y,0.0,N
0,0.2838236713976359,0.6666666666666666,0.04068759507483552,0.021470107402272204,0.021254989845227255,0.0020340448637180225,0.02550478214665297,0.8754980079681278,0.0,4.6154,35.0,6.204188481675392,1.0575916230366489,615.0,3.2198952879581157,32.78,-115.55999999999999,0.0,0.2839968722524579,0.6666666666666666,0.040585446214376944,0.021712680101558874,0.021254989845227255,0.001863334802638752,0.02550478214665297,0.8754980079681278,Y,4.61791144703509,35.0,6.190736786353773,1.0657744087592524,615.0,3.007763962571329,32.78,-115.55999999999999,Y,0.3261220455169678,Y,0.0,N
0,0.2838236713976359,0.6666666666666666,0.04068759507483552,0.021470107402272204,0.021254989845227255,0.0020340448637180225,0.02550478214665297,0.8754980079681278,0.0,4.6154,35.0,6.204188481675392,1.0575916230366489,615.0,3.2198952879581157,32.78,-115.55999999999999,0.0,0.2838236713976359,0.6666666666666666,0.04068759507483552,0.021470107402272204,0.021254989845227255,0.0014193144109701755,0.02550478214665297,0.8754980079681278,Y,4.6154,35.0,6.204188481675392,1.0575916230366489,615.0,2.4560060076627592,32.78,-115.55999999999999,Y,0.38161206245422363,Y,0.0,N
0,0.2838236713976359,0.6666666666666666,0.04068759507483552,0.021470107402272204,0.021254989845227255,0.0020340448637180225,0.02550478214665297,0.8754980079681278,0.0,4.6154,35.0,6.204188481675392,1.0575916230366489,615.0,3.2198952879581157,32.78,-115.55999999999999,0.0,0.2839936018330377,0.6666666666666666,0.04059595544050394,0.021676817301701345,0.021254989845227255,0.0018642482031988802,0.02550478214665297,0.8754980079681278,Y,4.617864025299412,35.0,6.19212071670103,1.064564636977392,615.0,3.0088989915801876,32.78,-115.55999999999999,Y,0.35173511505126953,Y,0.0,N
0,0.2838236713976359,0.6666666666666666,0.04068759507483552,0.021470107402272204,0.021254989845227255,0.0020340448637180225,0.02550478214665297,0.8754980079681278,0.0,4.6154,35.0,6.204188481675392,1.0575916230366489,615.0,3.2198952879581157,32.78,-115.55999999999999,0.0,0.2838236713976359,0.6666666666666666,0.04068759507483552,0.021253248758321054,0.021254989845227255,0.0014438143201582928,0.02550478214665297,0.8754980079681278,Y,4.6154,35.0,6.204188481675392,1.0502762581140301,615.0,2.4864505999443933,32.78,-115.55999999999999,Y,0.4006071090698242,Y,0.0,N
0,0.10646749700004139,0.6862745098039215,0.023679040839197883,0.020271256791848737,0.07164367252608726,0.0016235218369948148,0.1594048884165784,0.5946215139442224,1.0,2.0437,36.0,3.9643799472295513,1.017150395778364,2054.0,2.709762532981531,34.04,-118.38000000000001,1.0,0.10646749700004139,0.6862745098039215,0.023679040839197883,0.020271256791848737,0.07164367252608726,0.0015402904064749552,0.1594048884165784,0.5946215139442224,Y,2.0437,36.0,3.9643799472295513,1.017150395778364,2054.0,2.606335742794763,34.04,-118.38000000000001,Y,0.5711948871612549,Y,1.0,N
0,0.10646749700004139,0.6862745098039215,0.023679040839197883,0.020271256791848737,0.07164367252608726,0.0016235218369948148,0.1594048884165784,0.5946215139442224,1.0,2.0437,36.0,3.9643799472295513,1.017150395778364,2054.0,2.709762532981531,34.04,-118.38000000000001,1.0,0.10646749700004139,0.6862745098039215,0.023679040839197883,0.020271256791848737,0.07164367252608726,0.0015401129771799088,0.1594048884165784,0.5946215139442224,Y,2.0437,36.0,3.9643799472295513,1.017150395778364,2054.0,2.606115261873587,34.04,-118.38000000000001,Y,0.11498284339904785,Y,1.0,N
0,0.10646749700004139,0.6862745098039215,0.023679040839197883,0.020271256791848737,0.07164367252608726,0.0016235218369948148,0.1594048884165784,0.5946215139442224,1.0,2.0437,36.0,3.9643799472295513,1.017150395778364,2054.0,2.709762532981531,34.04,-118.38000000000001,1.0,0.10646749700004139,0.6862745098039215,0.023679040839197883,0.020271256791848737,0.07164367252608726,0.0015404388004878293,0.1594048884165784,0.5946215139442224,Y,2.0437,36.0,3.9643799472295513,1.017150395778364,2054.0,2.6065201432831198,34.04,-118.38000000000001,Y,0.5898070335388184,Y,1.0,N
0,0.10646749700004139,0.6862745098039215,0.023679040839197883,0.020271256791848737,0.07164367252608726,0.0016235218369948148,0.1594048884165784,0.5946215139442224,1.0,2.0437,36.0,3.9643799472295513,1.017150395778364,2054.0,2.709762532981531,34.04,-118.38000000000001,1.0,0.10646749700004139,0.6862745098039215,0.023679040839197883,0.020271256791848737,0.07164367252608726,0.0015402452465431203,0.1594048884165784,0.5946215139442224,Y,2.0437,36.0,3.9643799472295513,1.017150395778364,2054.0,2.6062796252107496,34.04,-118.38000000000001,Y,0.1155250072479248,Y,1.0,N
0,0.10646749700004139,0.6862745098039215,0.023679040839197883,0.020271256791848737,0.07164367252608726,0.0016235218369948148,0.1594048884165784,0.5946215139442224,1.0,2.0437,36.0,3.9643799472295513,1.017150395778364,2054.0,2.709762532981531,34.04,-118.38000000000001,1.0,0.10646749700004139,0.6862745098039215,0.023679040839197883,0.020271256791848737,0.07164367252608726,0.0015403387802415255,0.1594048884165784,0.5946215139442224,Y,2.0437,36.0,3.9643799472295513,1.017150395778364,2054.0,2.6063958540216676,34.04,-118.38000000000001,Y,0.1251850128173828,Y,1.0,N
0,0.27767892856650256,0.6274509803921569,0.04333168292045195,0.02060982495765104,0.048182645843546465,0.002978610093316158,0.13283740701381497,0.6334661354581677,0.0,4.5263,33.0,6.552380952380952,1.0285714285714285,1384.0,4.393650793650794,33.79,-117.99,0.0,0.275079229043201,0.6274509803921569,0.04024701750558533,0.02366087552523464,0.047077042035186506,0.0038658702072634473,0.13073843813854208,0.6334661354581677,N,4.4886038369722225,33.0,6.146170064235517,1.1314935343845818,1352.4261664408562,5.496196611656627,33.77024870288368,-117.99,N,0.40131711959838867,Y,0.0,Y
0,0.27767892856650256,0.6274509803921569,0.04333168292045195,0.02060982495765104,0.048182645843546465,0.002978610093316158,0.13283740701381497,0.6334661354581677,0.0,4.5263,33.0,6.552380952380952,1.0285714285714285,1384.0,4.393650793650794,33.79,-117.99,0.0,0.274555360988488,0.6274509803921569,0.040359694571343294,0.02411860886820074,0.048182645843546465,0.003396070005161147,0.13283740701381497,0.6334661354581677,N,4.481007645405273,33.0,6.161008189218075,1.1469344058206383,1384.0,4.912403606669863,33.79,-117.99,N,0.41001009941101074,Y,0.0,Y
0,0.27767892856650256,0.6274509803921569,0.04333168292045195,0.02060982495765104,0.048182645843546465,0.002978610093316158,0.13283740701381497,0.6334661354581677,0.0,4.5263,33.0,6.552380952380952,1.0285714285714285,1384.0,4.393650793650794,33.79,-117.99,0.0,0.27767892856650256,0.6274509803921569,0.040487100485011376,0.02387811520703682,0.047313638717358636,0.003920227607484492,0.13667326808279365,0.6334661354581677,N,4.5263,33.0,6.177785914639012,1.138821752984042,1359.182894490328,5.563743347218485,33.82609545265909,-117.99,N,0.41108012199401855,Y,0.0,Y
0,0.27767892856650256,0.6274509803921569,0.04333168292045195,0.02060982495765104,0.048182645843546465,0.002978610093316158,0.13283740701381497,0.6334661354581677,0.0,4.5263,33.0,6.552380952380952,1.0285714285714285,1384.0,4.393650793650794,33.79,-117.99,0.0,0.27767892856650256,0.6274509803921569,0.03992347371189281,0.024265372892261022,0.046821444551278256,0.0033268884357636934,0.13283740701381497,0.6334661354581677,N,4.5263,33.0,6.103563494603567,1.1518852455656052,1345.1268134954046,4.826435750318355,33.79,-117.99,N,0.3617532253265381,Y,0.0,Y
0,0.27767892856650256,0.6274509803921569,0.04333168292045195,0.02060982495765104,0.048182645843546465,0.002978610093316158,0.13283740701381497,0.6334661354581677,0.0,4.5263,33.0,6.552380952380952,1.0285714285714285,1384.0,4.393650793650794,33.79,-117.99,0.0,0.27767892856650256,0.6274509803921569,0.04044568766690946,0.0245987217111599,0.04610133082670455,0.0032475071919349898,0.13283740701381497,0.6334661354581677,N,4.5263,33.0,6.172332377428555,1.163130212389794,1324.5618057490285,4.727793360070395,33.79,-117.99,N,0.42589712142944336,Y,0.0,Y
0,0.3310230203721328,0.5686274509803921,0.044043988729786154,0.020535694570185708,0.0536452132502276,0.001750687646637526,0.12752391073326308,0.6523904382470125,1.0,5.2998,30.0,6.646182495344506,1.0260707635009312,1539.9999999999998,2.8677839851024207,33.74,-117.8,1.0,0.3310230203721328,0.5686274509803921,0.03760988138608848,0.02519283241906379,0.05840828545858111,0.006416798753812576,0.12752391073326308,0.6564739901139631,N,5.2998,30.0,5.798893046735211,1.1831715469364186,1676.0238161261593,8.666085077077406,33.74,-117.75900113925582,N,0.13970565795898438,Y,1.0,Y
0,0.3310230203721328,0.5686274509803921,0.044043988729786154,0.020535694570185708,0.0536452132502276,0.001750687646637526,0.12752391073326308,0.6523904382470125,1.0,5.2998,30.0,6.646182495344506,1.0260707635009312,1539.9999999999998,2.8677839851024207,33.74,-117.8,1.0,0.3310230203721328,0.5686274509803921,0.03539304733497145,0.02045678011159561,0.0536452132502276,0.0038495745568413653,0.12752391073326308,0.6621728954970161,N,5.2998,30.0,5.506964423152472,1.0234087157644918,1539.9999999999998,5.475946967902643,33.74,-117.70178412920997,N,0.14216184616088867,Y,1.0,Y
0,0.3310230203721328,0.5686274509803921,0.044043988729786154,0.020535694570185708,0.0536452132502276,0.001750687646637526,0.12752391073326308,0.6523904382470125,1.0,5.2998,30.0,6.646182495344506,1.0260707635009312,1539.9999999999998,2.8677839851024207,33.74,-117.8,1.0,0.3310230203721328,0.5686274509803921,0.03668948385153688,0.02609239640772698,0.0536452132502276,0.008787926883686563,0.12752391073326308,0.6570061616351619,N,5.2998,30.0,5.677688491403157,1.2135168388206568,1539.9999999999998,11.612546168310304,33.74,-117.75365813718298,N,0.1458449363708496,Y,1.0,Y
0,0.3310230203721328,0.5686274509803921,0.044043988729786154,0.020535694570185708,0.0536452132502276,0.001750687646637526,0.12752391073326308,0.6523904382470125,1.0,5.2998,30.0,6.646182495344506,1.0260707635009312,1539.9999999999998,2.8677839851024207,33.74,-117.8,1.0,0.3310230203721328,0.5686274509803921,0.036891772739653966,0.02535099933096367,0.0536452132502276,0.008638862680383302,0.12752391073326308,0.6582319783801452,N,5.2998,30.0,5.704327344520894,1.1885070440978411,1539.9999999999998,11.427312873831179,33.74,-117.74135093706333,N,0.144730806350708,Y,1.0,Y
0,0.3310230203721328,0.5686274509803921,0.044043988729786154,0.020535694570185708,0.0536452132502276,0.001750687646637526,0.12752391073326308,0.6523904382470125,1.0,5.2998,30.0,6.646182495344506,1.0260707635009312,1539.9999999999998,2.8677839851024207,33.74,-117.8,1.0,0.3310230203721328,0.5686274509803921,0.03738992634053205,0.026220365143572174,0.0536452132502276,0.005899197654062091,0.12752391073326308,0.6599314536261154,N,5.2998,30.0,5.769927787171911,1.2178336508431682,1539.9999999999998,8.022892715610542,33.74,-117.72428820559381,N,0.14245820045471191,Y,1.0,Y
0,0.05581302326864457,0.0784313725490196,0.018600973640036475,0.02233383368045997,0.07206387001890889,0.0016276150143180613,0.018065887353879262,0.7161354581673312,1.0,1.3092,5.0,3.295663600525624,1.0867279894875164,2066.0,2.7148488830486204,32.71,-117.16,1.0,0.037490920276142786,0.06013855187555073,0.009130195425185521,0.032473984449293065,0.07979408694263954,0.005670418823128716,0.018065887353879262,0.7106340148493243,Y,1.0435258421881255,4.067066145653087,2.0484835298632773,1.4287890754228194,2286.7595349078997,7.738602754494537,32.71,-117.21523449091278,Y,0.23961210250854492,Y,1.0,N
0,0.05581302326864457,0.0784313725490196,0.018600973640036475,0.02233383368045997,0.07206387001890889,0.0016276150143180613,0.018065887353879262,0.7161354581673312,1.0,1.3092,5.0,3.295663600525624,1.0867279894875164,2066.0,2.7148488830486204,32.71,-117.16,1.0,0.04286016363019689,0.0784313725490196,0.0017220208446091269,0.02233383368045997,0.07206387001890889,0.002655974736302285,0.018065887353879262,0.7053984209153881,Y,1.121380944670581,5.0,1.0729219141985527,1.0867279894875164,2066.0,3.992730862703016,32.71,-117.2677998540095,Y,0.19975996017456055,Y,1.0,N
0,0.05581302326864457,0.0784313725490196,0.018600973640036475,0.02233383368045997,0.07206387001890889,0.0016276150143180613,0.018065887353879262,0.7161354581673312,1.0,1.3092,5.0,3.295663600525624,1.0867279894875164,2066.0,2.7148488830486204,32.71,-117.16,1.0,0.05581302326864457,0.06844232587180671,0.0014337913716152319,0.03428911266628307,0.060900117248470935,0.002928089844094108,0.018065887353879262,0.7099853508625655,Y,1.3092,4.490558619462142,1.0349657878549103,1.4900194006092822,1747.185548381833,4.330872259341866,32.71,-117.22174707733984,Y,0.21041393280029297,Y,1.0,N
0,0.05581302326864457,0.0784313725490196,0.018600973640036475,0.02233383368045997,0.07206387001890889,0.0016276150143180613,0.018065887353879262,0.7161354581673312,1.0,1.3092,5.0,3.295663600525624,1.0867279894875164,2066.0,2.7148488830486204,32.71,-117.16,1.0,0.05581302326864457,0.06644770237249038,0.005640184771653133,0.013552590704237769,0.07206387001890889,0.003174076430653097,0.018065887353879262,0.7015277314558963,Y,1.3092,4.38883282099701,1.5888938705193887,0.7905073930896207,2066.0,4.636545283557462,32.71,-117.30666157618279,Y,0.2103559970855713,Y,1.0,N
0,0.05581302326864457,0.0784313725490196,0.018600973640036475,0.02233383368045997,0.07206387001890889,0.0016276150143180613,0.018065887353879262,0.7161354581673312,1.0,1.3092,5.0,3.295663600525624,1.0867279894875164,2066.0,2.7148488830486204,32.71,-117.16,1.0,0.04301228610391143,0.0784313725490196,0.00852517128083424,0.036512312947108855,0.07206387001890889,0.016826811831432045,0.018065887353879262,0.6953896107575234,Y,1.1235867509639366,5.0,1.9688096067720124,1.5650153567491387,2066.0,21.60199440478695,32.71,-117.36828830799446,Y,0.2563140392303467,Y,1.0,N
0,0.4203114439800831,0.39215686274509803,0.05533445631980673,0.023022957249577952,0.049198123117865394,0.002351043454301863,0.144527098831031,0.6444223107569726,1.0,6.5945,21.0,8.132992327365729,1.1099744245524297,1413.0,3.613810741687979,33.9,-117.88,1.0,0.4203114439800831,0.39215686274509803,0.022194280579542605,0.010081236756051427,0.03426375824795619,0.014177184174756614,0.144527098831031,0.6444223107569726,N,6.5945,21.0,3.7688560564208955,0.6734070532374681,986.5044080451328,18.30945837592897,33.9,-117.88,N,0.31688904762268066,Y,1.0,Y
0,0.4203114439800831,0.39215686274509803,0.05533445631980673,0.023022957249577952,0.049198123117865394,0.002351043454301863,0.144527098831031,0.6444223107569726,1.0,6.5945,21.0,8.132992327365729,1.1099744245524297,1413.0,3.613810741687979,33.9,-117.88,1.0,0.4203114439800831,0.39215686274509803,0.020482926821574488,0.010303325833277307,0.049198123117865394,0.008727794862002192,0.144527098831031,0.6444223107569726,N,6.5945,21.0,3.5434927069292885,0.6808988581092211,1413.0,11.53782365121057,33.9,-117.88,N,0.2732691764831543,Y,1.0,Y
0,0.4203114439800831,0.39215686274509803,0.05533445631980673,0.023022957249577952,0.049198123117865394,0.002351043454301863,0.144527098831031,0.6444223107569726,1.0,6.5945,21.0,8.132992327365729,1.1099744245524297,1413.0,3.613810741687979,33.9,-117.88,1.0,0.4203114439800831,0.39215686274509803,0.020461785306667306,0.012729236887326226,0.03538557496489067,0.012447954763996724,0.144527098831031,0.6444223107569726,N,6.5945,21.0,3.5407086404610757,0.7627329243324713,1018.5412498473477,16.160646967373673,33.9,-117.88,N,0.3127009868621826,Y,1.0,Y
0,0.4203114439800831,0.39215686274509803,0.05533445631980673,0.023022957249577952,0.049198123117865394,0.002351043454301863,0.144527098831031,0.6444223107569726,1.0,6.5945,21.0,8.132992327365729,1.1099744245524297,1413.0,3.613810741687979,33.9,-117.88,1.0,0.4203114439800831,0.39215686274509803,0.025066332038698725,0.007022029721214549,0.03334419089028733,0.009902176269572148,0.144527098831031,0.6346017625684068,N,6.5945,21.0,4.147068412419203,0.5702098025956375,960.2434034448257,12.99715816800705,33.9,-117.97859830381319,N,0.29813408851623535,Y,1.0,Y
0,0.4203114439800831,0.39215686274509803,0.05533445631980673,0.023022957249577952,0.049198123117865394,0.002351043454301863,0.144527098831031,0.6444223107569726,1.0,6.5945,21.0,8.132992327365729,1.1099744245524297,1413.0,3.613810741687979,33.9,-117.88,1.0,0.4203114439800831,0.39215686274509803,0.01709693089850539,0.010215378024934541,0.049198123117865394,0.0032876218856072712,0.144527098831031,0.6444223107569726,N,6.5945,21.0,3.0976004540652307,0.6779320853744585,1413.0,4.777641524158594,33.9,-117.88,N,0.32099294662475586,Y,1.0,Y
0,0.08142646308326783,0.8823529411764706,0.023561764601093865,0.019888991674375574,0.02738286994887597,0.0021481621645115536,0.013815090329437396,0.7211155378486058,0.0,1.6806,46.0,3.948936170212766,1.004255319148936,790.0,3.3617021276595747,32.67,-117.11,0.0,0.08142646308326783,0.8823529411764706,0.023561764601093865,0.02367705790893572,0.02738286994887597,0.0009660716459217167,0.013815090329437396,0.7093086656079945,Y,1.6806,46.0,3.948936170212766,1.1320394201280983,790.0,1.892787953238568,32.67,-117.22854099729572,Y,0.13272404670715332,Y,0.0,N
0,0.08142646308326783,0.8823529411764706,0.023561764601093865,0.019888991674375574,0.02738286994887597,0.0021481621645115536,0.013815090329437396,0.7211155378486058,0.0,1.6806,46.0,3.948936170212766,1.004255319148936,790.0,3.3617021276595747,32.67,-117.11,0.0,0.08142646308326783,0.8823529411764706,0.01534253199889788,0.022512439455970323,0.02738286994887597,0.0007642607588016713,0.013815090329437396,0.7149169510607828,Y,1.6806,46.0,2.866568611280506,1.0927529576480657,790.0,1.6420094654821895,32.67,-117.17223381134974,Y,0.1234128475189209,Y,0.0,N
0,0.08142646308326783,0.8823529411764706,0.023561764601093865,0.019888991674375574,0.02738286994887597,0.0021481621645115536,0.013815090329437396,0.7211155378486058,0.0,1.6806,46.0,3.948936170212766,1.004255319148936,790.0,3.3617021276595747,32.67,-117.11,0.0,0.08142646308326783,0.8823529411764706,0.0285791276682359,0.024028723952522753,0.02738286994887597,0.0010613824590695042,0.013815090329437396,0.7145088453442052,Y,1.6806,46.0,4.609658560987845,1.1439022879984344,790.0,2.0112250798432147,32.67,-117.17633119274417,Y,0.13181114196777344,Y,0.0,N
0,0.08142646308326783,0.8823529411764706,0.023561764601093865,0.019888991674375574,0.02738286994887597,0.0021481621645115536,0.013815090329437396,0.7211155378486058,0.0,1.6806,46.0,3.948936170212766,1.004255319148936,790.0,3.3617021276595747,32.67,-117.11,0.0,0.08142646308326783,0.8823529411764706,0.023561764601093865,0.019888991674375574,0.02738286994887597,0.0007601124771334164,0.013815090329437396,0.7084649503922904,Y,1.6806,46.0,3.948936170212766,1.004255319148936,790.0,1.6368546404953013,32.67,-117.2370118980614,Y,0.14552807807922363,Y,0.0,N
0,0.08142646308326783,0.8823529411764706,0.023561764601093865,0.019888991674375574,0.02738286994887597,0.0021481621645115536,0.013815090329437396,0.7211155378486058,0.0,1.6806,46.0,3.948936170212766,1.004255319148936,790.0,3.3617021276595747,32.67,-117.11,0.0,0.08142646308326783,0.8823529411764706,0.01567322371267004,0.02085655724773478,0.02738286994887597,0.0008690214694688186,0.013815090329437396,0.7141784407059655,Y,1.6806,46.0,2.9101164703469435,1.0368945311569198,790.0,1.772189422432496,32.67,-117.1796484553121,Y,0.14557886123657227,Y,0.0,N
