lineNo,assgNo,prevFixDur,firstfixDur,firstPassFixDur,nextFixDur,firstSaccLen,lastSaccLen,prevFixPos,landingPos,leavingPos,totalFixDur,meanFixDur,regressLen,regressDur,pupilDiamMax,pupilDiamLag,timePrtctg,titleNo,wordNo
3857.0,124.0,159.0,119.0,119.0,219.0,93.409,213.5053,26.9258,64.7785,66.3871,119.0,119.0,0.0,119.0,0.2493,0.3553,0.0158,2,2
5297.0,159.0,119.0,159.0,159.0,278.0,179.2017,106.0189,129.0349,63.2317,67.9743,99.0,99.0,854.0,99.0,0.0798,0.1393,0.0072,7,6
8897.0,280.0,258.0,139.0,139.0,139.0,120.0521,826.4581,91.2688,33.738,49.3584,139.0,139.0,3717.0,139.0,0.1327,0.1327,0.0177,10,6
10802.0,333.0,80.0,239.0,239.0,179.0,410.9699,190.217,444.6234,40.0,36.8816,239.0,239.0,0.0,0.0,0.0215,0.082,0.0378,3,1
6022.0,178.0,238.0,139.0,139.0,139.0,184.5704,148.6556,165.339,14.3003,19.8116,139.0,139.0,0.0,0.0,0.0996,0.2561,0.0104,7,5
3903.0,125.0,139.0,199.0,199.0,179.0,81.8917,23.4361,123.7619,38.5,55.8055,199.0,199.0,338.0,358.0,0.1223,0.1753,0.0312,5,6
4746.0,146.0,139.0,219.0,378.0,159.0,182.5062,584.8216,187.2672,10.8167,116.0689,378.0,189.0,0.0,378.0,0.2226,0.3426,0.0431,3,8
20.0,1.0,298.0,179.0,179.0,318.0,314.0334,145.8124,397.5487,67.3146,94.5,219.0,219.0,0.0,0.0,0.1975,0.186,0.0286,3,1
7986.0,248.0,139.0,119.0,119.0,219.0,238.0137,818.4737,175.1028,58.2409,48.2312,119.0,119.0,0.0,0.0,0.3053,0.3283,0.0163,9,8
3115.0,95.0,0.0,379.0,558.0,219.0,0.0,421.4748,0.0,64.2573,195.1852,558.0,279.0,0.0,0.0,0.6921,0.6921,0.1015,1,1
10027.0,306.0,80.0,119.0,119.0,179.0,415.0976,407.939,404.0309,13.4629,30.7612,100.0,100.0,0.0,800.0,0.193,0.5105,0.0067,8,5
1086.0,33.0,239.0,119.0,119.0,99.0,575.8897,306.7544,631.3414,57.0351,60.7166,119.0,119.0,0.0,476.0,0.1224,0.0489,0.0156,9,1
7901.0,244.0,80.0,239.0,239.0,238.0,325.9149,126.5158,414.2511,86.419,85.5716,239.0,239.0,0.0,0.0,0.3218,0.3273,0.1074,3,1
5764.0,171.0,219.0,219.0,219.0,179.0,66.1154,137.5736,47.0425,21.5,21.0,219.0,219.0,0.0,0.0,0.102,0.0785,0.0221,2,3
60.0,2.0,239.0,179.0,179.0,179.0,176.7831,200.3578,34.7131,137.329,123.8275,179.0,179.0,0.0,0.0,0.1745,0.203,0.0167,6,2
1239.0,38.0,99.0,139.0,139.0,179.0,77.9647,595.0011,110.5712,64.562,65.8217,139.0,139.0,0.0,0.0,0.1693,0.1693,0.0213,10,1
1402.0,43.0,258.0,239.0,338.0,179.0,222.3044,312.5076,314.9254,131.9185,125.6234,80.0,80.0,834.0,0.0,0.2587,0.2322,0.0066,8,1
4996.0,153.0,159.0,318.0,537.0,159.0,282.1436,621.8957,286.4001,7.1063,119.2749,537.0,268.5,6143.0,0.0,0.1001,0.1771,0.0448,5,6
796.0,24.0,139.0,239.0,239.0,179.0,143.7228,122.2007,133.66,12.1655,11.7686,239.0,239.0,775.0,0.0,0.0296,0.0681,0.0264,3,5
4913.0,150.0,199.0,199.0,199.0,159.0,579.4588,236.3906,659.6302,87.9119,83.1895,159.0,159.0,278.0,0.0,0.0851,0.0996,0.0143,2,2
5647.0,167.0,298.0,139.0,139.0,99.0,121.064,53.5093,181.7058,57.3629,61.0328,139.0,139.0,0.0,0.0,0.125,0.125,0.0093,7,1
3784.0,121.0,0.0,179.0,179.0,358.0,0.0,255.5044,0.0,73.4864,63.1506,179.0,179.0,0.0,0.0,0.2108,0.2923,0.0539,4,1
1806.0,57.0,99.0,99.0,218.0,80.0,62.476,246.1229,90.7855,90.312,88.5,218.0,109.0,0.0,0.0,0.1563,0.2743,0.0243,7,2
2595.0,78.0,199.0,279.0,279.0,199.0,199.5902,353.5948,132.0,62.6139,72.9178,199.0,199.0,11655.0,4861.0,-1.322,0.319,0.005,6,2
7835.0,240.0,99.0,119.0,119.0,179.0,163.8429,0.0,140.6023,65.683,65.5934,159.0,159.0,0.0,159.0,-0.0404,-0.0404,0.0152,2,2
859.0,26.0,239.0,139.0,139.0,179.0,119.0,62.2294,35.805,86.6487,73.2888,139.0,139.0,0.0,0.0,0.0634,0.1039,0.0355,3,3
3001.0,91.0,140.0,219.0,219.0,199.0,322.6647,106.0106,312.7459,93.5655,82.0244,438.0,438.0,0.0,0.0,1.4196,2.5361,0.0391,5,1
10389.0,317.0,80.0,179.0,179.0,99.0,213.8019,90.7979,251.0976,67.6702,68.2495,179.0,179.0,0.0,0.0,0.1352,0.1487,0.0294,7,1
9260.0,289.0,80.0,159.0,159.0,219.0,138.3266,141.9472,216.0208,73.8241,71.1003,298.0,298.0,1490.0,2903.0,0.2022,0.2227,0.0144,2,1
10194.0,310.0,159.0,80.0,80.0,139.0,632.2992,65.0,721.4111,87.0704,84.0238,80.0,80.0,1212.0,0.0,0.1912,0.3622,0.0103,10,1
5005.0,153.0,239.0,219.0,219.0,338.0,724.1768,133.0423,742.0168,34.3001,40.942,159.0,159.0,0.0,537.0,0.0971,0.0726,0.0133,1,2
8417.0,265.0,159.0,179.0,179.0,99.0,221.299,97.582,190.3786,37.5766,46.0977,179.0,179.0,0.0,0.0,0.0342,0.0642,0.0375,1,3
9139.0,287.0,99.0,159.0,159.0,139.0,185.7323,429.5431,115.0695,74.0034,64.4127,259.0,259.0,398.0,259.0,0.0882,0.1342,0.0265,1,6
1665.0,52.0,0.0,139.0,238.0,99.0,315.3336,169.3576,357.4353,51.2884,48.3037,199.0,199.0,0.0,497.0,0.1171,0.1371,0.0175,4,1
9263.0,289.0,179.0,159.0,159.0,139.0,176.5007,589.1657,362.0221,187.131,54.5092,378.0,189.0,11988.0,4931.0,0.2227,0.1642,0.0182,1,2
3460.0,106.0,119.0,258.0,258.0,119.0,116.2755,102.0196,66.1287,62.1631,68.6167,119.0,119.0,199.0,119.0,0.5288,0.3328,0.0327,3,2
3640.0,113.0,99.0,159.0,159.0,219.0,211.048,78.667,230.5927,91.1002,99.7246,159.0,159.0,0.0,0.0,0.09,0.164,0.0457,6,1
3472.0,107.0,80.0,159.0,278.0,100.0,135.559,83.2721,155.158,23.6485,7.5664,278.0,139.0,0.0,0.0,0.4268,0.3423,0.0837,2,2
7012.0,212.0,139.0,119.0,119.0,139.0,91.444,0.0,89.202,69.1556,64.3681,80.0,80.0,0.0,80.0,0.0828,0.0828,0.0116,9,1
3960.0,127.0,99.0,80.0,80.0,179.0,54.7951,249.3657,94.3663,41.3038,46.7787,80.0,80.0,0.0,80.0,0.4466,0.3086,0.0106,8,1
2639.0,79.0,20.0,199.0,199.0,319.0,67.5074,556.234,47.0106,80.5761,70.6576,199.0,199.0,1016.0,239.0,0.156,-0.5825,0.0211,4,5
7923.0,246.0,139.0,219.0,219.0,119.0,362.2051,57.3847,430.0105,140.1579,135.6401,219.0,219.0,0.0,199.0,0.1783,0.2198,0.0374,7,1
3701.0,116.0,258.0,298.0,298.0,199.0,64.1327,211.3557,97.4987,28.1824,32.6879,298.0,298.0,0.0,298.0,0.5301,0.3121,0.0735,2,7
6225.0,183.0,99.0,139.0,139.0,159.0,258.1342,279.4875,200.5642,56.0357,54.6855,139.0,139.0,0.0,0.0,0.0221,0.2516,0.0133,6,5
3192.0,98.0,0.0,299.0,299.0,319.0,0.0,112.5711,0.0,89.627,73.6156,299.0,299.0,0.0,0.0,0.0986,0.4221,0.021,1,1
8143.0,254.0,139.0,99.0,99.0,139.0,167.9658,289.7904,178.1264,13.0,25.1247,99.0,99.0,0.0,0.0,0.1764,0.2469,0.0195,7,4
2976.0,91.0,179.0,259.0,259.0,179.0,110.5226,169.5007,64.4748,59.1143,105.7095,259.0,259.0,0.0,0.0,0.0316,0.0116,0.0231,3,4
1498.0,45.0,219.0,99.0,99.0,179.0,108.1665,290.0431,109.7725,46.2088,48.6004,99.0,99.0,0.0,238.0,0.1571,0.1741,0.0156,5,1
885.0,27.0,239.0,338.0,338.0,159.0,112.5278,136.8,61.0082,56.1427,51.0612,338.0,338.0,0.0,0.0,0.1469,0.1054,0.0787,4,2
5836.0,173.0,139.0,199.0,199.0,179.0,122.5653,142.9633,57.3149,61.2883,67.1751,199.0,199.0,0.0,0.0,0.0835,0.0975,0.0358,3,3
9465.0,293.0,99.0,80.0,80.0,99.0,485.0673,262.5019,485.0495,3.9051,22.655,80.0,80.0,0.0,198.0,0.1351,0.2931,0.0056,8,3
6785.0,203.0,159.0,199.0,199.0,159.0,806.7455,655.9971,759.2338,58.6963,61.2638,199.0,199.0,0.0,0.0,0.0819,0.2184,0.0204,7,6
695.0,22.0,159.0,557.0,557.0,219.0,120.8387,417.632,123.0366,70.2282,52.5405,139.0,139.0,994.0,796.0,0.2246,0.2401,0.0083,5,1
4798.0,148.0,219.0,179.0,179.0,219.0,107.3371,83.7437,68.3081,49.3812,71.5891,179.0,179.0,0.0,358.0,0.2256,0.3006,0.0102,3,2
542.0,17.0,239.0,139.0,139.0,219.0,300.0417,681.7692,67.1863,226.527,215.168,139.0,139.0,0.0,0.0,0.1303,0.2083,0.03,5,6
10526.0,321.0,99.0,258.0,357.0,99.0,152.1907,91.1071,57.9396,102.1567,121.1827,119.0,119.0,0.0,119.0,-0.0343,-0.0083,0.0119,1,2
3233.0,98.0,120.0,259.0,259.0,180.0,387.3296,146.5486,451.3059,69.7209,83.0557,259.0,259.0,0.0,0.0,0.0736,1.2396,0.0182,8,1
5230.0,158.0,119.0,557.0,557.0,219.0,75.4603,374.4389,118.1059,56.5685,48.7494,557.0,557.0,0.0,0.0,0.1423,0.1183,0.099,2,1
7957.0,247.0,80.0,199.0,199.0,99.0,241.4591,235.1834,308.6373,88.5353,102.461,199.0,199.0,0.0,0.0,0.1033,0.2848,0.1206,3,1
5714.0,169.0,238.0,139.0,238.0,80.0,103.2049,170.793,43.0116,71.007,28.7793,238.0,119.0,0.0,159.0,0.0845,0.0545,0.0299,4,4
3118.0,95.0,179.0,219.0,219.0,80.0,144.1882,607.1822,205.078,66.6877,67.1956,20.0,20.0,0.0,20.0,0.4866,0.4576,0.0036,1,4
9772.0,301.0,80.0,219.0,219.0,139.0,371.066,219.2538,347.036,32.311,38.2001,219.0,219.0,0.0,318.0,0.1285,0.279,0.0253,4,6
4642.0,143.0,139.0,219.0,219.0,139.0,166.012,182.9624,63.7887,102.06,98.0319,219.0,219.0,0.0,1869.0,0.0752,0.0522,0.0254,3,5
6760.0,203.0,139.0,80.0,80.0,80.0,225.7,29.4109,259.0444,62.5979,62.9623,80.0,80.0,0.0,0.0,0.1124,0.0984,0.0082,2,1
9231.0,289.0,99.0,99.0,99.0,100.0,442.685,109.7474,468.062,29.2062,29.3471,99.0,99.0,2583.0,1550.0,0.1507,0.4197,0.0048,5,2
5767.0,171.0,99.0,139.0,139.0,139.0,143.7611,605.0052,126.6689,33.3654,17.9513,139.0,139.0,0.0,0.0,0.018,0.0785,0.014,2,7
1637.0,50.0,119.0,80.0,80.0,119.0,124.1219,109.5091,118.0042,41.6203,35.609,80.0,80.0,0.0,0.0,0.1491,0.2126,0.0183,10,2
7468.0,227.0,199.0,139.0,139.0,239.0,110.9516,500.1,46.8402,63.0496,70.3491,139.0,139.0,836.0,0.0,0.0417,0.2442,0.0132,8,7
6490.0,192.0,199.0,159.0,159.0,119.0,352.7811,333.1625,292.8515,57.0701,54.5825,159.0,159.0,119.0,0.0,0.1059,0.0514,0.0422,9,3
1930.0,61.0,179.0,99.0,99.0,139.0,101.1781,316.1914,43.0116,56.7539,47.5395,99.0,99.0,0.0,0.0,0.0644,0.2339,0.008,5,2
6936.0,210.0,99.0,99.0,99.0,99.0,336.2384,342.4708,293.2201,67.5518,69.5432,80.0,80.0,0.0,179.0,0.2858,0.1913,0.0214,1,4
2960.0,91.0,0.0,259.0,259.0,199.0,0.0,59.5525,0.0,83.0557,113.6893,259.0,259.0,0.0,0.0,0.6531,1.0896,0.0231,2,1
9958.0,306.0,219.0,199.0,199.0,278.0,200.2255,206.2092,79.404,117.1804,133.7395,139.0,139.0,417.0,139.0,0.1755,0.2,0.0093,2,2
8788.0,278.0,159.0,139.0,139.0,80.0,521.9226,533.0553,477.0042,55.0114,59.0762,139.0,139.0,0.0,0.0,0.1308,0.2133,0.0185,5,5
505.0,15.0,179.0,219.0,219.0,239.0,101.357,213.5053,89.1572,81.5552,87.023,159.0,159.0,0.0,0.0,-0.0092,0.1853,0.0168,2,3
10058.0,307.0,99.0,139.0,139.0,99.0,596.4229,103.0886,711.1807,118.0519,92.6944,139.0,139.0,0.0,0.0,0.1422,0.3547,0.027,8,1
2597.0,78.0,339.0,179.0,179.0,379.0,186.3934,150.1874,242.2973,52.9953,15.1162,219.0,219.0,22218.0,918.0,-1.113,0.3335,0.0055,7,5
1576.0,47.0,139.0,179.0,259.0,139.0,854.6691,682.6377,806.7478,114.5011,113.3192,99.0,99.0,417.0,0.0,-0.0139,0.0651,0.0122,9,4
2916.0,89.0,199.0,259.0,259.0,279.0,97.5141,159.695,48.8774,99.9162,95.2064,259.0,259.0,0.0,0.0,0.9212,0.9212,0.0394,1,2
8423.0,265.0,258.0,199.0,199.0,119.0,273.5658,761.4494,243.6658,40.0562,31.9061,199.0,199.0,0.0,0.0,0.0642,0.4182,0.0417,2,6
3590.0,111.0,258.0,139.0,139.0,238.0,184.0448,182.0783,143.6175,55.4301,45.401,139.0,139.0,0.0,0.0,0.207,0.8115,0.0224,3,4
8308.0,259.0,139.0,99.0,99.0,139.0,154.5979,54.3438,188.4489,23.4094,22.0227,99.0,99.0,139.0,99.0,0.1319,0.1139,0.0185,5,2
599.0,19.0,298.0,179.0,179.0,139.0,89.8012,88.0696,77.1622,16.6208,18.7417,179.0,179.0,0.0,179.0,0.1378,0.0738,0.0402,7,2
3395.0,103.0,119.0,139.0,139.0,119.0,423.5425,104.9381,364.9274,58.2344,39.702,139.0,139.0,119.0,0.0,0.3965,0.361,0.0194,2,5
3822.0,122.0,179.0,139.0,278.0,119.0,210.6899,73.7462,256.9085,52.5856,56.5796,278.0,139.0,0.0,0.0,0.2143,0.2633,0.0494,4,1
10291.0,314.0,139.0,179.0,179.0,99.0,146.4326,339.4013,210.5825,67.7956,38.0789,179.0,179.0,0.0,298.0,0.3838,0.2853,0.0613,5,1
2975.0,91.0,120.0,20.0,20.0,299.0,71.6415,110.5226,33.9411,73.2069,81.4632,179.0,179.0,478.0,179.0,0.2931,-0.1024,0.016,3,3
7716.0,238.0,119.0,119.0,119.0,99.0,155.9888,287.1489,71.1758,85.6461,81.0494,119.0,119.0,0.0,0.0,0.0666,0.1816,0.0272,7,3
5791.0,171.0,99.0,80.0,80.0,99.0,234.0192,141.5221,175.9233,53.2565,52.8015,80.0,80.0,0.0,99.0,0.085,0.132,0.0081,7,3
3969.0,127.0,199.0,139.0,139.0,278.0,215.5023,706.5143,205.061,27.2809,9.7082,139.0,139.0,0.0,0.0,0.1916,0.1916,0.0184,10,3
2520.0,78.0,379.0,279.0,279.0,339.0,420.5048,429.2528,383.0117,43.3503,16.4469,279.0,279.0,0.0,399.0,1.0915,1.0005,0.007,8,4
1870.0,58.0,159.0,179.0,179.0,80.0,233.0649,239.0612,164.3472,69.2604,74.1839,179.0,179.0,0.0,0.0,0.2624,0.2394,0.0272,10,3
3303.0,100.0,298.0,219.0,219.0,179.0,145.5764,107.8761,76.3217,71.6746,67.3665,219.0,219.0,0.0,0.0,-0.1215,0.4355,0.0297,6,2
9246.0,289.0,139.0,199.0,199.0,139.0,567.5731,73.6359,711.18,147.6906,126.935,199.0,199.0,9382.0,399.0,0.3817,0.3152,0.0096,10,1
9497.0,293.0,139.0,139.0,139.0,179.0,132.2422,387.0827,409.6462,276.8542,267.5467,119.0,119.0,776.0,2343.0,0.0661,0.1086,0.0083,6,3
5125.0,155.0,179.0,179.0,318.0,159.0,200.5224,197.6088,221.6506,35.5844,106.1285,318.0,159.0,0.0,0.0,0.0158,0.0443,0.0287,5,4
3038.0,93.0,199.0,239.0,239.0,179.0,177.0664,95.0842,93.1075,91.7824,82.0,239.0,239.0,0.0,0.0,0.5216,0.5216,0.0181,1,2
10902.0,336.0,139.0,99.0,99.0,139.0,95.5628,151.6616,153.6392,61.5731,51.3931,99.0,99.0,0.0,99.0,-0.1045,0.0005,0.0084,4,1
8355.0,261.0,219.0,338.0,338.0,219.0,273.4273,246.2722,352.3308,89.0084,43.9005,319.0,159.5,697.0,0.0,0.3339,0.2539,0.0521,7,1
8225.0,256.0,159.0,99.0,99.0,119.0,191.6377,395.6871,252.3529,62.2435,54.6649,99.0,99.0,0.0,0.0,0.2754,0.3804,0.0085,8,1
654.0,21.0,338.0,119.0,119.0,219.0,119.105,155.7731,113.0177,20.4022,50.3587,338.0,338.0,1173.0,795.0,0.0651,0.0971,0.0313,2,4
3966.0,127.0,119.0,159.0,159.0,199.0,118.938,304.8942,211.5467,90.7331,70.1445,159.0,159.0,0.0,0.0,0.3086,0.7386,0.0211,9,1
5120.0,155.0,258.0,139.0,139.0,179.0,189.1692,256.4888,112.058,81.6165,87.6641,139.0,139.0,0.0,0.0,0.0833,0.0593,0.0125,4,3
3778.0,120.0,179.0,139.0,139.0,219.0,111.1227,44.3424,104.8094,45.763,57.1183,139.0,139.0,0.0,0.0,0.2893,0.2493,0.0437,9,1
8049.0,250.0,99.0,139.0,139.0,99.0,149.2716,332.0636,116.4302,37.9012,44.4185,139.0,139.0,0.0,0.0,0.0068,0.3408,0.0245,5,3
2468.0,77.0,20.0,219.0,219.0,239.0,450.0189,70.5443,491.4672,53.6773,64.5949,219.0,219.0,0.0,0.0,-0.924,0.447,0.0193,6,1
10481.0,320.0,199.0,159.0,159.0,119.0,314.8341,201.1796,281.0018,41.6083,61.4858,159.0,159.0,0.0,0.0,0.0542,0.1647,0.049,7,3
10091.0,308.0,179.0,259.0,259.0,219.0,128.0722,631.6051,53.0848,69.464,90.7317,259.0,259.0,0.0,0.0,-0.0573,0.0122,0.0277,5,6
8801.0,278.0,119.0,179.0,179.0,139.0,110.3913,440.0821,114.8085,23.2863,23.1625,119.0,119.0,616.0,0.0,0.1913,0.1788,0.0159,10,2
8161.0,255.0,179.0,179.0,179.0,100.0,444.0405,49.6236,371.0216,74.0422,82.2982,179.0,179.0,0.0,0.0,-0.0571,0.2504,0.0218,4,4
9493.0,293.0,139.0,139.0,139.0,179.0,250.5718,169.0562,28.3019,223.2023,211.5053,199.0,199.0,776.0,2343.0,0.1036,0.0661,0.0138,6,3
4.0,1.0,159.0,159.0,159.0,139.0,141.1471,185.0007,133.0902,8.7321,9.6177,159.0,159.0,0.0,0.0,0.037,0.183,0.0208,1,5
605.0,19.0,99.0,258.0,258.0,199.0,274.8568,183.0826,320.1265,44.139,62.7415,258.0,258.0,0.0,516.0,0.0738,0.3303,0.0579,5,1
5338.0,161.0,139.0,298.0,298.0,159.0,764.3173,93.3876,807.6788,47.9505,42.547,298.0,298.0,159.0,0.0,0.1572,0.1357,0.0359,3,2
2618.0,78.0,199.0,279.0,279.0,199.0,177.799,98.1835,294.2006,148.9841,159.3895,199.0,199.0,11655.0,4861.0,2.0375,2.0375,0.005,6,2
3548.0,110.0,0.0,239.0,239.0,318.0,0.0,76.4003,0.0,28.5044,29.6522,239.0,239.0,0.0,0.0,0.1495,0.38,0.0369,2,2
7806.0,240.0,179.0,99.0,259.0,338.0,548.7304,380.5,613.6,89.6354,67.8325,179.0,179.0,2504.0,0.0,0.1201,0.0246,0.0171,6,1
6399.0,189.0,119.0,99.0,99.0,80.0,140.1856,122.1024,182.5705,62.0725,51.2957,99.0,99.0,0.0,0.0,-0.034,0.0355,0.0179,5,2
7622.0,235.0,99.0,80.0,80.0,99.0,145.2446,142.2436,212.4924,91.5669,103.9243,80.0,80.0,0.0,0.0,0.3061,0.2431,0.016,5,1
449.0,14.0,238.0,259.0,259.0,219.0,168.1071,220.6451,116.0172,51.3517,36.6674,259.0,259.0,0.0,0.0,-0.0132,0.0823,0.0305,1,5
6167.0,182.0,139.0,179.0,318.0,219.0,312.6088,158.2561,331.4363,89.7357,44.0965,318.0,159.0,0.0,298.0,0.0351,0.0736,0.0394,1,1
3175.0,97.0,20.0,199.0,199.0,379.0,1124.0143,68.5584,486.2612,118.0381,151.7976,199.0,199.0,1793.0,0.0,0.2201,0.2646,0.0384,3,2
8725.0,277.0,139.0,179.0,179.0,159.0,575.0443,244.5046,701.5412,115.2443,114.1863,179.0,179.0,0.0,0.0,0.0428,0.1643,0.019,2,1
5816.0,172.0,139.0,99.0,99.0,179.0,100.3195,61.2066,62.3939,34.6302,23.0489,99.0,99.0,0.0,0.0,0.0215,0.153,0.0218,4,2
4958.0,151.0,219.0,239.0,239.0,219.0,146.4189,121.1033,189.5284,43.0465,50.0225,239.0,239.0,0.0,0.0,0.1946,0.2591,0.0346,5,1
2165.0,70.0,279.0,179.0,179.0,80.0,144.105,148.0304,87.8465,80.9892,67.7366,179.0,179.0,0.0,0.0,0.4999,0.4924,0.0145,2,6
2562.0,78.0,239.0,279.0,279.0,259.0,156.8192,65.622,135.1629,41.1005,41.5843,219.0,219.0,12433.0,1194.0,1.4375,1.7875,0.0055,1,4
4392.0,136.0,179.0,139.0,537.0,258.0,158.749,534.8724,95.0789,68.0294,259.3781,537.0,179.0,0.0,0.0,0.3742,0.4992,0.0201,7,4
10464.0,319.0,179.0,139.0,139.0,179.0,101.0161,149.2414,72.1803,40.3299,37.1012,139.0,139.0,0.0,0.0,-0.1138,0.3722,0.0247,4,2
1816.0,57.0,99.0,139.0,139.0,99.0,565.0179,168.0216,463.0529,108.6393,109.638,139.0,139.0,0.0,0.0,0.1739,0.0259,0.0155,8,8
6528.0,194.0,80.0,179.0,179.0,100.0,101.8148,348.7496,175.0943,73.2683,68.8368,119.0,119.0,0.0,119.0,0.179,0.212,0.012,1,4
9402.0,291.0,80.0,139.0,139.0,99.0,672.1356,135.2036,683.3228,13.6015,18.5,139.0,139.0,99.0,0.0,0.2232,0.2812,0.0217,7,6
3082.0,93.0,140.0,259.0,259.0,139.0,86.3713,224.5089,124.1974,29.77,29.77,20.0,20.0,2211.0,20.0,0.0961,2.9916,0.0015,6,4
2891.0,88.0,199.0,259.0,259.0,239.0,391.2994,162.6968,186.2713,227.7158,199.1394,259.0,259.0,0.0,0.0,-0.0258,0.9162,0.0402,1,2
578.0,18.0,199.0,378.0,378.0,80.0,338.9207,437.0309,305.3211,31.6623,24.8646,378.0,378.0,0.0,0.0,0.0168,0.1978,0.0623,10,4
6197.0,183.0,199.0,179.0,179.0,179.0,125.03,301.5933,123.3288,11.7047,16.0078,179.0,179.0,0.0,0.0,0.1536,0.1946,0.0172,1,4
7642.0,236.0,139.0,139.0,139.0,139.0,245.6242,194.6362,163.0123,85.3961,99.1413,139.0,139.0,0.0,0.0,0.1871,0.2616,0.0139,2,2
2548.0,78.0,140.0,159.0,159.0,219.0,195.0103,71.9253,297.1397,80.114,68.1561,199.0,199.0,2152.0,2051.0,0.734,0.7725,0.005,6,3
6014.0,178.0,259.0,159.0,159.0,179.0,132.0237,173.693,59.0339,84.0134,98.5051,159.0,159.0,0.0,0.0,-0.0419,0.0996,0.0119,5,4
8659.0,275.0,99.0,159.0,159.0,219.0,281.2708,124.4689,310.6638,34.5579,22.102,159.0,159.0,558.0,0.0,0.0778,0.1053,0.0215,4,2
9052.0,284.0,139.0,259.0,259.0,199.0,283.5,825.9546,235.0085,45.5439,25.4951,259.0,259.0,0.0,0.0,0.1617,0.5117,0.0303,10,7
9826.0,303.0,179.0,100.0,100.0,139.0,138.6588,378.3784,134.0821,25.2982,26.9258,100.0,100.0,0.0,0.0,0.128,0.1525,0.0196,2,4
4095.0,132.0,139.0,119.0,119.0,179.0,137.6635,114.4749,68.4105,81.5751,89.3784,119.0,119.0,0.0,0.0,0.0265,0.1665,0.0141,4,2
5648.0,167.0,139.0,99.0,179.0,159.0,53.5093,94.1767,46.8722,15.5322,14.4309,179.0,89.5,0.0,0.0,0.13,0.125,0.012,7,2
3364.0,102.0,318.0,80.0,80.0,318.0,666.9501,35.171,698.8634,63.4054,69.3776,278.0,278.0,0.0,80.0,0.1405,0.237,0.0496,4,1
6762.0,203.0,139.0,80.0,80.0,80.0,130.852,181.2078,79.6116,189.7637,201.4553,99.0,99.0,0.0,0.0,0.1124,0.0984,0.0102,2,1
540.0,17.0,159.0,139.0,139.0,239.0,244.2396,210.7143,148.3678,102.1494,90.1679,139.0,139.0,0.0,0.0,0.1968,0.2083,0.03,5,3
10679.0,328.0,80.0,219.0,299.0,258.0,380.2821,159.3895,470.1117,90.5345,42.0,299.0,149.5,0.0,0.0,0.2647,0.2647,0.0297,9,1
10784.0,332.0,139.0,139.0,139.0,159.0,139.5797,163.5008,77.9295,51.2104,57.7624,139.0,139.0,0.0,0.0,0.1005,0.1515,0.031,5,2
984.0,30.0,179.0,258.0,258.0,139.0,470.5327,78.3661,552.8408,91.8286,82.5848,338.0,338.0,796.0,0.0,0.0084,0.1174,0.0347,3,1
4652.0,144.0,179.0,258.0,258.0,139.0,96.791,107.3231,91.7878,35.7946,48.7263,258.0,258.0,0.0,258.0,-0.0683,-0.0238,0.0282,3,4
10394.0,317.0,199.0,179.0,398.0,179.0,219.1118,170.0118,129.2594,92.0122,25.1645,398.0,132.6667,0.0,0.0,0.1487,0.1717,0.0654,8,6
3934.0,127.0,159.0,238.0,238.0,99.0,51.1981,151.5074,90.1998,38.2655,42.4264,238.0,238.0,0.0,238.0,0.0006,0.1471,0.0315,3,1
8634.0,274.0,139.0,139.0,139.0,139.0,75.0417,95.7209,118.8486,64.9384,72.3395,139.0,139.0,0.0,0.0,0.1748,0.1063,0.0302,6,1
3040.0,93.0,179.0,219.0,219.0,179.0,282.799,200.0625,150.7481,146.4923,128.6546,219.0,219.0,0.0,0.0,0.5216,1.3871,0.0166,1,5
2666.0,80.0,259.0,219.0,557.0,179.0,158.2688,1200.7081,122.7029,60.4587,985.5112,557.0,185.6667,0.0,0.0,1.7995,2.9875,0.1554,2,4
6781.0,203.0,139.0,80.0,80.0,99.0,472.5095,171.3542,402.9057,72.5155,87.5571,80.0,80.0,0.0,0.0,0.1124,0.2184,0.0082,6,5
1855.0,58.0,159.0,239.0,239.0,179.0,442.0025,88.8735,537.7295,110.3143,106.0424,239.0,239.0,0.0,239.0,0.1283,0.2154,0.0363,4,1
9893.0,304.0,199.0,99.0,298.0,199.0,226.1791,85.92,335.0134,103.4372,107.912,80.0,80.0,0.0,1196.0,0.0415,0.0915,0.0065,6,1
6941.0,210.0,119.0,80.0,80.0,99.0,59.6657,72.6722,109.5536,63.5059,40.4969,99.0,99.0,0.0,377.0,0.2208,0.1058,0.0265,3,2
5757.0,171.0,179.0,99.0,99.0,278.0,29.5042,141.718,35.4401,42.1456,34.5145,99.0,99.0,536.0,258.0,0.0855,0.122,0.01,1,3
7396.0,226.0,99.0,80.0,80.0,179.0,150.9387,719.8272,86.2844,80.3197,79.3426,80.0,80.0,179.0,0.0,-0.1032,0.1388,0.0098,6,6
8055.0,250.0,99.0,139.0,318.0,80.0,575.9106,69.0,675.8498,101.5443,11.0114,318.0,159.0,0.0,0.0,0.0368,0.3408,0.0559,9,1
8635.0,274.0,139.0,139.0,139.0,99.0,95.7209,147.147,88.3629,11.5109,26.4008,139.0,139.0,0.0,0.0,0.1183,0.1063,0.0302,6,2
2339.0,74.0,279.0,20.0,20.0,299.0,678.6019,53.4439,731.4479,22.1923,29.4109,20.0,20.0,0.0,0.0,-0.7208,-0.8588,0.0017,3,2
7345.0,225.0,80.0,139.0,139.0,139.0,221.9031,727.8958,76.0263,151.2457,163.5581,139.0,139.0,975.0,139.0,0.1113,0.0883,0.0139,4,6
1659.0,52.0,0.0,139.0,238.0,99.0,0.0,287.2686,0.0,67.0168,74.6006,238.0,119.0,0.0,497.0,0.2751,0.1171,0.0209,4,1
4578.0,142.0,80.0,179.0,179.0,139.0,476.5315,202.2554,465.0871,20.5244,22.4722,179.0,179.0,0.0,0.0,0.0552,0.2282,0.0129,7,5
6592.0,195.0,99.0,119.0,119.0,99.0,96.7187,237.1708,279.866,215.2324,223.5022,119.0,119.0,99.0,0.0,0.159,0.2341,0.027,8,2
9090.0,286.0,0.0,179.0,179.0,139.0,0.0,172.0029,0.0,82.6378,87.677,179.0,179.0,0.0,0.0,0.1182,0.3162,0.0198,1,1
9972.0,306.0,199.0,80.0,80.0,80.0,622.761,263.7698,731.4602,111.2621,123.9758,119.0,119.0,0.0,1431.0,0.197,0.4915,0.008,7,1
10580.0,324.0,119.0,99.0,99.0,80.0,165.4728,447.5025,67.9117,111.8805,104.2353,99.0,99.0,0.0,0.0,0.0837,0.1637,0.0172,3,2
10439.0,319.0,0.0,99.0,99.0,179.0,0.0,89.9347,0.0,68.7968,61.1658,99.0,99.0,179.0,0.0,-0.0833,0.2427,0.0176,1,2
4737.0,146.0,139.0,159.0,159.0,199.0,67.8325,200.0025,104.561,40.3887,50.5668,159.0,159.0,0.0,318.0,-0.0679,0.0596,0.0181,2,2
10243.0,311.0,99.0,99.0,238.0,159.0,243.4938,607.2967,205.5262,46.0896,172.5587,238.0,119.0,0.0,0.0,0.1147,0.2242,0.0299,9,5
8851.0,279.0,119.0,159.0,159.0,239.0,470.8514,228.1074,573.6061,97.1043,104.1201,159.0,159.0,0.0,0.0,0.0708,0.1308,0.0197,10,1
10789.0,332.0,99.0,199.0,199.0,119.0,126.7251,126.3576,99.1413,27.0601,45.3542,199.0,199.0,0.0,0.0,0.089,0.522,0.0443,7,2
9488.0,293.0,99.0,99.0,99.0,139.0,137.1313,55.0114,148.1654,18.6078,15.4029,99.0,99.0,457.0,1112.0,0.1446,0.1306,0.0069,7,2
1947.0,61.0,179.0,99.0,337.0,119.0,173.6412,118.6518,107.0747,71.1758,161.5627,337.0,112.3333,0.0,0.0,0.2874,0.1379,0.0271,10,6
7417.0,226.0,100.0,80.0,219.0,258.0,670.4364,191.5131,694.8324,47.5946,13.7295,219.0,109.5,0.0,219.0,-0.0582,0.1933,0.0267,3,2
8436.0,266.0,100.0,199.0,199.0,159.0,69.5072,132.0947,124.904,51.1297,59.0699,199.0,199.0,0.0,199.0,0.0102,0.0437,0.0364,1,1
5504.0,165.0,139.0,199.0,318.0,298.0,480.8807,341.7868,533.436,55.109,69.3001,318.0,159.0,0.0,199.0,0.133,0.077,0.0332,2,1
8180.0,255.0,139.0,139.0,278.0,80.0,87.6584,100.005,105.9906,88.0596,93.5481,139.0,139.0,0.0,139.0,0.2689,0.3394,0.0169,7,1
236.0,7.0,298.0,298.0,298.0,238.0,116.9027,135.4289,49.0918,104.433,92.4392,298.0,298.0,377.0,219.0,0.0854,0.0854,0.0533,2,2
1952.0,61.0,179.0,239.0,239.0,119.0,168.087,535.3001,124.004,53.7401,47.8357,239.0,239.0,0.0,0.0,0.1319,0.0169,0.0192,8,7
2919.0,89.0,279.0,259.0,259.0,239.0,103.3102,283.5353,79.1202,39.5601,62.5,259.0,259.0,0.0,0.0,0.8442,0.6412,0.0394,3,5
536.0,17.0,99.0,179.0,179.0,258.0,137.0912,574.8211,100.7174,31.8944,13.0384,179.0,179.0,0.0,0.0,0.1968,0.1968,0.0387,2,7
9741.0,300.0,179.0,179.0,179.0,139.0,132.5009,118.5169,203.924,89.7357,83.7526,179.0,179.0,0.0,99.0,0.079,0.2125,0.0559,4,1
3596.0,111.0,119.0,199.0,199.0,298.0,261.1384,210.535,255.0,33.0492,40.0281,199.0,199.0,0.0,0.0,0.58,0.8115,0.0321,4,5
3512.0,108.0,139.0,99.0,358.0,179.0,193.9001,101.6673,266.2574,58.5769,100.0012,358.0,119.3333,0.0,0.0,0.0383,0.3008,0.0688,8,1
6713.0,200.0,99.0,99.0,99.0,99.0,125.9246,76.2053,100.6876,118.2582,110.3087,179.0,179.0,278.0,0.0,0.0435,0.1795,0.0397,8,1
2136.0,68.0,219.0,20.0,20.0,120.0,209.1345,71.3863,65.0,167.7573,174.305,20.0,20.0,0.0,0.0,1.0519,0.6819,0.0047,1,3
8382.0,263.0,159.0,179.0,179.0,139.0,102.0306,259.3318,61.6604,44.9444,47.5395,179.0,179.0,0.0,0.0,0.2327,0.2802,0.04,2,4
6379.0,188.0,159.0,219.0,219.0,159.0,97.2895,208.5863,6.7082,92.5864,97.0052,219.0,219.0,0.0,0.0,0.023,0.663,0.0522,10,5
134.0,4.0,139.0,99.0,198.0,139.0,318.5769,558.2764,253.16,63.0317,224.5557,198.0,99.0,0.0,990.0,0.259,0.259,0.025,2,7
1590.0,48.0,119.0,139.0,139.0,199.0,167.6969,130.0471,91.7824,79.1344,77.0406,139.0,139.0,0.0,0.0,0.2446,0.2496,0.0286,7,3
7381.0,225.0,159.0,179.0,179.0,338.0,816.3659,0.0,790.7591,37.3363,20.7966,338.0,338.0,0.0,1014.0,0.9318,0.9318,0.0337,9,1
4067.0,130.0,239.0,139.0,278.0,199.0,278.2175,131.4201,220.8189,57.8662,62.2435,139.0,139.0,0.0,0.0,0.1636,0.4321,0.0128,6,3
4836.0,148.0,259.0,179.0,179.0,99.0,116.0873,124.4639,36.3456,82.6075,83.4341,179.0,179.0,0.0,139.0,0.1621,0.1916,0.0102,1,8
3135.0,96.0,0.0,199.0,199.0,159.0,0.0,52.0048,0.0,48.7083,51.9711,199.0,199.0,0.0,399.0,0.7161,1.1741,0.0256,2,1
2625.0,79.0,20.0,239.0,239.0,339.0,259.2822,135.0454,301.2308,43.0116,72.0295,239.0,239.0,0.0,0.0,0.283,1.1785,0.0253,1,1
4480.0,138.0,278.0,119.0,119.0,179.0,250.1125,444.8508,150.7481,103.3683,103.5495,119.0,119.0,278.0,0.0,0.2712,0.2767,0.0147,1,5
8115.0,253.0,179.0,139.0,139.0,159.0,155.5972,142.4649,144.0868,13.9014,25.5441,139.0,139.0,0.0,0.0,0.0354,0.3684,0.0255,10,3
4555.0,142.0,139.0,219.0,219.0,99.0,95.1223,147.2175,96.0469,84.7172,83.0015,219.0,219.0,0.0,0.0,-0.0068,0.1347,0.0157,2,1
959.0,30.0,0.0,159.0,159.0,139.0,0.0,178.6708,0.0,54.2333,50.9166,159.0,159.0,0.0,0.0,0.0904,0.1309,0.0163,5,2
372.0,11.0,179.0,99.0,278.0,219.0,709.8204,86.7006,796.2826,85.4283,27.8568,278.0,139.0,0.0,1074.0,-0.0176,0.0634,0.0256,2,2
7069.0,215.0,80.0,80.0,80.0,179.0,180.5062,160.7809,236.8649,80.7001,61.5833,179.0,179.0,0.0,259.0,0.2583,0.1978,0.0323,1,2
4242.0,134.0,179.0,179.0,338.0,159.0,76.6322,238.4722,17.4642,60.7063,166.512,338.0,169.0,0.0,99.0,0.015,0.0295,0.0175,6,4
3905.0,125.0,139.0,199.0,199.0,179.0,120.8356,209.1531,48.2701,83.2902,76.787,159.0,159.0,338.0,358.0,0.1563,0.1753,0.0249,5,6
7051.0,214.0,179.0,139.0,139.0,179.0,315.643,89.8568,312.41,10.6066,18.4459,139.0,139.0,298.0,377.0,0.1663,0.2243,0.0437,2,2
1664.0,52.0,159.0,179.0,179.0,199.0,263.257,315.3336,246.0325,48.9004,52.8228,179.0,179.0,457.0,0.0,0.0676,0.0946,0.0157,4,4
1161.0,35.0,199.0,139.0,219.0,80.0,115.0761,149.8332,74.3303,46.543,52.0216,219.0,109.5,0.0,0.0,0.3528,0.4623,0.0457,6,2
5412.0,163.0,219.0,159.0,159.0,159.0,55.5023,192.6662,94.3398,45.025,48.9949,159.0,159.0,0.0,597.0,0.0592,0.0152,0.0173,4,5
3103.0,94.0,259.0,259.0,259.0,319.0,64.7244,104.5048,77.3692,18.1246,24.6982,259.0,259.0,0.0,0.0,0.9971,1.2976,0.0436,5,2
815.0,24.0,80.0,99.0,99.0,80.0,258.2562,546.6736,152.0822,107.0946,104.9238,99.0,99.0,0.0,0.0,0.1796,0.1296,0.0109,8,8
4244.0,134.0,179.0,139.0,139.0,179.0,607.0908,115.8285,774.0161,166.0369,169.5361,219.0,219.0,0.0,975.0,0.0295,0.02,0.0113,6,2
6516.0,193.0,80.0,139.0,139.0,80.0,145.6271,593.6449,128.9961,60.21,45.6207,99.0,99.0,0.0,0.0,0.1339,0.5514,0.0419,4,4
7856.0,242.0,99.0,139.0,139.0,99.0,58.5085,103.5809,99.5038,45.722,47.5631,139.0,139.0,0.0,139.0,0.1123,0.1013,0.0317,2,2
6030.0,178.0,80.0,80.0,80.0,80.0,319.9394,144.2099,222.3893,116.9241,113.2254,80.0,80.0,0.0,0.0,0.2561,0.3536,0.006,10,7
3308.0,100.0,199.0,80.0,80.0,80.0,26.6552,217.2061,95.0368,73.0924,71.7809,80.0,80.0,0.0,80.0,-0.07,0.4355,0.0108,8,1
3264.0,99.0,298.0,139.0,139.0,119.0,87.9233,55.9151,63.1348,36.0902,27.0647,139.0,139.0,0.0,0.0,0.275,0.2765,0.0198,9,2
6021.0,178.0,139.0,238.0,238.0,139.0,369.5487,184.5704,335.4311,41.7732,29.1247,238.0,238.0,0.0,0.0,0.0961,0.2561,0.0177,7,3
2150.0,69.0,259.0,120.0,120.0,20.0,258.9947,441.5725,205.4483,77.2528,73.0839,120.0,120.0,299.0,0.0,0.5989,1.5854,0.0348,2,6
8996.0,283.0,278.0,179.0,179.0,119.0,160.0383,242.7396,248.0907,92.8453,97.5833,179.0,179.0,0.0,337.0,0.1462,0.1752,0.0252,4,1
4169.0,133.0,278.0,99.0,99.0,99.0,383.2039,177.8145,379.0844,6.8007,5.2202,99.0,99.0,0.0,0.0,0.019,0.2085,0.0071,6,6
8895.0,280.0,159.0,278.0,278.0,139.0,165.0189,139.0,103.8171,66.9104,41.3552,199.0,199.0,0.0,199.0,0.1942,1.0012,0.0253,10,4
10607.0,325.0,119.0,179.0,179.0,179.0,122.7609,144.5424,90.0,48.4407,49.5101,179.0,179.0,0.0,0.0,0.1442,0.1397,0.0653,2,2
9910.0,304.0,0.0,179.0,179.0,119.0,145.0422,199.4655,193.933,72.0035,176.6388,318.0,159.0,0.0,3102.0,0.159,0.285,0.0257,1,1
5592.0,166.0,99.0,139.0,139.0,139.0,621.3445,178.5175,632.0831,94.1608,92.1805,139.0,139.0,2166.0,139.0,0.162,0.162,0.0104,4,3
9233.0,289.0,100.0,139.0,139.0,139.0,201.748,273.2215,190.759,26.8794,10.5119,139.0,139.0,0.0,318.0,0.2027,0.4197,0.0067,6,3
3229.0,98.0,179.0,259.0,259.0,80.0,372.5225,136.5742,410.7578,44.3847,70.5142,259.0,259.0,0.0,0.0,-0.1324,0.0771,0.0182,7,1
6697.0,200.0,99.0,80.0,80.0,139.0,505.7836,26.5047,582.1065,81.4877,92.8924,80.0,80.0,278.0,0.0,-0.0089,0.2751,0.0177,4,1
10575.0,324.0,99.0,139.0,139.0,239.0,195.686,312.3604,252.5787,68.884,77.5258,139.0,139.0,1213.0,0.0,0.0242,0.1637,0.0242,5,1
7416.0,226.0,80.0,80.0,80.0,119.0,246.575,670.4364,179.4018,421.0701,428.5572,100.0,100.0,1254.0,0.0,-0.1407,0.1933,0.0122,3,6
8041.0,250.0,139.0,199.0,199.0,119.0,73.0154,80.6489,101.3163,52.2901,49.0026,199.0,199.0,0.0,0.0,0.1663,0.2028,0.035,3,1
6041.0,179.0,119.0,179.0,259.0,199.0,93.6082,105.0107,49.6488,54.4243,30.7612,259.0,129.5,0.0,0.0,0.1866,0.2416,0.0277,1,3
2668.0,80.0,179.0,638.0,638.0,678.0,514.7487,0.0,556.4351,33.6155,26.0864,638.0,638.0,0.0,638.0,2.9875,2.9875,0.178,2,2
2151.0,69.0,120.0,20.0,20.0,279.0,441.5725,178.362,473.6085,37.6431,35.107,20.0,20.0,279.0,20.0,0.5989,1.5854,0.0058,2,2
7735.0,239.0,219.0,99.0,99.0,139.0,226.0138,147.5686,169.7056,56.2694,65.0481,99.0,99.0,0.0,0.0,0.2556,0.1136,0.0141,4,4
1873.0,58.0,99.0,239.0,418.0,139.0,173.1416,104.0,219.2761,58.1378,88.3883,258.0,258.0,0.0,258.0,0.3453,0.2394,0.0392,7,1
2464.0,77.0,20.0,139.0,139.0,20.0,1118.9992,99.7309,203.4158,191.053,183.9599,139.0,139.0,837.0,0.0,-1.226,0.447,0.0123,6,2
10081.0,308.0,199.0,179.0,179.0,139.0,57.8662,77.4919,178.0169,118.4926,108.0116,139.0,139.0,0.0,139.0,0.0242,-0.0023,0.0149,3,2
8907.0,281.0,139.0,199.0,199.0,139.0,403.9715,692.9203,370.2999,41.9672,30.2035,199.0,199.0,0.0,0.0,0.1047,0.0957,0.0237,2,8
4804.0,148.0,258.0,139.0,139.0,179.0,86.2047,196.7905,230.3389,187.6706,184.2715,139.0,139.0,0.0,0.0,0.1951,0.3161,0.0079,5,3
6704.0,200.0,99.0,139.0,338.0,99.0,300.5004,252.3846,313.4358,14.2215,22.4611,338.0,169.0,0.0,676.0,-0.078,0.2751,0.0749,4,3
9265.0,289.0,99.0,100.0,100.0,139.0,155.2297,96.566,226.9207,114.4771,106.7825,139.0,139.0,3160.0,438.0,0.1102,0.1792,0.0067,6,1
5868.0,174.0,139.0,179.0,298.0,239.0,70.0874,100.7435,47.5395,33.989,186.1887,378.0,189.0,0.0,378.0,0.094,0.0775,0.038,3,4
8082.0,252.0,0.0,99.0,99.0,119.0,0.0,67.6018,0.0,59.1122,66.6802,99.0,99.0,219.0,0.0,0.0103,0.0558,0.0309,2,2
7298.0,224.0,119.0,80.0,80.0,139.0,154.0203,493.6583,92.8493,71.0106,81.9771,80.0,80.0,557.0,0.0,0.1138,0.0528,0.0119,2,4
1481.0,44.0,99.0,139.0,139.0,99.0,118.423,108.9036,123.1787,5.2202,35.7946,258.0,258.0,0.0,1032.0,0.2366,0.2366,0.0173,6,1
6837.0,204.0,80.0,80.0,80.0,139.0,24.1506,0.0,68.7677,73.6495,66.772,80.0,80.0,0.0,80.0,0.4074,0.4074,0.0166,3,1
882.0,27.0,179.0,139.0,139.0,219.0,164.0732,274.5656,213.0,56.4624,51.4198,139.0,139.0,0.0,278.0,0.1469,0.1469,0.0324,1,1
7288.0,223.0,139.0,139.0,278.0,99.0,257.7072,585.7184,366.3796,141.2887,75.4072,278.0,139.0,0.0,0.0,0.5098,0.4313,0.0666,10,1
4931.0,150.0,199.0,179.0,179.0,139.0,189.7215,180.5028,104.4797,83.4641,69.916,179.0,179.0,0.0,0.0,0.1196,0.2356,0.0161,6,2
5567.0,166.0,99.0,159.0,338.0,139.0,113.2166,788.9899,50.2494,62.8828,146.0009,338.0,169.0,0.0,0.0,0.035,0.106,0.0253,5,6
7293.0,224.0,139.0,318.0,318.0,179.0,50.9215,101.1237,97.1854,76.0428,61.1739,318.0,318.0,0.0,0.0,0.0238,0.1138,0.0473,1,1
974.0,30.0,179.0,80.0,80.0,139.0,162.2421,205.9235,94.4299,67.6702,71.9253,80.0,80.0,0.0,0.0,0.1449,0.0989,0.0082,10,4
10357.0,316.0,179.0,80.0,80.0,119.0,169.0976,112.51,216.1157,46.0027,81.0077,80.0,80.0,0.0,0.0,0.3178,0.2303,0.0149,3,1
4523.0,140.0,278.0,318.0,318.0,238.0,741.5153,409.1314,875.8225,151.9581,149.7005,318.0,318.0,0.0,0.0,0.1942,0.1052,0.063,3,1
4661.0,144.0,199.0,219.0,219.0,259.0,210.0214,216.0208,107.0047,105.5047,85.0529,219.0,219.0,0.0,0.0,-0.1608,0.0647,0.0239,5,2
2683.0,81.0,140.0,219.0,558.0,279.0,701.005,230.0804,670.6489,76.4232,218.5824,558.0,186.0,0.0,0.0,0.2295,0.9595,0.0596,3,2
3840.0,123.0,99.0,199.0,199.0,219.0,181.8193,181.2078,173.7613,33.6823,46.0353,199.0,199.0,0.0,0.0,0.2338,0.2128,0.0441,4,4
7761.0,239.0,80.0,80.0,80.0,119.0,29.9207,256.8292,73.6614,60.3738,80.9707,80.0,80.0,595.0,537.0,0.1046,0.1806,0.0114,1,3
4408.0,136.0,199.0,179.0,179.0,159.0,133.6507,127.3862,70.406,67.0019,63.0099,179.0,179.0,0.0,0.0,0.3262,0.2912,0.0067,10,4
6051.0,179.0,219.0,159.0,298.0,179.0,117.0171,125.004,37.0,82.5136,46.3816,298.0,149.0,0.0,0.0,0.0261,-0.0124,0.0319,4,4
4617.0,143.0,179.0,298.0,378.0,239.0,325.6275,507.5355,416.1947,88.4604,47.1699,378.0,189.0,0.0,0.0,0.2777,0.2312,0.0439,9,1
670.0,21.0,159.0,219.0,358.0,179.0,112.1037,56.029,141.6757,186.9184,88.5579,358.0,179.0,0.0,0.0,0.2221,0.4941,0.0332,8,6
4047.0,130.0,139.0,159.0,159.0,199.0,113.5473,158.5197,54.1202,63.3482,64.6239,159.0,159.0,0.0,159.0,0.2366,0.3241,0.0146,10,2
4711.0,145.0,139.0,219.0,219.0,238.0,76.2529,252.5045,103.6002,116.2422,106.8562,219.0,219.0,238.0,438.0,0.2152,0.2152,0.0264,2,2
3685.0,115.0,179.0,179.0,179.0,80.0,357.0224,573.6055,324.4503,30.6023,47.8357,179.0,179.0,379.0,80.0,0.2485,0.117,0.0364,7,6
10522.0,321.0,99.0,258.0,258.0,80.0,124.0585,94.5939,65.215,105.3874,93.6056,139.0,139.0,5448.0,139.0,0.1042,-0.0083,0.0139,3,2
3957.0,127.0,139.0,159.0,159.0,159.0,112.8683,101.0272,23.0868,90.7483,93.5,159.0,159.0,0.0,0.0,0.2141,0.4466,0.0211,7,4
7577.0,231.0,80.0,258.0,258.0,219.0,572.1713,799.2723,525.7614,66.4831,57.7256,258.0,258.0,0.0,0.0,0.3207,0.3127,0.0433,2,6
7674.0,236.0,278.0,159.0,159.0,99.0,103.646,179.0175,83.2947,32.5,62.5859,219.0,219.0,0.0,219.0,0.1721,0.2906,0.022,9,5
6764.0,203.0,99.0,119.0,119.0,99.0,299.4015,302.0981,276.0072,32.6841,31.8904,119.0,119.0,0.0,0.0,0.1124,0.0179,0.0122,1,3
7159.0,219.0,199.0,80.0,199.0,99.0,300.0375,114.0175,389.56,95.8449,103.4843,199.0,99.5,0.0,0.0,0.1586,0.0901,0.0317,4,1
4657.0,144.0,179.0,179.0,179.0,159.0,269.5297,220.096,193.5071,75.1083,69.7209,179.0,179.0,0.0,358.0,-0.0238,-0.0238,0.0196,2,4
7544.0,230.0,139.0,159.0,159.0,159.0,234.8601,541.6013,180.0444,63.5708,60.7988,159.0,159.0,0.0,0.0,0.1487,0.5327,0.0315,10,5
6129.0,181.0,0.0,99.0,99.0,238.0,0.0,203.702,0.0,57.0088,56.8001,99.0,99.0,0.0,0.0,-0.0094,0.1366,0.0116,2,2
1238.0,38.0,80.0,139.0,238.0,139.0,70.8414,77.9647,69.7782,54.6123,55.536,238.0,119.0,0.0,0.0,0.0213,0.3878,0.0365,9,1
2318.0,73.0,100.0,179.0,179.0,379.0,100.3457,521.6474,42.19,50.1224,50.9166,100.0,100.0,3328.0,100.0,1.6042,4.4917,0.0062,10,6
3634.0,113.0,0.0,80.0,80.0,80.0,0.0,145.664,0.0,45.1885,27.2947,80.0,80.0,0.0,0.0,0.281,0.3645,0.023,2,2
2290.0,73.0,239.0,159.0,159.0,179.0,80.8486,206.202,71.5891,38.0526,24.6221,159.0,159.0,179.0,0.0,-0.4198,-0.3453,0.0098,5,4
3372.0,103.0,119.0,159.0,159.0,139.0,94.3835,271.3899,153.5839,51.0,48.3994,159.0,159.0,933.0,159.0,0.0845,0.248,0.0222,3,4
10117.0,309.0,179.0,259.0,259.0,199.0,168.6453,143.1477,122.0656,56.4026,81.391,259.0,259.0,199.0,0.0,0.1032,0.0882,0.0307,1,2
726.0,22.0,298.0,199.0,199.0,298.0,85.3361,100.6293,114.0219,127.0089,121.1033,179.0,179.0,1391.0,3479.0,0.0271,0.0316,0.0107,2,1
6292.0,185.0,139.0,119.0,119.0,179.0,413.2242,87.8877,387.9652,29.3002,34.0074,239.0,119.5,1849.0,239.0,0.404,0.196,0.0354,3,2
1917.0,60.0,80.0,179.0,179.0,179.0,651.5491,691.7301,662.0045,51.5024,62.532,179.0,179.0,0.0,0.0,0.2724,0.2724,0.0866,2,1
1951.0,61.0,80.0,179.0,179.0,239.0,202.021,168.087,122.0,87.2425,79.5063,179.0,179.0,0.0,0.0,0.1319,0.0169,0.0144,8,6
5586.0,166.0,80.0,139.0,139.0,99.0,394.5155,1362.7092,516.5123,113.3986,1166.9538,139.0,139.0,0.0,0.0,0.269,0.162,0.0104,10,1
3184.0,97.0,199.0,80.0,80.0,20.0,197.2777,575.3438,46.3249,148.9874,126.0258,80.0,80.0,0.0,0.0,0.3171,1.7931,0.0154,3,4
493.0,15.0,298.0,358.0,358.0,179.0,107.6162,130.1768,84.0536,58.86,56.4646,358.0,358.0,0.0,0.0,0.1383,0.1233,0.0379,6,1
8722.0,277.0,179.0,159.0,159.0,199.0,262.7936,115.5692,235.2552,70.6045,68.2367,159.0,159.0,199.0,0.0,0.0068,0.1478,0.0168,1,2
769.0,23.0,199.0,238.0,238.0,119.0,184.017,22.809,199.1231,10.5475,7.9057,238.0,238.0,119.0,0.0,0.1296,0.1351,0.0367,3,3
58.0,2.0,159.0,258.0,258.0,239.0,90.1804,78.729,81.939,19.5,20.0998,258.0,258.0,0.0,0.0,0.168,0.203,0.0241,5,2
153.0,5.0,179.0,199.0,338.0,80.0,231.7159,620.942,46.6905,180.025,99.9525,338.0,169.0,0.0,0.0,-0.0035,0.132,0.0302,4,6
9216.0,288.0,80.0,398.0,398.0,179.0,500.2559,237.4279,431.094,73.0274,60.533,398.0,398.0,1412.0,0.0,0.1862,0.2482,0.057,10,7
4430.0,136.0,159.0,219.0,219.0,179.0,97.3255,185.7969,191.7081,121.7631,131.577,199.0,199.0,0.0,219.0,0.0502,0.0487,0.0074,5,6
95.0,3.0,99.0,159.0,159.0,99.0,389.9551,223.1636,481.9315,89.9847,80.5373,159.0,159.0,0.0,0.0,0.1945,0.3395,0.0281,8,1
3532.0,109.0,119.0,398.0,398.0,179.0,243.5262,649.6676,141.1737,93.8416,85.821,398.0,398.0,0.0,0.0,0.5365,0.1645,0.0996,5,7
4028.0,130.0,139.0,338.0,338.0,219.0,207.8702,105.5047,236.753,92.057,80.3275,338.0,338.0,0.0,0.0,0.1081,0.2866,0.0311,2,1
5311.0,160.0,0.0,179.0,179.0,159.0,0.0,269.8453,0.0,70.2567,74.6408,179.0,179.0,0.0,0.0,-0.0848,0.2022,0.0441,4,1
5027.0,153.0,119.0,99.0,99.0,80.0,874.8634,75.0267,989.0682,123.6285,136.0606,99.0,99.0,0.0,0.0,0.3651,0.3131,0.0083,7,1
5692.0,168.0,99.0,139.0,139.0,80.0,140.4608,872.8717,108.5219,122.0092,116.9722,139.0,139.0,0.0,0.0,0.327,0.086,0.0133,10,1
10612.0,325.0,139.0,159.0,159.0,119.0,169.2705,413.0399,126.1507,40.1155,38.7621,159.0,159.0,0.0,0.0,0.1332,0.4577,0.058,3,4
10093.0,308.0,219.0,80.0,80.0,80.0,148.4461,158.418,85.3756,72.0069,83.1039,80.0,80.0,0.0,139.0,0.0122,0.0122,0.0086,6,2
4330.0,135.0,179.0,199.0,199.0,179.0,142.5877,88.0057,93.1343,48.5103,53.0024,199.0,199.0,0.0,199.0,-0.0385,0.091,0.0123,4,6
9096.0,286.0,119.0,119.0,119.0,179.0,277.6626,179.0566,333.0015,58.5769,44.601,139.0,139.0,318.0,258.0,0.3162,0.3162,0.0154,1,3
5888.0,175.0,139.0,199.0,199.0,139.0,414.2855,189.3198,364.2321,50.2245,59.0021,199.0,199.0,0.0,0.0,0.1775,0.122,0.0329,2,5
3955.0,127.0,219.0,179.0,179.0,139.0,91.0124,89.9514,35.6931,60.1768,61.1658,179.0,179.0,0.0,0.0,0.2141,0.4466,0.0237,7,2
8281.0,258.0,139.0,119.0,119.0,99.0,135.7442,183.0027,96.566,43.546,42.8544,119.0,119.0,0.0,0.0,0.0109,0.0629,0.0194,10,3
994.0,30.0,119.0,139.0,139.0,100.0,576.5312,190.5151,461.0694,114.3164,110.8264,139.0,139.0,0.0,0.0,0.0784,0.0989,0.0143,1,5
8493.0,268.0,179.0,139.0,139.0,139.0,60.2993,111.1362,33.1059,47.1832,62.6139,139.0,139.0,0.0,0.0,0.0772,0.1077,0.0322,1,4
832.0,25.0,0.0,119.0,298.0,219.0,0.0,249.2569,0.0,46.0435,97.1288,298.0,149.0,0.0,0.0,0.0966,0.0966,0.051,1,1
5625.0,167.0,239.0,119.0,338.0,99.0,426.5563,191.845,529.7735,100.1012,50.6014,338.0,169.0,0.0,0.0,0.0825,0.052,0.0227,3,1
10608.0,325.0,179.0,179.0,179.0,179.0,144.5424,249.8024,148.4082,20.5973,6.0208,179.0,179.0,0.0,0.0,0.1442,0.1397,0.0653,2,4
705.0,22.0,159.0,100.0,100.0,80.0,606.0101,114.9282,702.1204,92.0883,98.3781,139.0,139.0,0.0,776.0,0.2036,0.1361,0.0083,9,3
6198.0,183.0,179.0,179.0,179.0,139.0,301.5933,128.0625,267.3668,35.0464,38.3471,179.0,179.0,0.0,0.0,0.1806,0.1946,0.0172,1,5
1738.0,54.0,80.0,99.0,99.0,238.0,808.1765,88.8623,884.4462,69.029,71.1003,239.0,239.0,1272.0,0.0,0.1784,0.3754,0.0394,8,1
7977.0,248.0,179.0,99.0,99.0,179.0,617.5275,116.0399,630.4197,30.5164,46.1736,99.0,99.0,0.0,99.0,0.2298,0.3053,0.0135,6,3
8287.0,258.0,179.0,139.0,238.0,159.0,194.5308,139.4211,263.8788,77.1314,81.0586,179.0,179.0,0.0,0.0,-0.0366,0.4249,0.0292,2,2
10783.0,332.0,80.0,139.0,139.0,139.0,158.1305,139.5797,219.4767,64.5949,49.7393,139.0,139.0,0.0,0.0,0.204,0.1515,0.031,5,1
8182.0,255.0,179.0,80.0,80.0,139.0,87.5357,221.5141,57.0088,28.6094,29.0043,80.0,80.0,1749.0,0.0,0.2689,0.5094,0.0097,7,3
10095.0,308.0,219.0,80.0,80.0,80.0,196.0006,73.5425,232.0539,35.9026,24.8395,139.0,139.0,0.0,139.0,-0.0248,0.1787,0.0149,6,2
10461.0,319.0,99.0,139.0,139.0,99.0,119.3838,70.9366,66.4831,86.954,65.073,80.0,80.0,99.0,0.0,-0.0873,0.2312,0.0142,2,3
8713.0,276.0,139.0,119.0,119.0,219.0,195.9656,174.5623,183.1338,11.0114,23.0705,119.0,119.0,0.0,119.0,0.1448,0.3118,0.0209,9,3
10216.0,311.0,119.0,238.0,357.0,99.0,845.7489,154.749,928.453,90.05,100.8588,99.0,99.0,0.0,0.0,0.1867,0.2377,0.0124,2,1
7850.0,242.0,0.0,99.0,99.0,119.0,0.0,151.8634,0.0,47.2705,51.7035,99.0,99.0,0.0,0.0,0.0783,0.1883,0.0225,1,1
8919.0,281.0,238.0,80.0,80.0,80.0,495.1528,347.013,606.4693,110.0965,103.7413,80.0,80.0,0.0,0.0,0.0077,0.1982,0.0095,5,1
940.0,28.0,338.0,199.0,199.0,179.0,537.5733,149.7707,471.4446,60.6012,37.1652,219.0,219.0,0.0,219.0,-0.0171,-0.0171,0.0234,1,8
6176.0,182.0,298.0,199.0,199.0,119.0,130.0779,78.5064,131.9735,16.14,16.0078,239.0,239.0,0.0,239.0,0.0096,0.1061,0.0296,2,3
4572.0,142.0,99.0,139.0,139.0,259.0,90.5884,182.3417,115.1217,30.7002,39.1184,139.0,139.0,0.0,139.0,-0.0998,0.0552,0.01,5,2
6815.0,204.0,80.0,80.0,80.0,119.0,153.5489,119.8384,164.5144,33.5596,35.5844,80.0,80.0,577.0,439.0,0.2779,0.3464,0.0166,1,2
753.0,22.0,159.0,100.0,100.0,80.0,222.7431,192.7706,116.4302,105.1404,113.0675,119.0,119.0,0.0,776.0,0.1421,1.4366,0.0071,9,3
105.0,4.0,378.0,139.0,139.0,139.0,64.158,57.9008,182.1648,118.1397,115.5865,99.0,99.0,0.0,0.0,0.236,0.196,0.0125,10,1
6659.0,198.0,159.0,119.0,119.0,119.0,110.6345,205.1195,86.1626,29.1548,24.2074,119.0,119.0,218.0,0.0,0.1746,0.066,0.0285,2,6
10176.0,310.0,139.0,139.0,238.0,179.0,430.308,142.4254,537.5435,122.173,49.8448,238.0,119.0,0.0,0.0,0.1382,0.2032,0.0306,7,1
7354.0,225.0,258.0,199.0,199.0,139.0,254.6566,233.6204,168.8342,99.1476,89.0632,199.0,199.0,0.0,0.0,-0.0092,0.1033,0.0199,7,2
2833.0,86.0,20.0,140.0,140.0,20.0,113.5892,200.1225,35.8469,103.5012,104.9774,140.0,140.0,0.0,0.0,-0.8648,-0.2613,0.0159,5,2
115.0,4.0,219.0,139.0,139.0,278.0,311.137,182.5829,408.2707,98.5203,103.1213,139.0,139.0,358.0,737.0,0.0895,0.147,0.0175,7,3
9665.0,298.0,99.0,80.0,80.0,139.0,432.0706,113.7036,440.696,66.3268,69.9714,80.0,80.0,139.0,0.0,0.1061,0.1316,0.0118,1,2
4616.0,143.0,179.0,99.0,278.0,298.0,239.1025,325.6275,187.5233,46.9308,31.504,278.0,139.0,0.0,0.0,0.2777,0.2312,0.0323,8,5
1139.0,34.0,139.0,179.0,259.0,139.0,101.6526,224.831,79.2275,28.9698,30.4385,259.0,129.5,0.0,0.0,0.3803,0.3508,0.0335,9,4
8107.0,253.0,179.0,159.0,159.0,199.0,112.1751,272.1369,48.2597,70.0589,61.4003,159.0,159.0,0.0,0.0,0.0409,0.1289,0.0292,4,3
62.0,2.0,179.0,119.0,119.0,139.0,158.2024,167.6343,113.0708,49.135,40.0312,119.0,119.0,0.0,0.0,0.1745,0.203,0.0111,7,3
2108.0,66.0,179.0,179.0,179.0,139.0,121.1084,98.6927,103.0776,14.7054,20.5973,179.0,179.0,0.0,179.0,0.1649,0.3234,0.0179,5,1
2110.0,66.0,159.0,119.0,199.0,80.0,167.7982,202.5913,145.1241,34.6699,51.6164,239.0,239.0,4912.0,239.0,0.1514,0.3404,0.0239,6,3
8466.0,267.0,159.0,219.0,219.0,219.0,62.566,232.9211,27.5136,70.0321,67.0615,219.0,219.0,0.0,0.0,0.2807,0.3002,0.0435,1,3
6757.0,203.0,0.0,99.0,99.0,179.0,0.0,284.103,0.0,119.6349,105.5237,99.0,99.0,358.0,119.0,0.0214,0.1124,0.0102,4,3
7909.0,245.0,0.0,159.0,159.0,119.0,0.0,188.9874,0.0,91.8491,75.9605,159.0,159.0,0.0,0.0,0.3593,0.2648,0.0889,2,1
10904.0,336.0,139.0,378.0,378.0,179.0,362.7124,470.3576,321.0,53.6493,27.8657,378.0,378.0,0.0,0.0,-0.0165,0.0535,0.0322,4,4
5580.0,166.0,99.0,80.0,80.0,99.0,398.6289,130.6771,425.0706,27.2259,23.838,80.0,80.0,0.0,0.0,0.24,0.275,0.006,8,1
6657.0,198.0,99.0,239.0,239.0,99.0,238.0005,505.004,225.6103,44.1192,26.8002,239.0,239.0,0.0,219.0,0.1145,0.1736,0.0573,1,1
7364.0,225.0,219.0,139.0,139.0,278.0,174.5029,300.72,79.1012,91.6965,76.5588,139.0,139.0,576.0,298.0,0.0363,0.3013,0.0139,9,6
1432.0,44.0,179.0,139.0,139.0,139.0,140.4146,61.4003,91.2195,83.7257,79.9078,139.0,139.0,0.0,139.0,0.1446,0.1921,0.0093,1,2
1067.0,32.0,239.0,139.0,139.0,199.0,152.4508,358.8109,96.5194,53.0094,43.6835,139.0,139.0,0.0,0.0,0.1034,0.0854,0.0421,3,3
410.0,12.0,139.0,119.0,119.0,119.0,208.0487,149.1208,32.5576,173.572,157.0796,119.0,119.0,0.0,0.0,0.2658,0.3083,0.0215,8,5
4300.0,135.0,199.0,219.0,219.0,99.0,218.0573,103.8472,107.3546,118.7697,113.2486,219.0,219.0,0.0,0.0,0.27,0.27,0.0135,9,5
9142.0,287.0,99.0,139.0,139.0,219.0,194.0928,410.8637,186.8689,8.9022,4.1231,139.0,139.0,0.0,0.0,0.1342,0.1542,0.0142,2,4
4248.0,134.0,139.0,179.0,179.0,179.0,112.1606,169.5029,42.107,73.0839,82.8734,139.0,139.0,835.0,615.0,-0.0625,0.2625,0.0072,6,3
9068.0,285.0,179.0,99.0,99.0,179.0,89.6939,251.6987,131.1869,66.9216,70.4006,99.0,99.0,0.0,0.0,0.2327,0.3802,0.0167,4,1
2629.0,79.0,199.0,379.0,379.0,299.0,87.5014,300.4813,39.4462,94.1409,92.8036,379.0,379.0,837.0,0.0,0.8685,1.5165,0.0401,2,4
818.0,24.0,179.0,80.0,80.0,80.0,268.6471,162.7775,190.213,70.9454,63.0734,80.0,80.0,0.0,0.0,-0.0269,0.1296,0.0088,10,3
10515.0,321.0,139.0,179.0,179.0,258.0,211.5148,243.0741,172.3514,41.6803,49.9625,179.0,179.0,0.0,179.0,0.2622,0.2592,0.0178,8,3
9025.0,284.0,139.0,616.0,616.0,159.0,365.3505,638.0384,338.0311,34.3984,48.3865,616.0,616.0,298.0,0.0,0.0842,0.2257,0.0721,1,6
4433.0,136.0,238.0,199.0,199.0,199.0,91.3085,95.4529,50.9215,48.0885,50.2842,199.0,199.0,0.0,199.0,0.0487,0.0442,0.0074,5,2
745.0,22.0,199.0,159.0,159.0,119.0,176.5453,143.014,101.5972,74.0827,72.5603,159.0,159.0,0.0,477.0,0.0321,0.1671,0.0095,7,2
9669.0,298.0,179.0,100.0,100.0,119.0,648.0031,243.6155,776.7091,125.6433,131.0467,100.0,100.0,0.0,0.0,0.1061,0.2531,0.0148,2,1
8990.0,283.0,99.0,219.0,219.0,199.0,319.0251,684.5928,251.3901,66.6108,43.6406,219.0,219.0,0.0,0.0,0.0817,0.1462,0.0308,2,8
981.0,30.0,179.0,258.0,258.0,139.0,84.8896,367.1597,87.0919,79.6571,79.4292,239.0,239.0,796.0,0.0,0.0774,0.1174,0.0245,3,1
6097.0,180.0,179.0,199.0,199.0,238.0,91.2277,218.0052,34.2345,56.5796,61.5995,199.0,199.0,0.0,0.0,0.0341,0.1126,0.0193,4,3
4686.0,144.0,179.0,219.0,219.0,239.0,198.0057,242.6489,126.0198,68.884,79.267,219.0,219.0,0.0,0.0,0.0902,0.1427,0.0239,8,8
2166.0,70.0,179.0,80.0,80.0,299.0,148.0304,752.7378,153.7335,43.3503,48.8365,80.0,80.0,718.0,0.0,0.4999,0.3379,0.0065,3,7
5707.0,169.0,179.0,179.0,179.0,159.0,154.0008,451.5377,84.0,74.6676,75.5993,179.0,179.0,0.0,0.0,0.1325,0.1055,0.0225,2,5
9098.0,286.0,139.0,238.0,318.0,99.0,256.1528,1013.6105,286.0087,23.817,932.2544,318.0,159.0,0.0,0.0,0.3162,0.2302,0.0352,2,2
4255.0,134.0,80.0,179.0,318.0,238.0,192.5649,210.0012,304.2433,113.5044,56.0357,318.0,159.0,0.0,0.0,0.2625,0.314,0.0164,9,1
2912.0,89.0,0.0,120.0,120.0,20.0,0.0,850.245,0.0,90.1471,60.0521,120.0,120.0,0.0,0.0,0.4637,0.9212,0.0182,1,1
3972.0,128.0,0.0,159.0,159.0,238.0,0.0,246.224,0.0,91.6365,59.1354,159.0,159.0,1850.0,0.0,0.0921,0.6741,0.0791,4,3
8479.0,267.0,99.0,239.0,239.0,239.0,141.2029,84.0536,174.3932,35.7561,49.6236,239.0,239.0,0.0,0.0,0.2242,0.5592,0.0475,7,1
6488.0,192.0,99.0,99.0,99.0,199.0,51.12,99.3642,97.6217,46.8108,36.225,99.0,99.0,0.0,99.0,0.0344,0.0404,0.0262,7,1
1409.0,43.0,139.0,258.0,258.0,239.0,170.5,98.256,180.4993,74.108,81.0247,239.0,119.5,0.0,0.0,0.1837,0.2327,0.0198,6,1
7791.0,240.0,139.0,139.0,139.0,80.0,506.0089,160.8182,532.9034,46.4004,45.401,99.0,99.0,3639.0,80.0,0.0801,0.1526,0.0094,4,2
9359.0,290.0,80.0,99.0,218.0,239.0,120.9153,112.5544,120.1083,16.3478,14.5774,218.0,109.0,0.0,0.0,0.1402,0.2407,0.0316,7,2
1163.0,35.0,239.0,119.0,218.0,119.0,77.1767,39.6138,100.7224,69.0254,65.3242,218.0,109.0,0.0,0.0,0.3843,0.4623,0.0455,8,1
3845.0,123.0,139.0,80.0,80.0,99.0,78.4618,102.7533,112.3299,99.3793,93.5655,139.0,139.0,0.0,0.0,0.1693,0.2558,0.0308,5,1
2538.0,78.0,199.0,279.0,279.0,199.0,1098.318,112.5722,374.2005,128.1503,99.0,359.0,359.0,11655.0,4861.0,0.421,0.948,0.009,6,2
7292.0,224.0,179.0,139.0,139.0,139.0,158.749,443.6623,119.2518,74.3388,64.7476,139.0,139.0,0.0,0.0,0.0028,0.1138,0.0207,1,4
4275.0,135.0,278.0,159.0,338.0,179.0,63.1447,56.7979,123.065,72.2011,105.0,338.0,169.0,458.0,1688.0,0.2775,0.2775,0.0209,1,1
3896.0,125.0,80.0,119.0,119.0,119.0,208.0601,200.8109,202.83,45.31,51.0098,119.0,119.0,337.0,119.0,0.2953,0.2953,0.0187,3,3
7135.0,217.0,80.0,139.0,139.0,99.0,226.6787,153.16,194.2576,32.5346,45.8912,139.0,139.0,0.0,0.0,0.0546,0.4871,0.0362,10,3
2017.0,64.0,159.0,99.0,99.0,239.0,72.5207,352.7694,131.2288,53.3877,56.029,99.0,99.0,0.0,99.0,0.3014,0.3014,0.0317,7,1
10539.0,321.0,99.0,80.0,80.0,80.0,299.1028,110.9076,340.1544,60.407,71.0862,199.0,199.0,0.0,298.0,0.0417,0.1057,0.0198,7,1
3992.0,129.0,358.0,199.0,199.0,239.0,110.8885,550.3135,84.0536,54.0393,52.3689,199.0,199.0,2863.0,0.0,0.1591,0.3011,0.0174,3,7
6632.0,197.0,119.0,159.0,159.0,99.0,308.6118,528.9357,283.5719,31.5793,24.2539,159.0,159.0,0.0,0.0,-0.0124,0.2091,0.0299,8,5
3728.0,117.0,119.0,80.0,80.0,119.0,303.5334,337.8113,283.5101,34.6771,27.0601,80.0,80.0,0.0,0.0,0.1651,0.1166,0.0228,7,4
8992.0,283.0,0.0,179.0,179.0,219.0,221.5023,188.1495,56.9386,165.7966,146.5486,199.0,199.0,0.0,278.0,0.1052,0.1462,0.028,3,2
3510.0,108.0,199.0,119.0,119.0,139.0,535.1479,180.3607,616.6628,86.0145,67.1007,119.0,119.0,0.0,0.0,0.0383,0.1623,0.0229,7,1
9011.0,283.0,119.0,139.0,139.0,238.0,336.322,516.6297,380.9265,53.7587,71.2776,139.0,139.0,0.0,0.0,0.1557,0.2982,0.0195,9,1
7813.0,240.0,139.0,80.0,80.0,99.0,99.5301,470.802,38.2753,90.8639,79.577,179.0,179.0,3658.0,179.0,-0.0834,0.1181,0.0171,5,6
5010.0,153.0,378.0,99.0,198.0,139.0,145.1981,235.604,222.3893,70.9524,60.5186,198.0,99.0,0.0,198.0,0.0241,0.1056,0.0165,3,2
8022.0,249.0,139.0,139.0,437.0,119.0,64.9346,197.784,49.4773,17.9234,33.5261,437.0,218.5,1550.0,0.0,0.1428,0.1643,0.0785,6,3
2424.0,76.0,279.0,299.0,299.0,199.0,202.1417,130.5527,247.8003,55.6597,99.9512,299.0,299.0,0.0,0.0,0.2682,0.3472,0.0334,6,1
1925.0,61.0,0.0,159.0,159.0,139.0,81.0062,108.5564,30.4138,52.9741,73.1317,160.0,80.0,736.0,419.0,0.1029,0.1029,0.0129,4,4
1129.0,34.0,219.0,219.0,219.0,179.0,56.8001,98.5812,98.7927,72.7908,60.102,199.0,199.0,755.0,0.0,0.2948,0.2793,0.0257,3,1
10230.0,311.0,99.0,119.0,119.0,99.0,171.3337,624.1194,158.9119,17.0074,17.9234,119.0,119.0,0.0,0.0,0.0887,0.1767,0.0149,6,7
5033.0,153.0,119.0,139.0,139.0,139.0,117.031,126.0724,61.1882,55.084,42.72,139.0,139.0,0.0,0.0,0.2806,0.4191,0.0116,8,7
6052.0,179.0,139.0,179.0,179.0,318.0,125.004,449.3,86.0233,51.1297,58.0086,179.0,179.0,0.0,0.0,-0.0409,0.0071,0.0192,4,5
5720.0,169.0,238.0,139.0,238.0,80.0,130.2162,436.9751,96.2549,38.8909,62.0081,159.0,159.0,0.0,159.0,0.033,0.047,0.0199,4,4
4514.0,139.0,199.0,139.0,298.0,159.0,784.7345,201.4274,875.7288,80.5761,52.2805,298.0,149.0,0.0,596.0,0.1882,0.4932,0.0777,2,1
548.0,17.0,417.0,99.0,99.0,119.0,131.0467,424.5027,116.297,32.5346,27.0601,99.0,99.0,0.0,0.0,0.2083,0.0128,0.0214,8,2
10844.0,334.0,139.0,159.0,159.0,139.0,152.5549,129.4025,151.4761,25.005,7.6322,159.0,159.0,0.0,0.0,0.1375,0.267,0.0263,4,4
9129.0,286.0,99.0,139.0,139.0,219.0,129.0349,1454.5416,129.9885,16.5076,1328.823,139.0,139.0,0.0,278.0,0.1462,0.1072,0.0154,10,5
3987.0,129.0,139.0,199.0,199.0,139.0,153.6953,69.3055,193.982,79.3788,44.5112,438.0,219.0,0.0,179.0,0.0941,0.1591,0.0384,3,1
1595.0,48.0,119.0,139.0,139.0,99.0,137.7942,64.8267,102.8397,34.7023,44.5112,139.0,139.0,2960.0,119.0,0.2286,0.0376,0.0286,10,3
3411.0,104.0,239.0,238.0,238.0,159.0,76.8798,84.925,100.7224,54.0833,59.2663,238.0,238.0,0.0,834.0,0.1023,0.3893,0.0525,4,1
2139.0,68.0,199.0,199.0,199.0,20.0,78.2336,127.4402,49.0918,77.7512,86.9741,199.0,199.0,0.0,0.0,0.5789,2.3504,0.0469,3,3
7810.0,240.0,199.0,298.0,298.0,199.0,175.309,194.1198,254.9216,100.4117,102.2851,298.0,298.0,0.0,298.0,0.0246,0.0361,0.0284,5,1
6083.0,180.0,219.0,139.0,139.0,159.0,260.5,221.5812,249.97,35.6721,31.3409,139.0,139.0,0.0,0.0,0.1266,0.2126,0.0134,1,2
6916.0,209.0,80.0,99.0,99.0,99.0,192.814,117.4787,73.9797,129.5415,118.5422,119.0,119.0,218.0,119.0,0.2303,0.3223,0.0379,3,3
899.0,28.0,99.0,258.0,258.0,338.0,351.4232,251.7628,284.176,83.3022,94.0811,258.0,258.0,0.0,0.0,0.0124,0.1159,0.0276,1,4
5035.0,153.0,139.0,199.0,199.0,199.0,848.6849,149.6103,921.1406,86.5361,67.4036,199.0,199.0,0.0,0.0,0.3131,0.4211,0.0166,9,1
4792.0,148.0,139.0,199.0,557.0,457.0,803.5006,64.2748,942.0642,143.5009,60.879,557.0,185.6667,8291.0,995.0,0.3586,0.3586,0.0318,1,1
783.0,23.0,99.0,139.0,219.0,99.0,140.1606,257.3908,185.6475,79.8389,91.9307,219.0,109.5,0.0,0.0,0.0996,0.2406,0.0338,10,1
2686.0,81.0,219.0,199.0,199.0,259.0,111.8794,128.6283,63.3246,49.7041,94.3398,199.0,199.0,0.0,0.0,0.9595,0.9595,0.0213,4,3
7170.0,219.0,99.0,80.0,80.0,179.0,454.8937,243.1486,444.8123,10.0623,18.8282,80.0,80.0,0.0,0.0,0.0511,0.2526,0.0127,8,2
2579.0,78.0,199.0,20.0,20.0,199.0,205.0573,178.085,223.618,46.3276,25.2834,259.0,259.0,1912.0,1116.0,1.127,1.525,0.0065,4,4
3073.0,93.0,179.0,199.0,199.0,379.0,122.3121,134.0755,98.4886,69.7585,88.7384,199.0,199.0,0.0,199.0,-0.1094,0.1626,0.0151,4,3
2383.0,75.0,20.0,379.0,379.0,219.0,444.302,80.9475,536.1464,101.843,118.0138,219.0,219.0,0.0,0.0,-0.2753,0.0617,0.0226,4,1
10088.0,308.0,179.0,179.0,179.0,179.0,130.5996,149.541,104.0769,29.6184,36.6231,179.0,179.0,0.0,0.0,-0.0253,0.0122,0.0192,5,3
8924.0,281.0,99.0,99.0,99.0,139.0,157.0072,184.1854,202.6055,50.5,43.546,99.0,99.0,0.0,0.0,0.1982,0.1737,0.0118,7,3
9939.0,305.0,179.0,258.0,258.0,100.0,500.2512,102.6365,608.8366,115.0695,101.6772,258.0,258.0,0.0,0.0,0.1935,0.325,0.0417,6,1
7386.0,226.0,80.0,80.0,80.0,119.0,114.1326,246.5507,107.2054,34.5145,32.8101,80.0,80.0,1254.0,0.0,-0.0982,-0.0292,0.0098,3,6
2610.0,78.0,279.0,120.0,120.0,319.0,117.7083,513.8796,146.6322,29.4109,53.2565,120.0,120.0,0.0,480.0,0.9425,0.9425,0.003,2,4
838.0,25.0,239.0,159.0,378.0,437.0,672.0314,320.3268,780.034,108.3421,111.325,378.0,189.0,2962.0,0.0,0.0611,0.1771,0.0647,7,1
8663.0,275.0,80.0,80.0,180.0,139.0,355.777,145.7232,305.7221,49.135,87.1436,180.0,90.0,0.0,0.0,0.1053,0.1568,0.0243,4,5
3177.0,97.0,379.0,219.0,219.0,20.0,100.6591,71.528,97.8621,25.8699,20.0998,219.0,219.0,597.0,219.0,0.2646,0.1026,0.0423,2,3
3750.0,119.0,159.0,80.0,80.0,258.0,183.6532,332.2002,73.736,107.6812,85.8662,80.0,80.0,0.0,0.0,0.3143,0.3603,0.0222,1,3
1074.0,33.0,0.0,119.0,119.0,99.0,0.0,228.6099,0.0,27.2947,56.8793,119.0,119.0,0.0,952.0,0.1484,0.1794,0.0156,4,1
8088.0,252.0,99.0,219.0,219.0,179.0,69.1809,77.4145,117.1068,46.4812,43.0029,219.0,219.0,0.0,219.0,0.0558,0.4663,0.0684,2,1
6290.0,185.0,139.0,99.0,99.0,139.0,271.8993,37.1248,277.3968,25.9471,37.2726,99.0,99.0,755.0,99.0,0.404,0.3245,0.0146,8,2
10491.0,321.0,99.0,99.0,99.0,99.0,426.6418,500.3124,395.7335,55.8614,79.9531,99.0,99.0,0.0,80.0,0.1702,0.2282,0.0099,1,5
6076.0,179.0,99.0,99.0,99.0,159.0,125.9573,255.5905,90.6697,28.2843,49.5025,99.0,99.0,0.0,0.0,0.3516,0.2081,0.0106,9,3
1734.0,54.0,239.0,99.0,198.0,80.0,79.7762,131.8797,113.1371,135.271,123.0254,238.0,238.0,0.0,0.0,0.1104,0.2813,0.0393,7,1
6857.0,206.0,0.0,80.0,80.0,80.0,62.0725,211.3534,37.2156,53.9491,47.3524,119.0,119.0,179.0,0.0,0.0869,0.2544,0.0516,4,4
9954.0,306.0,99.0,199.0,199.0,219.0,282.0044,117.3382,195.1666,84.5015,65.4905,199.0,199.0,219.0,792.0,0.1465,0.1755,0.0133,1,6
8701.0,276.0,139.0,139.0,139.0,139.0,307.6967,233.0193,243.0082,67.3647,64.6568,139.0,139.0,0.0,0.0,0.1533,0.1448,0.0244,4,4
2901.0,88.0,179.0,179.0,179.0,458.0,463.0432,240.5546,580.181,121.0806,145.6237,418.0,139.3333,119.0,418.0,0.2477,0.0692,0.065,3,4
10144.0,309.0,139.0,80.0,80.0,99.0,70.7425,170.4531,92.957,29.2617,29.2104,80.0,80.0,0.0,0.0,0.1872,0.3397,0.0095,8,1
5528.0,165.0,119.0,159.0,159.0,219.0,213.758,247.767,158.1455,61.5325,57.5587,159.0,159.0,299.0,0.0,-0.0055,0.1435,0.0166,6,3
2826.0,86.0,199.0,179.0,179.0,20.0,94.1236,101.1558,141.2091,50.8552,23.7065,179.0,179.0,1395.0,577.0,0.9667,0.6997,0.0203,4,5
21.0,1.0,219.0,199.0,338.0,139.0,145.8124,191.7062,78.5175,79.2591,62.8908,338.0,169.0,0.0,0.0,0.1975,0.186,0.0442,3,2
9367.0,290.0,99.0,219.0,219.0,80.0,1164.1789,1611.1568,45.2769,1185.847,1191.4815,219.0,219.0,0.0,0.0,0.2407,0.1497,0.0318,10,3
3658.0,114.0,119.0,99.0,99.0,199.0,86.4653,113.1868,105.7592,57.7235,56.8727,99.0,99.0,0.0,0.0,0.2535,0.29,0.0309,6,1
10237.0,311.0,99.0,219.0,219.0,80.0,1145.7724,160.507,71.5681,1178.531,86.4783,219.0,219.0,0.0,0.0,0.1302,0.1822,0.0275,8,3
8953.0,282.0,99.0,139.0,139.0,179.0,415.5193,119.877,445.9439,25.6125,34.7635,139.0,139.0,179.0,139.0,0.1757,0.0847,0.02,3,2
2407.0,76.0,139.0,418.0,418.0,219.0,755.7508,154.6367,840.2006,78.7433,115.9526,418.0,418.0,1593.0,0.0,0.4662,0.8567,0.0467,3,1
1507.0,45.0,139.0,258.0,258.0,239.0,125.1259,151.1663,222.4095,98.5089,62.2294,238.0,119.0,0.0,794.0,0.1111,0.0606,0.0375,7,4
9535.0,294.0,139.0,298.0,298.0,398.0,361.1122,557.7027,348.2427,18.9011,19.1638,298.0,298.0,0.0,0.0,0.1621,0.2606,0.05,3,6
4475.0,138.0,139.0,239.0,239.0,258.0,219.9892,462.1558,258.3118,42.9913,38.461,239.0,239.0,0.0,0.0,0.1287,0.2712,0.0296,3,1
6122.0,180.0,119.0,119.0,457.0,99.0,122.001,365.2684,6.7082,114.1271,77.9647,457.0,152.3333,0.0,0.0,0.3966,0.3226,0.0442,8,6
8269.0,258.0,219.0,139.0,139.0,179.0,95.3362,260.3094,52.7731,41.1947,49.5101,139.0,139.0,0.0,0.0,0.2369,0.2114,0.0227,3,3
1221.0,38.0,219.0,179.0,179.0,139.0,123.4555,182.9624,68.0294,58.4209,64.4457,179.0,179.0,0.0,0.0,0.0083,0.0438,0.0275,1,2
9866.0,304.0,199.0,199.0,199.0,199.0,80.0391,85.4239,107.6151,66.0492,62.5799,199.0,199.0,0.0,396.0,0.1815,0.348,0.0161,7,1
6452.0,191.0,139.0,119.0,119.0,199.0,204.0496,105.6468,205.7887,7.9057,30.8423,119.0,119.0,854.0,0.0,0.3484,0.3139,0.0255,2,7
5931.0,176.0,139.0,179.0,318.0,239.0,451.2084,297.0038,546.883,101.5591,45.7739,318.0,159.0,0.0,0.0,0.0366,0.1726,0.0414,6,1
1512.0,45.0,139.0,139.0,139.0,219.0,218.3169,105.0536,179.8889,40.783,51.3249,139.0,139.0,0.0,278.0,0.0001,0.0686,0.0219,4,2
1.0,1.0,0.0,100.0,100.0,99.0,0.0,382.8998,0.0,62.0081,58.8218,100.0,100.0,0.0,0.0,0.0095,0.145,0.0131,4,3
302.0,9.0,139.0,159.0,159.0,119.0,118.4789,294.9903,63.3246,56.0357,46.9521,159.0,159.0,0.0,159.0,0.2914,0.1644,0.0204,10,2
7096.0,216.0,0.0,119.0,218.0,179.0,0.0,105.0952,0.0,114.1852,117.8442,218.0,109.0,0.0,0.0,0.2046,0.2536,0.0508,1,2
2641.0,79.0,0.0,20.0,20.0,239.0,135.0741,205.5736,69.6348,99.6895,92.8924,279.0,279.0,657.0,279.0,-1.1465,-0.5825,0.0295,4,2
682.0,22.0,199.0,298.0,298.0,338.0,126.0089,192.0059,127.0354,6.265,12.8062,298.0,298.0,0.0,0.0,0.1326,0.1466,0.0179,2,2
8747.0,277.0,179.0,100.0,100.0,139.0,135.1268,359.834,122.3315,31.4841,16.4012,100.0,100.0,0.0,0.0,0.1673,0.2678,0.0106,8,3
2827.0,86.0,179.0,20.0,20.0,239.0,101.1558,103.64,114.9826,15.7003,11.0454,20.0,20.0,458.0,697.0,0.9337,0.5067,0.0023,4,4
3707.0,116.0,139.0,139.0,139.0,159.0,467.4497,774.2391,442.8239,24.1299,27.2259,139.0,139.0,0.0,0.0,0.2071,0.6371,0.0343,4,6
8365.0,262.0,199.0,179.0,179.0,179.0,30.7002,139.7033,19.799,35.4401,40.2523,179.0,179.0,0.0,0.0,0.1847,0.5452,0.0763,2,3
6297.0,185.0,119.0,139.0,139.0,99.0,142.1452,615.0246,175.4537,35.9201,50.9141,139.0,139.0,0.0,0.0,0.168,0.196,0.0206,10,1
8878.0,280.0,100.0,119.0,119.0,100.0,1385.84,154.5,270.6917,85.1499,98.1835,119.0,119.0,100.0,0.0,0.1987,0.2297,0.0151,8,4
9364.0,290.0,100.0,99.0,99.0,99.0,125.6831,100.927,178.0,51.4417,71.007,99.0,99.0,99.0,0.0,0.2062,0.2407,0.0144,9,2
9462.0,293.0,159.0,298.0,298.0,139.0,467.285,208.5402,611.2356,147.5212,124.0423,298.0,298.0,0.0,0.0,0.1261,0.2636,0.0207,7,1
3227.0,98.0,100.0,339.0,339.0,179.0,89.3588,197.5057,170.4875,68.469,125.504,339.0,339.0,0.0,0.0,-0.1324,0.0736,0.0239,6,1
7314.0,224.0,139.0,199.0,199.0,179.0,119.1774,310.3824,142.3517,15.8114,13.8924,199.0,199.0,0.0,0.0,0.0423,0.0723,0.0296,10,4
9605.0,296.0,100.0,99.0,99.0,139.0,633.2097,129.5936,743.8925,112.1807,120.7528,99.0,99.0,557.0,0.0,0.0621,0.1356,0.0111,4,1
7157.0,219.0,99.0,239.0,239.0,199.0,227.5703,274.6316,324.6075,95.9231,99.4309,239.0,239.0,0.0,0.0,0.1586,0.1586,0.038,3,1
6155.0,181.0,219.0,179.0,259.0,119.0,301.5879,207.5795,355.8328,50.324,117.0096,259.0,129.5,0.0,0.0,0.2251,0.3716,0.0304,8,1
1924.0,61.0,179.0,119.0,119.0,80.0,58.331,81.0062,47.8853,82.0686,72.4034,119.0,119.0,0.0,119.0,0.0664,0.1029,0.0096,4,3
5357.0,161.0,179.0,318.0,318.0,139.0,473.6465,177.1588,525.8156,58.9936,59.0762,318.0,318.0,0.0,0.0,0.1332,0.0472,0.0383,6,1
1244.0,39.0,99.0,139.0,139.0,119.0,198.4452,69.8033,189.1719,28.2931,23.0054,139.0,139.0,2342.0,238.0,0.0197,0.1592,0.05,4,3
7742.0,239.0,99.0,99.0,99.0,80.0,553.0509,374.9567,514.7621,41.14,28.2577,99.0,99.0,80.0,0.0,-0.0124,0.0411,0.0141,7,7
3497.0,108.0,338.0,199.0,199.0,179.0,273.27,488.5064,126.0992,140.6076,132.8768,199.0,199.0,0.0,0.0,0.2633,0.1708,0.0382,1,2
1589.0,48.0,139.0,119.0,119.0,139.0,97.8673,167.6969,46.0109,51.87,52.1536,119.0,119.0,0.0,0.0,0.2446,0.2496,0.0244,7,2
10222.0,311.0,119.0,139.0,139.0,119.0,204.7102,126.935,132.0606,76.3692,82.0,139.0,139.0,0.0,0.0,0.1447,0.1027,0.0175,5,2
51.0,2.0,258.0,258.0,258.0,219.0,225.0028,26.0048,221.7205,21.1896,33.8895,258.0,258.0,0.0,0.0,0.0935,0.0985,0.0241,4,3
7112.0,216.0,179.0,179.0,179.0,99.0,128.0791,404.5346,53.0377,74.7412,89.6131,179.0,179.0,0.0,0.0,-0.0709,0.4381,0.0417,10,4
10798.0,333.0,80.0,298.0,417.0,159.0,40.651,72.111,155.3319,133.6086,58.5085,417.0,208.5,0.0,0.0,0.1045,0.0395,0.066,1,1
201.0,6.0,159.0,80.0,80.0,179.0,239.2305,260.0173,109.1146,124.7257,112.5178,80.0,80.0,0.0,0.0,0.004,0.101,0.0108,2,4
5830.0,173.0,119.0,318.0,318.0,199.0,371.3506,83.9315,451.2206,82.2344,52.6806,318.0,318.0,0.0,0.0,0.2565,0.2565,0.0572,2,1
659.0,21.0,298.0,258.0,258.0,179.0,77.666,78.8432,132.0189,97.4166,92.3472,179.0,179.0,0.0,0.0,0.0971,0.2181,0.0166,5,1
6141.0,181.0,219.0,239.0,239.0,199.0,429.5975,85.0235,484.9918,59.6196,55.581,239.0,239.0,0.0,0.0,0.0811,0.0756,0.028,4,1
6116.0,180.0,119.0,99.0,238.0,99.0,50.3438,314.8575,100.2397,36.4177,43.2897,238.0,119.0,0.0,0.0,0.2301,0.3966,0.023,8,1
4452.0,137.0,278.0,199.0,199.0,259.0,77.4209,274.0,97.6524,34.6302,55.6529,199.0,199.0,0.0,696.0,0.1432,0.1617,0.0248,2,1
3014.0,92.0,199.0,159.0,159.0,379.0,57.0548,139.6612,40.4599,38.5778,52.5761,159.0,159.0,0.0,0.0,1.5181,1.7096,0.0209,2,3
2212.0,70.0,219.0,279.0,279.0,179.0,109.7474,150.1441,165.1938,55.376,44.1616,279.0,279.0,0.0,279.0,1.2459,2.0074,0.0226,10,1
5778.0,171.0,99.0,298.0,298.0,159.0,852.1367,103.2049,914.5939,67.9154,79.7621,298.0,298.0,0.0,0.0,-0.007,0.056,0.03,5,1
1193.0,37.0,258.0,99.0,258.0,179.0,601.9489,208.1952,668.1175,55.1453,59.0529,258.0,129.0,0.0,0.0,0.0263,0.0103,0.032,6,1
1883.0,58.0,100.0,159.0,258.0,80.0,471.365,242.0186,601.3452,125.9573,85.0368,258.0,129.0,0.0,258.0,0.1153,0.2173,0.0392,2,1
6542.0,194.0,139.0,99.0,99.0,99.0,667.003,95.1972,752.0166,82.5015,45.2217,259.0,86.3333,0.0,457.0,0.211,0.2781,0.0262,8,1
1948.0,61.0,99.0,119.0,119.0,119.0,118.6518,503.2974,37.3631,79.9828,87.6727,119.0,119.0,0.0,0.0,0.1624,0.1319,0.0096,10,7
165.0,5.0,278.0,397.0,397.0,99.0,701.9238,204.1378,802.202,97.7663,97.8174,219.0,219.0,0.0,298.0,0.1855,0.1215,0.0196,9,1
6302.0,185.0,80.0,199.0,199.0,219.0,91.4945,95.1893,41.2311,55.2268,53.3667,199.0,199.0,0.0,0.0,0.196,0.1625,0.0294,1,5
9692.0,298.0,119.0,80.0,80.0,179.0,33.6043,206.5387,141.4496,1129.7545,81.6532,80.0,80.0,0.0,0.0,0.4446,0.2091,0.0118,9,1
3834.0,123.0,239.0,80.0,80.0,99.0,27.7218,183.14,73.2462,59.7369,74.8131,119.0,119.0,0.0,0.0,0.3633,0.2388,0.0264,2,1
10899.0,336.0,159.0,119.0,238.0,258.0,57.2647,104.1693,55.9732,30.5369,38.2753,238.0,119.0,0.0,0.0,-0.1295,-0.0165,0.0203,3,5
5511.0,165.0,179.0,139.0,139.0,278.0,140.788,707.259,83.1505,59.5336,51.1981,139.0,139.0,0.0,0.0,0.062,0.062,0.0145,2,7
473.0,14.0,298.0,656.0,656.0,159.0,90.0472,125.8501,145.9075,65.0173,65.4847,298.0,298.0,3776.0,0.0,0.1333,0.5623,0.0351,7,1
7794.0,240.0,139.0,119.0,119.0,159.0,351.3307,77.2868,449.3206,94.3663,80.2636,119.0,119.0,0.0,0.0,0.1526,0.1456,0.0114,7,1
987.0,30.0,179.0,119.0,119.0,238.0,165.1091,368.8204,96.1301,69.0018,69.5432,119.0,119.0,735.0,0.0,0.1174,0.0989,0.0122,2,3
496.0,15.0,179.0,239.0,239.0,139.0,410.2734,194.8153,494.0334,84.4408,96.8401,239.0,239.0,4792.0,0.0,0.0943,0.1233,0.0253,9,1
5065.0,154.0,199.0,179.0,179.0,199.0,165.5113,199.0226,79.1581,94.7589,102.489,179.0,179.0,556.0,0.0,0.1548,0.1818,0.0208,3,3
9492.0,293.0,99.0,139.0,139.0,139.0,48.9311,250.5718,83.7257,54.1341,59.5525,80.0,80.0,0.0,876.0,0.1306,0.0661,0.0056,6,2
689.0,22.0,99.0,99.0,99.0,159.0,171.0117,224.2014,96.2549,77.4145,67.0168,99.0,99.0,0.0,795.0,0.0466,0.2246,0.0059,4,4
2101.0,66.0,119.0,219.0,219.0,99.0,355.981,145.1043,297.6071,72.94,67.5074,219.0,219.0,0.0,219.0,0.1014,0.1649,0.0219,1,5
8648.0,275.0,139.0,99.0,99.0,80.0,242.55,280.8247,321.2258,112.6599,112.6876,99.0,99.0,0.0,0.0,0.0018,0.0838,0.0134,1,1
5199.0,157.0,199.0,100.0,100.0,199.0,96.0208,100.5,41.6773,77.1751,82.0747,100.0,100.0,0.0,0.0,0.1008,0.1458,0.0103,6,2
2091.0,66.0,139.0,119.0,119.0,139.0,183.8648,379.3761,105.3043,77.9888,69.1158,139.0,139.0,0.0,139.0,0.0724,0.1859,0.0139,8,7
10605.0,325.0,99.0,159.0,338.0,119.0,244.8183,229.0851,177.7217,84.9779,12.51,338.0,169.0,0.0,0.0,0.2227,0.1442,0.1232,1,2
4960.0,151.0,219.0,219.0,219.0,219.0,62.5879,92.6998,71.218,93.086,102.1494,219.0,219.0,0.0,0.0,0.2431,0.2886,0.0317,7,1
4428.0,136.0,139.0,258.0,258.0,139.0,244.778,148.3543,137.4809,109.4646,111.1497,219.0,219.0,0.0,258.0,0.2667,0.0487,0.0082,4,5
10886.0,336.0,99.0,139.0,139.0,179.0,148.0076,465.758,106.3015,37.1214,37.2592,139.0,139.0,1551.0,0.0,0.127,0.1315,0.0119,1,7
10170.0,310.0,119.0,99.0,99.0,119.0,62.155,125.5807,99.7647,95.0329,78.5064,99.0,99.0,0.0,0.0,0.2352,0.1587,0.0127,5,1
9147.0,287.0,139.0,219.0,219.0,258.0,223.1435,129.2256,337.0534,108.2266,101.0198,358.0,358.0,0.0,716.0,0.1412,0.1812,0.0366,3,1
10743.0,330.0,199.0,298.0,298.0,278.0,87.5014,110.726,67.6018,33.5149,42.6878,298.0,298.0,0.0,0.0,0.2515,0.38,0.063,7,2
5442.0,164.0,239.0,199.0,199.0,159.0,196.0638,75.2629,86.3134,108.6658,110.0023,199.0,199.0,0.0,0.0,-0.0403,0.1787,0.0169,1,3
3818.0,122.0,338.0,139.0,139.0,159.0,134.1827,450.0156,40.8167,103.7413,102.6365,139.0,139.0,0.0,0.0,0.0003,0.2633,0.0247,6,4
3294.0,100.0,239.0,219.0,219.0,338.0,99.0316,334.506,60.0333,142.7323,135.0926,219.0,219.0,0.0,0.0,0.136,0.0005,0.0297,3,3
645.0,21.0,199.0,139.0,139.0,139.0,140.8918,194.5829,289.0623,148.5842,143.2829,139.0,139.0,576.0,596.0,0.0696,0.0841,0.0129,2,2
5246.0,159.0,199.0,179.0,179.0,179.0,284.5861,104.1933,188.2817,105.9965,126.4407,179.0,179.0,199.0,119.0,-0.0122,0.0983,0.0131,1,3
3496.0,108.0,139.0,338.0,338.0,199.0,330.7329,273.27,419.5486,103.0983,99.1413,338.0,338.0,0.0,0.0,0.2743,0.2548,0.0649,1,1
10747.0,330.0,179.0,238.0,238.0,80.0,148.6422,223.1423,156.2594,13.0863,15.2069,238.0,238.0,0.0,0.0,0.38,0.518,0.0503,9,4
2245.0,72.0,259.0,259.0,259.0,159.0,202.2474,192.585,145.5232,64.0078,85.1469,259.0,259.0,0.0,259.0,-0.6566,-0.1566,0.039,2,2
4561.0,142.0,139.0,179.0,179.0,179.0,205.5006,149.6011,245.1,38.3275,52.8867,179.0,179.0,0.0,179.0,0.1347,0.0167,0.0129,1,1
3271.0,99.0,99.0,80.0,80.0,99.0,163.059,56.0022,150.8807,20.0,6.0208,219.0,219.0,0.0,0.0,0.2765,0.273,0.0312,4,2
8692.0,276.0,179.0,139.0,139.0,258.0,106.5,423.8331,136.3121,20.3531,31.3129,139.0,139.0,0.0,139.0,0.1028,0.1533,0.0244,1,6
4206.0,134.0,457.0,258.0,258.0,139.0,525.1726,81.2804,587.3304,63.0099,64.8556,199.0,199.0,855.0,0.0,0.0755,0.1935,0.0103,2,1
2857.0,87.0,199.0,199.0,219.0,179.0,52.5595,51.5,79.404,112.3488,237.1671,219.0,109.5,0.0,0.0,1.5777,1.7037,0.0281,1,1
10238.0,311.0,219.0,80.0,160.0,99.0,160.507,72.8371,150.7481,25.807,35.2598,160.0,80.0,99.0,0.0,0.0947,0.2152,0.0201,8,5
1834.0,57.0,139.0,219.0,219.0,179.0,280.2356,95.7627,360.8393,84.3342,84.8779,219.0,219.0,0.0,219.0,0.1628,0.1729,0.0244,5,1
3414.0,104.0,239.0,238.0,238.0,159.0,258.0514,126.3349,314.0701,85.0,78.2001,298.0,298.0,0.0,834.0,0.2163,0.3893,0.0658,4,1
7312.0,224.0,418.0,99.0,99.0,139.0,51.4782,204.7877,108.9082,76.1577,74.4312,99.0,99.0,0.0,0.0,0.0753,0.0713,0.0147,10,1
912.0,28.0,258.0,99.0,99.0,119.0,203.81,95.7079,269.7425,61.2413,55.644,99.0,99.0,0.0,0.0,0.1529,0.0924,0.0106,9,6
8845.0,279.0,119.0,119.0,119.0,139.0,256.9012,206.0607,161.3103,85.1778,80.4503,119.0,119.0,0.0,0.0,0.0193,0.1033,0.0148,8,3
2053.0,65.0,99.0,159.0,159.0,119.0,321.9231,223.4284,259.2778,57.7862,77.9567,159.0,159.0,0.0,0.0,0.0674,0.1709,0.0193,6,4
844.0,25.0,219.0,258.0,258.0,398.0,124.139,248.8785,95.462,117.0171,121.0372,258.0,258.0,0.0,516.0,0.1771,0.2001,0.0441,2,1
10578.0,324.0,139.0,179.0,179.0,179.0,132.2365,57.5608,171.2075,67.0466,61.1658,99.0,99.0,0.0,0.0,0.0837,0.1637,0.0172,2,1
7230.0,221.0,119.0,99.0,99.0,139.0,271.8055,98.2344,318.22,47.5657,48.5927,99.0,99.0,0.0,0.0,0.1016,0.7051,0.0223,9,3
8068.0,251.0,159.0,139.0,358.0,159.0,87.6641,91.0179,140.0714,56.6083,76.8668,358.0,179.0,0.0,0.0,0.3093,0.2118,0.0741,4,1
5161.0,156.0,219.0,139.0,318.0,179.0,647.5,389.7708,768.7971,117.0235,59.808,318.0,159.0,0.0,318.0,0.1563,0.1033,0.0658,2,1
9969.0,306.0,199.0,80.0,80.0,80.0,169.105,172.6963,280.765,143.9601,137.4273,80.0,80.0,0.0,1431.0,0.1325,0.4265,0.0054,7,1
8267.0,258.0,99.0,159.0,159.0,219.0,166.554,160.8112,200.3397,46.0353,49.5807,159.0,159.0,0.0,0.0,0.2369,0.2369,0.026,3,1
9453.0,293.0,219.0,80.0,80.0,298.0,166.4121,81.6241,164.4536,10.5119,18.0278,80.0,80.0,536.0,595.0,0.0861,0.1271,0.0056,4,4
10162.0,310.0,139.0,99.0,99.0,99.0,96.6566,453.7744,40.6079,52.5024,58.9619,99.0,99.0,0.0,99.0,0.2192,0.4172,0.0127,2,2
7498.0,229.0,298.0,179.0,179.0,119.0,395.5401,113.1106,344.9203,137.2334,162.1974,179.0,179.0,0.0,0.0,0.1847,0.0282,0.0257,10,2
8595.0,273.0,298.0,259.0,259.0,139.0,169.6445,90.1124,114.2804,57.3149,54.0231,259.0,259.0,0.0,0.0,-0.0333,0.2002,0.0436,1,3
3989.0,129.0,239.0,199.0,199.0,139.0,93.8416,394.7851,104.4462,40.3764,45.0139,199.0,199.0,0.0,0.0,0.0941,0.1886,0.0174,1,1
3053.0,93.0,160.0,279.0,279.0,279.0,94.4696,170.8106,48.0104,52.5024,50.6952,279.0,279.0,2091.0,219.0,0.8061,0.7736,0.0211,3,4
6443.0,190.0,80.0,119.0,119.0,139.0,164.0564,927.045,125.2557,46.8855,55.644,199.0,199.0,1670.0,0.0,-0.0131,-0.0131,0.0405,10,6
8923.0,281.0,99.0,99.0,99.0,99.0,212.0312,157.0072,69.5845,141.6272,149.2716,99.0,99.0,0.0,0.0,0.1982,0.1737,0.0118,6,2
9228.0,289.0,159.0,139.0,139.0,99.0,207.7703,187.5167,283.6512,80.5062,84.6537,139.0,139.0,0.0,1074.0,0.2037,0.2952,0.0067,4,1
2344.0,74.0,319.0,239.0,239.0,120.0,216.6576,92.2659,140.3567,97.4064,101.2139,239.0,239.0,0.0,0.0,-0.9618,0.3977,0.0203,3,5
10917.0,336.0,179.0,99.0,99.0,259.0,164.0526,166.503,87.0919,79.3788,66.8973,99.0,99.0,0.0,0.0,0.0865,0.283,0.0084,8,2
1040.0,31.0,199.0,239.0,239.0,99.0,322.3713,132.5009,373.4836,59.4348,49.6236,179.0,179.0,199.0,0.0,0.0984,0.2389,0.0153,5,2
4946.0,150.0,278.0,159.0,159.0,139.0,213.4391,612.7424,159.154,57.8468,60.803,159.0,159.0,0.0,0.0,0.3921,0.4681,0.0143,8,6
6616.0,197.0,99.0,80.0,80.0,99.0,477.4018,728.6323,410.2999,65.4083,66.6108,80.0,80.0,0.0,0.0,0.1226,0.1191,0.015,5,6
3524.0,109.0,0.0,159.0,159.0,80.0,0.0,111.325,0.0,75.0417,59.0635,159.0,159.0,0.0,0.0,0.399,0.5365,0.0398,2,1
7227.0,221.0,99.0,139.0,139.0,99.0,291.5017,181.0249,221.4001,101.1781,101.0198,139.0,139.0,0.0,0.0,0.1016,0.1771,0.0314,7,5
9506.0,293.0,139.0,298.0,298.0,179.0,227.3813,260.1082,47.0956,179.4714,183.4973,139.0,139.0,1611.0,3462.0,0.0441,0.2401,0.0097,2,5
9421.0,292.0,119.0,159.0,159.0,119.0,144.5554,125.093,255.7851,128.6905,121.5041,159.0,159.0,0.0,0.0,0.1096,0.1531,0.0319,2,1
9363.0,290.0,80.0,100.0,100.0,99.0,113.0,125.6831,57.7235,62.0081,62.1289,100.0,100.0,0.0,0.0,0.2062,0.2407,0.0145,8,3
1638.0,50.0,80.0,119.0,119.0,80.0,109.5091,40.6602,65.7419,67.574,68.9529,119.0,119.0,0.0,0.0,0.1491,0.2126,0.0272,10,3
6156.0,181.0,80.0,119.0,119.0,139.0,207.5795,276.7716,112.1116,91.0824,99.0808,119.0,119.0,0.0,0.0,0.2491,0.7781,0.014,8,2
2920.0,89.0,120.0,20.0,20.0,179.0,283.5353,102.5,283.0989,32.5576,66.3099,239.0,239.0,0.0,0.0,0.7122,0.7562,0.0363,4,2
4867.0,149.0,238.0,239.0,458.0,239.0,385.1873,95.5667,441.2902,65.2993,60.7166,358.0,179.0,0.0,2246.0,-0.0969,0.1756,0.0407,2,1
6938.0,210.0,119.0,80.0,80.0,99.0,70.0179,127.0984,23.7697,60.4669,71.0106,80.0,80.0,0.0,377.0,0.2868,0.1893,0.0214,3,2
155.0,5.0,139.0,139.0,139.0,239.0,108.0567,169.9448,93.0054,13.2382,13.1244,139.0,139.0,0.0,0.0,0.0745,0.132,0.0124,5,2
5258.0,159.0,259.0,238.0,238.0,139.0,202.8725,200.0531,198.0101,24.3824,29.5846,238.0,238.0,0.0,0.0,0.0448,0.0923,0.0174,3,6
117.0,4.0,219.0,139.0,139.0,278.0,109.0046,180.2776,76.0592,35.0143,29.8412,80.0,80.0,358.0,737.0,0.0805,0.147,0.0101,7,3
1673.0,52.0,99.0,80.0,179.0,298.0,183.4973,92.5419,258.1182,88.0412,82.453,179.0,89.5,3260.0,318.0,0.1371,0.2636,0.0157,2,1
8969.0,282.0,139.0,99.0,99.0,100.0,409.3803,286.5925,353.5534,59.0,57.0351,99.0,99.0,0.0,0.0,0.1257,0.1307,0.0143,8,4
7214.0,221.0,80.0,139.0,139.0,80.0,234.8883,257.7023,146.8128,87.2726,94.2258,139.0,139.0,0.0,0.0,0.1116,0.0951,0.0314,2,4
9633.0,297.0,0.0,179.0,179.0,179.0,0.0,69.1809,0.0,91.2921,99.077,179.0,179.0,0.0,0.0,0.1006,0.1271,0.0348,1,1
7296.0,224.0,99.0,119.0,199.0,119.0,256.7358,152.5991,327.159,111.3643,206.6519,199.0,99.5,0.0,557.0,0.0613,0.1138,0.0296,2,1
8023.0,249.0,199.0,219.0,219.0,139.0,197.784,301.2682,248.582,52.024,59.9708,119.0,119.0,0.0,119.0,0.1643,0.2288,0.0214,6,1
8802.0,278.0,119.0,139.0,139.0,139.0,440.0821,271.8607,318.2656,118.5675,103.0364,139.0,139.0,0.0,0.0,0.1903,0.1788,0.0185,10,5
5249.0,159.0,0.0,99.0,437.0,179.0,529.7955,289.5155,554.0442,58.9173,46.0435,278.0,278.0,0.0,676.0,0.0883,0.0983,0.0203,1,1
8524.0,269.0,219.0,119.0,119.0,238.0,115.0532,133.2151,120.8139,15.6924,15.8114,119.0,119.0,0.0,0.0,-0.0438,0.4327,0.0266,6,3
4040.0,130.0,139.0,99.0,198.0,179.0,200.6801,172.8504,129.062,80.7666,69.9732,198.0,99.0,0.0,0.0,0.1456,0.2446,0.0182,7,4
10691.0,328.0,119.0,159.0,159.0,179.0,209.6115,366.4181,112.5877,109.9147,114.7661,159.0,159.0,0.0,0.0,0.0447,0.0482,0.0158,2,2
2727.0,83.0,379.0,239.0,239.0,379.0,57.1686,147.8792,96.5194,70.0286,113.1205,239.0,239.0,0.0,0.0,0.194,0.19,0.0239,4,1
1104.0,33.0,199.0,199.0,199.0,179.0,175.5007,178.7659,158.1139,21.5523,13.2004,199.0,199.0,0.0,796.0,0.0079,0.1819,0.0261,2,3
10298.0,314.0,179.0,139.0,139.0,80.0,153.138,445.8343,157.0032,2.0616,12.5399,139.0,139.0,0.0,139.0,0.2853,0.5893,0.0476,3,4
3982.0,129.0,199.0,139.0,139.0,159.0,322.3973,33.0038,366.1175,55.8323,59.5021,139.0,139.0,6064.0,0.0,0.0681,0.0941,0.0122,7,1
7933.0,246.0,139.0,219.0,219.0,119.0,232.1659,95.8853,297.6189,76.1003,76.2053,199.0,199.0,0.0,199.0,0.0358,0.1988,0.0339,7,1
5379.0,162.0,258.0,219.0,219.0,80.0,177.9396,171.0468,112.641,63.9414,91.0069,219.0,219.0,0.0,0.0,0.0582,0.0917,0.0274,4,5
8510.0,269.0,258.0,139.0,139.0,139.0,78.6591,132.9003,45.1774,50.6063,43.7321,139.0,139.0,0.0,0.0,0.2067,0.1937,0.0311,1,3
10503.0,321.0,99.0,80.0,80.0,80.0,133.2113,209.2893,170.6605,41.7732,57.3629,99.0,99.0,0.0,298.0,0.2282,0.3742,0.0099,7,1
9222.0,289.0,0.0,100.0,100.0,99.0,0.0,219.2761,0.0,78.339,89.4343,100.0,100.0,0.0,417.0,0.0887,0.2037,0.0048,1,1
1357.0,42.0,99.0,80.0,358.0,99.0,225.2521,183.5824,204.8414,45.5,154.159,358.0,119.3333,0.0,0.0,0.1427,0.2482,0.0382,7,2
2191.0,70.0,219.0,139.0,139.0,239.0,173.6412,464.0178,133.8208,45.2355,20.573,139.0,139.0,0.0,0.0,-0.2316,0.5974,0.0113,7,5
9205.0,288.0,199.0,80.0,80.0,119.0,61.4919,618.0809,70.4557,12.3693,8.5147,80.0,80.0,0.0,0.0,0.0597,0.2302,0.0115,5,2
7693.0,237.0,0.0,119.0,199.0,99.0,150.3105,246.3701,200.6091,93.7723,97.5141,179.0,179.0,0.0,0.0,0.2521,0.4061,0.0919,1,1
352.0,11.0,298.0,119.0,119.0,80.0,137.8278,256.1411,147.0544,2.6926,24.4182,119.0,119.0,0.0,0.0,0.1099,0.0829,0.011,8,3
820.0,24.0,80.0,99.0,397.0,298.0,783.1706,87.1321,855.9673,96.6294,35.4189,397.0,198.5,298.0,0.0,0.0986,0.1296,0.0439,1,2
10588.0,324.0,99.0,80.0,80.0,139.0,96.566,639.5782,120.9339,53.0589,49.0026,80.0,80.0,0.0,0.0,0.1077,0.4267,0.0139,6,1
2566.0,78.0,219.0,179.0,179.0,259.0,226.0006,369.5971,255.7381,54.5642,110.6933,398.0,132.6667,14824.0,3984.0,1.7875,1.63,0.01,2,3
5724.0,169.0,80.0,139.0,278.0,99.0,159.803,453.4358,93.0484,70.1231,22.5887,278.0,139.0,0.0,0.0,-0.0305,0.0875,0.0349,5,6
247.0,7.0,199.0,298.0,298.0,159.0,305.5311,183.5436,359.7624,68.4726,79.6304,298.0,298.0,0.0,0.0,0.2394,0.5104,0.0533,3,1
5072.0,154.0,219.0,159.0,159.0,99.0,199.0157,134.0755,137.2334,57.4913,58.1227,159.0,159.0,0.0,0.0,0.1563,0.2253,0.0184,5,2
6791.0,203.0,99.0,119.0,119.0,219.0,262.1545,119.8635,243.4625,22.2991,14.5086,99.0,99.0,417.0,337.0,0.2184,0.2729,0.0102,9,6
3449.0,106.0,99.0,80.0,80.0,99.0,348.5359,316.942,136.3085,218.4777,206.1274,80.0,80.0,0.0,0.0,0.5533,0.5288,0.022,5,2
8007.0,249.0,179.0,139.0,139.0,179.0,102.06,320.8746,84.8528,24.1299,15.2069,139.0,139.0,0.0,0.0,0.0498,0.2638,0.025,1,4
8342.0,261.0,159.0,139.0,238.0,139.0,144.0009,181.7945,209.5376,65.1249,77.1314,119.0,119.0,0.0,238.0,0.0824,0.3834,0.0194,4,2
4182.0,133.0,99.0,238.0,238.0,199.0,491.2222,269.5056,563.4909,82.7798,74.7412,238.0,238.0,0.0,0.0,0.2085,0.1955,0.017,9,1
8813.0,279.0,139.0,179.0,179.0,159.0,275.055,207.5054,121.499,153.4446,140.4724,179.0,179.0,0.0,139.0,0.0753,0.1628,0.0222,1,3
8662.0,275.0,99.0,159.0,159.0,219.0,258.56,355.777,313.6399,87.8877,73.1642,80.0,80.0,558.0,0.0,0.1053,0.1568,0.0108,4,2
7136.0,217.0,139.0,99.0,99.0,139.0,153.16,445.6035,150.0033,8.2462,18.7949,99.0,99.0,0.0,0.0,0.0546,0.4871,0.0258,10,5
2596.0,78.0,279.0,199.0,219.0,219.0,353.5948,186.3934,190.9476,147.3745,164.5965,319.0,319.0,9087.0,3248.0,-1.113,0.319,0.008,6,4
3207.0,98.0,179.0,458.0,458.0,518.0,194.1604,144.3468,77.8332,99.1022,83.8824,219.0,219.0,2728.0,219.0,0.3036,-0.3204,0.0154,2,3
8234.0,256.0,179.0,239.0,239.0,99.0,122.55,411.2922,172.4906,51.8652,47.8566,239.0,239.0,992.0,755.0,0.1224,0.3344,0.0205,10,7
634.0,21.0,258.0,179.0,179.0,179.0,75.3293,86.7943,97.7446,52.5095,59.6825,179.0,179.0,0.0,0.0,0.1611,0.1391,0.0166,6,1
6251.0,184.0,99.0,139.0,139.0,139.0,175.6822,354.2051,87.7268,100.6541,106.5892,139.0,139.0,0.0,139.0,0.045,0.188,0.0429,1,6
10289.0,314.0,0.0,139.0,139.0,139.0,0.0,87.1436,0.0,64.4864,53.782,139.0,139.0,2783.0,0.0,0.5503,0.3838,0.0476,7,2
9148.0,287.0,358.0,179.0,179.0,80.0,129.2256,95.2694,133.0601,44.365,54.5825,179.0,179.0,0.0,437.0,0.1542,0.1812,0.0183,4,1
2102.0,66.0,219.0,99.0,99.0,179.0,145.1043,769.3585,115.0043,28.8531,36.4005,99.0,99.0,0.0,99.0,0.0934,0.1649,0.0099,1,7
7150.0,219.0,0.0,318.0,318.0,99.0,0.0,332.5432,0.0,108.9151,92.2198,318.0,318.0,0.0,0.0,0.0766,0.1586,0.0506,1,1
794.0,24.0,278.0,99.0,99.0,139.0,164.931,190.7367,128.0352,32.9621,35.0179,99.0,99.0,0.0,0.0,0.0356,0.0681,0.0109,4,3
5613.0,167.0,0.0,159.0,915.0,159.0,133.7171,114.2147,138.7083,52.9953,55.0318,219.0,219.0,0.0,716.0,0.0715,0.114,0.0147,1,1
5422.0,163.0,179.0,99.0,99.0,179.0,518.5241,116.5043,366.3496,147.2753,158.7278,99.0,99.0,0.0,0.0,0.0267,0.1467,0.0108,6,3
412.0,12.0,119.0,238.0,238.0,99.0,149.0252,728.3716,115.0174,36.8816,21.225,238.0,238.0,0.0,0.0,0.2658,0.3083,0.0429,8,8
6696.0,200.0,139.0,99.0,99.0,80.0,532.5601,505.7836,434.0288,88.2836,96.9239,99.0,99.0,0.0,0.0,-0.051,0.2751,0.0219,3,5
3792.0,121.0,99.0,159.0,159.0,80.0,135.5775,56.0892,175.5249,62.3157,77.8412,159.0,159.0,0.0,0.0,0.2468,0.2943,0.0479,6,1
4334.0,135.0,119.0,99.0,99.0,159.0,25.8118,189.0298,55.0,26.1008,32.9848,99.0,99.0,2086.0,99.0,0.091,0.089,0.0061,3,4
2580.0,78.0,199.0,339.0,339.0,179.0,178.085,58.0539,284.482,84.4541,106.1249,179.0,179.0,219.0,1651.0,1.1285,1.525,0.0045,4,1
973.0,30.0,199.0,179.0,179.0,80.0,148.054,162.2421,139.4346,3.9051,6.0208,179.0,179.0,0.0,0.0,0.2049,0.0989,0.0184,10,3
3147.0,96.0,199.0,239.0,239.0,299.0,111.7016,311.6637,46.6905,91.1661,65.1556,239.0,239.0,0.0,0.0,-0.3184,-0.0299,0.0308,3,4
6175.0,182.0,119.0,139.0,139.0,219.0,74.8415,130.0779,54.9181,26.4008,40.0406,199.0,199.0,418.0,537.0,0.0231,0.0526,0.0247,2,2
3746.0,119.0,199.0,199.0,279.0,219.0,144.6245,173.1134,98.4784,65.8027,69.8516,279.0,139.5,0.0,0.0,0.3173,0.3143,0.0775,3,3
2429.0,76.0,219.0,100.0,100.0,20.0,66.1891,144.3892,69.0652,10.7935,12.1758,100.0,100.0,0.0,0.0,0.3472,1.3177,0.0112,7,3
9230.0,289.0,99.0,99.0,99.0,99.0,262.3738,442.685,168.2409,92.5122,90.0888,99.0,99.0,796.0,1370.0,0.1507,0.3262,0.0048,4,4
160.0,5.0,278.0,397.0,397.0,99.0,116.4174,80.0765,134.3577,71.5681,81.4448,397.0,397.0,0.0,298.0,0.132,0.1855,0.0355,9,1
748.0,22.0,179.0,179.0,179.0,179.0,217.6293,800.5226,129.5569,87.4371,75.6257,179.0,179.0,0.0,537.0,0.0626,0.1671,0.0107,7,6
2695.0,81.0,179.0,179.0,179.0,299.0,155.5394,137.0328,59.4138,98.732,108.5415,179.0,179.0,0.0,0.0,0.36,1.15,0.0191,6,3
2235.0,71.0,179.0,299.0,299.0,199.0,166.1272,490.2499,52.3927,118.4926,112.661,299.0,299.0,0.0,0.0,2.7764,2.7764,0.0443,4,5
6725.0,201.0,199.0,139.0,139.0,119.0,167.7953,142.4307,149.4055,38.5519,9.1924,139.0,139.0,0.0,0.0,0.1579,0.4224,0.0864,2,3
3687.0,115.0,179.0,179.0,179.0,80.0,563.1174,662.4519,545.5282,35.7526,26.2393,80.0,80.0,379.0,80.0,0.0185,0.3095,0.0163,7,6
324.0,10.0,179.0,219.0,219.0,239.0,67.1863,146.5341,50.6952,26.0432,34.1248,219.0,219.0,0.0,0.0,-0.0006,0.0354,0.0375,1,2
7034.0,213.0,99.0,80.0,80.0,99.0,104.7485,148.0135,33.9559,70.8467,72.1838,80.0,80.0,0.0,0.0,0.1428,0.4968,0.0163,9,3
10805.0,333.0,239.0,179.0,179.0,119.0,137.816,150.4028,76.531,59.5189,51.7228,179.0,179.0,298.0,179.0,0.0395,0.082,0.0283,3,4
1913.0,60.0,179.0,80.0,80.0,99.0,99.4409,106.4918,103.2376,48.8185,54.4541,80.0,80.0,0.0,0.0,0.2239,0.2724,0.0387,7,1
8106.0,253.0,199.0,179.0,179.0,159.0,147.5737,112.1751,69.2315,77.1314,83.0241,179.0,179.0,0.0,0.0,0.0199,0.1289,0.0329,4,2
5512.0,165.0,139.0,278.0,278.0,259.0,707.259,191.3459,729.2914,17.0294,15.8114,278.0,278.0,0.0,0.0,0.062,0.062,0.029,3,2
6331.0,187.0,139.0,199.0,199.0,159.0,208.4017,172.1547,237.4026,37.977,41.8718,199.0,199.0,0.0,0.0,-0.0605,0.124,0.0292,4,1
6153.0,181.0,139.0,139.0,139.0,219.0,50.4505,114.0702,21.095,46.5242,38.9166,139.0,139.0,0.0,0.0,0.1211,0.3716,0.0163,7,2
8256.0,257.0,219.0,100.0,319.0,159.0,585.5361,121.7313,699.3461,115.807,35.3553,319.0,159.5,0.0,638.0,0.4109,0.4109,0.0764,1,1
9286.0,289.0,99.0,119.0,119.0,99.0,369.3457,140.7782,425.5185,58.9513,51.8097,119.0,119.0,3938.0,536.0,0.1217,0.2137,0.0057,6,2
10267.0,312.0,199.0,179.0,179.0,80.0,117.0684,343.5844,53.2259,108.477,122.6234,179.0,179.0,598.0,0.0,0.1738,0.3023,0.0259,9,3
2966.0,91.0,259.0,199.0,199.0,239.0,292.767,97.949,353.051,67.4129,62.0181,239.0,239.0,0.0,478.0,1.0896,1.1076,0.0213,1,2
5601.0,167.0,0.0,159.0,915.0,159.0,0.0,62.5,0.0,94.9539,50.9215,915.0,228.75,0.0,716.0,0.0835,0.1315,0.0615,1,1
5865.0,174.0,159.0,179.0,577.0,179.0,95.6935,111.0281,179.1787,68.2221,106.0047,378.0,189.0,0.0,756.0,0.127,0.1175,0.038,3,1
2784.0,85.0,199.0,179.0,179.0,239.0,86.8692,275.8754,19.4165,90.4489,89.0351,179.0,179.0,0.0,0.0,-0.0108,-0.0108,0.0162,4,4
518.0,15.0,139.0,139.0,139.0,99.0,208.5402,220.096,177.1384,25.4804,10.5119,139.0,139.0,0.0,0.0,0.1268,0.4488,0.0147,8,2
7324.0,224.0,219.0,99.0,99.0,119.0,128.97,617.5032,52.1536,70.0071,60.075,99.0,99.0,0.0,99.0,0.0723,0.0723,0.0147,7,5
3847.0,123.0,139.0,100.0,100.0,159.0,146.2395,318.624,63.5059,90.5884,80.6381,100.0,100.0,0.0,0.0,0.1693,0.2558,0.0222,5,3
6928.0,210.0,0.0,99.0,99.0,80.0,0.0,152.8929,0.0,99.5201,112.51,99.0,99.0,2344.0,0.0,-0.0647,0.3973,0.0265,5,2
8457.0,266.0,199.0,179.0,179.0,80.0,348.023,317.2389,262.0076,96.5466,109.444,179.0,179.0,0.0,0.0,0.1947,0.5202,0.0327,7,3
824.0,24.0,139.0,239.0,239.0,179.0,214.2574,142.8863,157.8132,53.0212,7.433,398.0,199.0,775.0,0.0,0.1226,0.1881,0.044,3,5
7276.0,223.0,139.0,239.0,239.0,119.0,213.2416,207.2402,240.6346,38.461,20.5548,239.0,239.0,0.0,0.0,0.2608,0.4398,0.0573,3,2
865.0,26.0,179.0,139.0,139.0,219.0,154.0519,188.5239,74.0068,84.7172,85.0235,139.0,139.0,0.0,0.0,0.0774,0.2769,0.0355,5,3
944.0,29.0,179.0,219.0,219.0,199.0,884.5575,52.9009,114.1271,936.8235,11.1018,219.0,219.0,0.0,0.0,0.1394,0.2099,0.0749,2,2
9235.0,289.0,139.0,239.0,239.0,80.0,397.6211,107.3837,454.1024,59.7097,65.307,239.0,239.0,716.0,557.0,0.2572,0.4197,0.0115,7,2
8447.0,266.0,139.0,99.0,99.0,298.0,119.7884,577.0366,79.2465,106.5106,34.5326,258.0,129.0,457.0,0.0,0.0437,-0.0193,0.0472,2,6
9450.0,293.0,139.0,298.0,298.0,179.0,300.0504,124.6445,204.3526,100.2821,79.0063,298.0,298.0,1611.0,3462.0,0.1456,0.1456,0.0207,2,5
4663.0,144.0,0.0,159.0,159.0,179.0,109.6734,471.2674,75.06,45.8803,45.511,199.0,199.0,0.0,0.0,-0.1043,0.0862,0.0218,5,4
10084.0,308.0,80.0,179.0,179.0,99.0,131.4002,130.1163,66.4831,62.5979,69.4262,179.0,179.0,0.0,0.0,-0.0023,-0.0043,0.0192,4,5
3721.0,117.0,80.0,318.0,318.0,119.0,72.6034,379.8585,114.9652,79.0759,76.2512,318.0,318.0,0.0,0.0,0.4406,0.2196,0.0904,1,1
7101.0,216.0,99.0,99.0,99.0,179.0,252.116,112.9292,257.6199,79.8326,62.5859,99.0,99.0,0.0,0.0,0.1481,0.1151,0.0231,5,1
9822.0,303.0,139.0,139.0,139.0,99.0,217.6264,392.9125,159.8781,61.8466,66.5977,139.0,139.0,99.0,0.0,0.0785,0.1525,0.0272,1,7
