fLength:,fWidth:,fSize:,fConc:,fConc1:,fAsym:,fM3Long:,fM3Trans:,fAlpha:,fDist:
51.9277,9.3879,2.7641,0.3932,0.2245,24.9507,31.9379,3.4913,23.9877,232.0897
95.2562,27.9901,3.1992,0.2851,0.1489,-66.8185,-71.2218,-24.3355,3.681,376.223
20.5036,8.7406,2.4683,0.6565,0.4201,21.2188,14.2452,-2.6566,16.992,157.411
21.3995,7.0036,2.0434,0.6787,0.3484,-25.5369,-6.6339,-6.4042,22.623,141.571
206.5165,49.0302,3.3471,0.1696,0.0808,-69.9928,-247.7792,35.3567,29.5876,300.3994
149.0281,87.5812,4.1545,0.0808,0.0244,140.5568,130.3872,54.1896,73.4484,331.2244
43.394,14.3798,2.7419,0.3315,0.1893,17.1142,34.0807,11.7271,13.603,121.477
46.0588,18.787,3.2217,0.2431,0.1504,49.2704,34.1066,10.7955,8.686,180.783
77.2773,11.802,2.4502,0.3936,0.1968,53.5782,72.4678,10.9367,5.475,161.942
27.2053,14.347,2.635,0.4195,0.2329,-0.5521,21.9019,-8.3026,1.8909,215.623
54.1474,11.588,2.5172,0.3404,0.1839,10.6862,44.0607,6.7006,32.432,120.989
145.6048,81.255,3.6376,0.1232,0.0694,66.2417,-103.8861,-47.3822,54.4519,326.1046
27.5202,16.582,2.5809,0.3675,0.1877,-6.1815,18.1638,12.4413,14.777,103.044
31.8987,23.787,2.9462,0.2377,0.1375,-32.1377,-9.3855,-13.76,5.2291,149.742
231.9656,90.4344,3.9677,0.0576,0.0334,-310.4866,-80.0512,-88.3351,86.7448,89.8175
71.4886,23.9922,3.2861,0.2111,0.1079,-46.5365,54.7414,-17.1485,3.3555,283.428
55.0356,42.0449,3.135,0.2191,0.1294,50.7766,35.14,-10.731,72.5768,127.54
33.1272,20.3221,2.5447,0.2728,0.1766,-11.8518,20.7825,-16.4027,84.9179,193.4097
99.0964,36.6325,3.853,0.1462,0.0771,82.5422,108.833,29.265,0.983,161.938
50.2236,11.1068,2.8901,0.2627,0.1346,12.8571,20.3994,-2.9316,11.44,92.0361
44.9886,24.3943,3.065,0.2213,0.1261,-10.3096,39.0961,15.22,6.065,157.056
37.9315,20.0353,2.9307,0.2745,0.1507,1.7077,-12.1019,-8.311,10.223,186.284
37.7697,15.3743,2.7721,0.3122,0.1534,-0.4536,28.367,-5.9695,73.1118,243.5656
21.5363,9.9292,2.2672,0.627,0.3378,22.0481,18.4537,-11.1982,24.0767,181.767
72.5221,21.6377,3.2048,0.1941,0.097,70.6315,65.5715,-13.3125,0.386,207.992
98.8028,16.4991,3.1633,0.1888,0.0985,97.1482,44.0962,-14.2972,81.1201,105.54
56.2016,45.1354,2.992,0.216,0.1475,-16.3853,39.609,34.8669,45.1622,246.6297
22.9575,3.5016,2.0488,0.7278,0.432,4.1849,6.0461,17.1601,38.5683,163.7858
273.4335,220.5144,3.5,0.0645,0.0529,349.1051,140.8111,-90.301,51.5325,162.6092
84.8658,36.6013,2.8238,0.2971,0.1853,-35.3613,-74.705,25.1221,1.804,345.464
19.3993,9.2873,2.3096,0.6471,0.424,19.8807,14.3973,-3.9199,25.804,167.898
49.4749,20.232,2.8692,0.2932,0.1507,36.1621,47.5655,16.6265,14.3967,143.684
69.9884,23.7658,3.0867,0.1219,0.0867,16.4705,42.8226,12.6565,38.6209,138.8302
33.5107,10.8591,2.6799,0.4598,0.2435,35.1301,28.949,-6.3518,9.962,87.8559
36.2672,10.7377,2.6889,0.3849,0.2119,-31.6599,18.6649,7.6944,87.695,258.539
36.514,23.9292,2.7016,0.3375,0.1743,57.8373,-16.5444,-2.705,73.9862,103.854
21.5661,16.1045,2.6703,0.3503,0.241,4.8524,-23.9776,8.6312,38.2136,87.9327
51.5958,8.8797,2.8045,0.3561,0.1922,26.5894,-23.7198,10.1686,28.08,206.792
25.7554,0.0037,2.1508,0.742,0.4064,27.8798,13.2388,-0.0001,0.0002,177.88
19.0472,7.3919,2.1255,0.779,0.4532,3.2134,-8.8712,3.604,37.9375,223.944
93.7259,27.8761,3.2193,0.1895,0.1065,44.6055,113.066,-19.6776,18.6002,165.461
27.9343,11.5799,2.6385,0.4759,0.2655,10.4244,16.4298,-8.8598,73.5647,213.706
17.9508,10.0082,2.3962,0.6506,0.3996,-0.753,5.14,7.2953,34.256,155.183
25.7294,18.3896,2.7501,0.4587,0.3102,22.7825,23.4762,8.6497,7.882,126.857
63.4929,20.5225,2.6764,0.4499,0.2275,32.4401,66.3647,14.2134,48.9157,142.5645
24.2645,13.0711,2.558,0.5728,0.3846,14.607,11.4937,13.6588,12.2864,255.6856
31.8548,13.1959,2.5557,0.4367,0.2517,30.3264,-21.49,11.5896,16.9228,166.82
21.1773,14.3914,2.3021,0.8617,0.615,-2.4848,5.5418,-12.7457,21.9203,235.8099
29.6151,20.0728,2.9058,0.3155,0.182,13.0041,-21.6409,11.243,41.9658,74.633
44.7358,28.6487,3.1326,0.2645,0.1547,12.8945,-43.2946,15.1173,89.9042,219.3789
33.0473,18.5401,2.6875,0.4476,0.2659,30.3266,21.0689,16.3566,9.5992,168.663
41.1473,14.5533,2.8178,0.2374,0.1028,30.4315,-10.3292,-4.1153,82.2647,147.1082
34.7228,13.3626,2.6191,0.4639,0.2368,-43.1927,13.5598,-5.3328,42.666,130.752
43.2166,9.1758,2.8603,0.3697,0.1979,40.7602,-19.5877,4.3802,55.468,246.537
33.2254,18.7249,2.7263,0.308,0.1643,-1.3268,-13.9319,-9.6538,24.253,104.861
168.453,155.194,4.0676,0.0764,0.0387,8.1251,-133.068,79.2178,86.3874,242.215
79.0866,19.0213,2.6585,0.4338,0.2562,-44.8502,-58.78,-8.4784,25.4623,308.0689
43.8482,25.1626,3.3698,0.2168,0.1146,16.1731,37.8449,5.569,3.636,226.592
55.838,22.8369,2.8848,0.3181,0.161,-75.6186,38.795,8.9288,76.742,257.569
27.6075,7.5854,2.2878,0.5928,0.3376,10.478,-8.0901,3.8484,2.676,147.808
66.0798,20.4955,3.3085,0.1848,0.0961,53.5418,55.7708,5.2318,3.584,235.042
34.105,11.555,2.5321,0.4552,0.2746,-13.268,23.8552,-5.2855,12.8796,194.693
33.5735,17.9992,2.5321,0.3906,0.2247,-45.0144,24.2938,-4.0172,4.3297,192.427
49.0906,13.5019,2.525,0.3194,0.1716,-15.1559,40.9727,-5.5597,79.897,137.44
62.2195,24.2531,3.2907,0.1772,0.0991,9.7232,43.2756,-11.0521,1.5585,247.374
25.2228,13.6075,2.3738,0.4989,0.2939,-12.181,-12.8844,11.3032,66.649,78.9436
75.1286,26.9409,3.103,0.2964,0.1479,-30.54,-48.442,-12.5817,7.1122,305.5845
25.2494,17.2241,2.6739,0.447,0.2617,17.4161,18.1864,12.6458,2.9235,124.764
43.7671,29.7969,3.4,0.1855,0.1037,21.5615,33.4166,-23.0803,27.622,131.255
20.1099,11.3279,2.5152,0.6351,0.3832,-4.7249,13.3676,7.0606,22.163,154.447
13.1234,9.9102,2.1917,0.8103,0.537,11.9726,8.2394,-10.2116,9.046,41.3399
16.9771,10.9403,2.2553,0.6389,0.3639,3.4201,-7.8253,7.357,12.4336,187.589
50.0122,17.8938,3.0388,0.257,0.1331,42.9603,19.7787,-11.2019,2.8523,201.766
89.2198,30.9204,3.6657,0.1943,0.1156,-45.9685,60.5827,-9.4736,3.667,337.885
110.365,43.2592,4.117,0.0981,0.0505,-133.406,73.6705,-30.99,0.324,308.787
95.8777,34.7056,3.8521,0.1568,0.0846,-43.0463,43.099,-12.5475,1.397,336.647
26.9079,11.3487,2.3355,0.5035,0.2656,-23.2516,12.3089,-11.0073,34.9219,167.894
93.0034,28.1488,3.6363,0.1608,0.0817,-67.5172,73.348,-9.9072,1.64,293.818
21.5368,6.9542,2.055,0.6872,0.348,-25.7641,-5.2793,6.4756,5.554,209.005
30.4474,18.317,2.8618,0.3409,0.1753,-7.0644,15.8153,-5.8422,58.7136,216.138
15.1513,12.1682,2.5092,0.6594,0.3483,-0.619,1.8562,-4.9772,75.415,201.122
42.9795,15.9668,2.6253,0.2607,0.1363,9.7417,29.9491,6.8072,10.603,185.708
13.3691,10.4927,2.273,0.7947,0.408,14.8075,3.0611,11.8904,78.021,128.056
202.93,37.4883,3.023,0.2096,0.1048,-211.109,85.5119,32.7192,5.3398,267.364
95.2551,29.3494,3.5036,0.1622,0.086,67.6239,84.4564,-26.3234,11.6527,134.1558
22.8998,10.4377,2.2451,0.4414,0.2133,-23.1011,3.4096,2.1152,84.7038,44.1264
24.3237,16.9759,2.6684,0.397,0.2436,3.0799,21.8963,8.8449,53.3158,120.405
57.6274,21.8351,3.1316,0.1816,0.0844,13.6572,57.9148,-10.5458,15.9668,107.342
53.7587,42.1545,3.1971,0.1575,0.0822,-48.893,-32.1195,34.4839,84.3933,123.943
14.9856,14.7028,2.3506,0.6184,0.3503,7.8388,26.324,-4.9293,77.7656,30.4286
115.093,61.4562,4.4291,0.0482,0.025,-57.7364,81.9058,25.8484,5.487,271.373
216.4995,57.9507,3.544,0.2238,0.1273,-11.7305,-287.5067,49.9055,16.6904,294.9818
193.9086,51.2335,2.9993,0.2967,0.155,-268.3637,156.536,28.4412,19.7668,269.7731
68.1948,34.0673,2.8782,0.388,0.1853,-38.5483,-63.0794,-19.1501,24.7067,318.6437
22.7551,14.6236,2.7976,0.5052,0.2622,-7.3486,-12.0504,-8.7057,68.9151,258.035
88.3094,27.4454,2.7608,0.3886,0.2038,-48.1421,-87.6045,-19.1741,1.3258,278.594
78.3373,18.1086,2.7675,0.2408,0.1204,153.662,-77.2964,-5.8706,7.9135,257.187
60.6713,25.5656,2.8254,0.3916,0.228,56.2707,33.9634,-12.2984,2.2138,82.8309
28.7451,24.636,2.6264,0.3456,0.1798,-1.1457,28.6299,-9.1353,56.3621,174.3312
19.3101,17.9565,2.4571,0.3805,0.2251,-1.4298,9.9399,-5.0171,4.3446,118.587
29.4435,12.4556,2.5028,0.5668,0.3077,-38.245,-24.0811,1.9457,71.6469,213.6739
125.3915,61.8069,3.6173,0.098,0.0577,-187.5654,85.1881,-28.3802,13.918,211.8891
26.9052,12.155,2.5259,0.4869,0.2473,-2.601,-20.1639,-7.6542,84.1917,199.24
17.0477,9.9629,2.4085,0.5473,0.2879,-3.5455,15.6929,5.4976,42.3606,72.7224
258.7196,188.8866,3.5198,0.0865,0.0535,328.7287,42.4851,122.2904,75.4253,135.2064
46.0246,15.4662,2.9368,0.3239,0.1718,37.7466,35.6382,-7.7421,3.595,196.879
24.8463,15.8127,2.5873,0.4904,0.313,-6.1687,6.6229,-12.7957,74.1206,240.7409
59.3471,26.2146,3.7012,0.1683,0.0926,32.8522,45.5091,14.8584,1.29,220.227
21.4397,10.5758,2.485,0.5696,0.3355,13.4978,-14.2692,-6.2677,84.1039,221.567
18.4261,10.3567,2.2304,0.6,0.3029,-23.5587,-9.3884,5.5536,37.882,236.636
30.5474,13.0754,2.5445,0.6895,0.4621,7.1099,0.3381,4.926,34.0047,40.304
21.5295,13.7577,2.7135,0.5841,0.3337,-25.1393,-10.9723,9.932,7.3842,214.43
37.2741,10.2834,2.636,0.3884,0.1977,20.9504,24.233,7.5941,56.033,169.491
16.0737,7.1383,2.3675,0.3923,0.2199,-2.0537,18.7109,-7.4791,22.455,138.491
31.9028,14.83,2.8052,0.3978,0.2028,16.546,19.945,14.2056,6.9052,224.639
55.6335,15.8567,2.7016,0.3042,0.166,13.7655,51.8675,-14.811,10.4907,127.726
60.7519,14.8701,3.1209,0.2127,0.1101,-44.5458,35.7539,12.0027,10.2948,196.305
18.1899,15.2937,2.3844,0.539,0.3168,0.7575,23.3691,6.2905,6.8119,55.9963
20.8258,7.0223,2.4523,0.5816,0.3295,13.9772,-5.4278,9.4527,33.6243,149.7986
149.8725,64.8825,3.467,0.2003,0.0952,319.5395,-144.6621,74.0211,88.6655,374.1284
13.0738,10.7959,2.1569,0.7666,0.4634,-13.7879,4.2008,-10.2957,23.504,47.7905
49.4001,36.207,3.0848,0.1974,0.1024,-64.5316,-34.7814,-31.949,49.2599,297.626
20.9442,6.9091,2.1123,0.749,0.4286,21.6052,13.8989,-6.0589,12.268,130.034
79.8937,26.1386,3.271,0.2282,0.1428,-62.0345,56.62,-19.249,34.986,290.431
27.0089,24.9415,2.6628,0.2717,0.1424,28.552,3.091,12.2596,55.3088,161.032
86.757,1.2098,2.3997,0.6813,0.3805,-30.153,-71.1567,0.6234,2.9754,331.477
150.7452,73.065,3.3265,0.2713,0.1551,97.9576,157.8799,49.5506,78.6364,278.0696
37.9876,9.8674,2.838,0.3148,0.1721,-25.3203,31.014,7.932,15.4444,242.4555
67.4796,23.4741,3.0993,0.2554,0.1404,-33.7264,38.8047,-5.279,2.6617,306.191
64.8397,17.9677,2.9899,0.2641,0.1448,77.091,63.8889,5.0103,3.332,256.686
25.927,12.514,2.5933,0.5867,0.4171,-8.1876,-23.296,8.8858,74.189,226.515
42.6005,22.6843,3.031,0.2253,0.1206,-4.1977,-13.1639,9.4312,14.976,220.277
36.8545,8.8556,2.4355,0.4997,0.2792,-11.9309,-15.9908,14.7398,45.3487,162.3352
45.4241,15.3792,2.9159,0.2536,0.128,-29.4628,-10.2001,11.1693,7.295,176.706
49.0345,13.0214,2.8379,0.305,0.1547,-25.2715,29.7617,-5.9572,5.173,233.504
77.3767,19.1751,2.5128,0.5528,0.3464,91.7632,-30.6467,11.3837,18.283,154.8265
27.5928,12.1125,2.4786,0.485,0.2807,-20.2481,13.3007,-8.2076,8.947,129.518
101.82,24.3416,3.3921,0.2056,0.1243,104.651,98.1002,14.55,3.648,260.535
12.8534,11.3489,2.1508,0.7138,0.4276,14.8725,-8.5355,-0.0762,22.004,240.216
72.1767,15.9009,2.971,0.3533,0.2251,11.8694,32.0153,11.0663,34.076,81.0633
26.0503,14.4701,2.5849,0.3953,0.212,28.6458,19.0003,-9.2827,16.2105,139.812
63.2539,14.85,3.0542,0.3901,0.1964,-87.4398,32.9388,-12.2044,11.2803,302.111
44.6503,14.705,2.5051,0.5344,0.3203,22.3025,53.1155,12.5878,26.3364,187.865
24.1401,15.4525,2.4393,0.4182,0.2273,-17.5407,-15.9255,-12.8517,11.711,166.719
42.5309,24.629,3.0116,0.2278,0.1222,11.5399,37.5428,15.7883,27.4131,250.684
24.1987,12.1882,2.6964,0.5332,0.3068,6.2631,17.3827,-7.2861,28.9777,159.148
173.256,78.768,4.2821,0.0739,0.0413,-82.339,-125.3489,-60.4553,79.259,374.5748
150.965,45.7136,3.6286,0.0981,0.0521,-259.083,129.254,20.2187,61.152,189.67
26.7182,16.3962,2.5226,0.4907,0.2533,47.9464,-11.3595,3.5505,20.2759,203.8754
91.3763,33.8905,3.8081,0.165,0.0877,-75.5898,68.6722,-13.9476,3.0507,345.136
57.9426,29.9764,3.0265,0.5296,0.4078,-23.4403,-55.1406,-31.1931,48.107,322.51
198.7183,99.2397,3.5728,0.1226,0.0547,-150.5884,-98.9017,-120.9131,34.4383,278.564
23.3398,6.8631,2.2401,0.7755,0.3955,15.5493,3.1633,-10.5454,23.0812,201.1968
51.5075,21.1262,2.8742,0.2781,0.1644,62.3685,-7.4534,9.7978,31.9622,37.9488
41.5697,15.2963,2.9479,0.407,0.2351,34.8428,35.7308,-6.2601,1.109,143.036
77.7029,24.7773,3.3432,0.2214,0.1323,32.0315,98.5072,-7.858,8.624,241.917
55.3259,10.7461,2.9661,0.3178,0.1681,35.4621,16.3418,10.5974,71.629,142.504
170.7778,65.1699,3.1726,0.1805,0.0973,-69.6537,-189.4876,32.6956,57.4979,142.5045
124.838,72.3293,3.3277,0.1373,0.0783,-226.867,133.497,-21.0195,12.609,236.468
121.5846,24.0051,2.9664,0.3009,0.1559,-82.1125,-117.7839,13.1076,66.1716,56.4439
52.0561,23.6061,2.8283,0.4484,0.2383,39.7881,51.4639,11.9161,29.9881,103.895
33.8329,18.7762,2.76,0.3249,0.1937,-10.3804,-15.9305,13.7306,31.828,144.261
20.2208,11.1673,2.3201,0.5885,0.2943,8.1697,-18.365,8.4123,38.769,206.788
240.754,228.0385,4.905,0.0303,0.0125,198.3768,-102.5088,-205.8947,77.6662,162.6817
32.8576,19.4994,2.8341,0.3223,0.2103,-16.6984,-25.2183,-7.2524,57.3468,19.888
106.501,32.4188,3.6269,0.1225,0.0648,52.4317,89.5803,-23.8236,4.26,291.819
35.9913,19.4494,2.7466,0.3297,0.1801,-34.0069,-25.3956,-6.3628,0.2425,175.99
116.2639,23.4636,2.6875,0.3479,0.1826,-101.4558,-98.4907,-0.8442,45.4343,107.5904
24.8322,9.1005,2.4921,0.5862,0.3494,-6.3235,-11.4506,-2.7892,4.5268,175.637
26.3449,16.1219,2.5729,0.4759,0.266,1.1404,23.5678,-15.3784,47.7234,192.141
28.733,16.4655,2.8014,0.3776,0.1935,19.9484,16.9077,-11.1605,11.8961,234.124
27.7826,11.8713,2.5623,0.411,0.2096,9.8933,21.3733,-7.1486,66.669,104.412
91.757,38.4914,3.3803,0.1916,0.1014,47.9548,126.475,-25.2647,27.0741,49.8535
44.7114,17.8932,2.7785,0.3297,0.1774,13.0163,25.7086,-10.464,2.715,179.333
118.1798,57.7751,3.1979,0.2059,0.1245,-95.4522,-146.5194,11.6968,27.9287,162.699
21.0523,14.8214,2.6279,0.6007,0.3946,18.1624,21.6201,-3.48,12.1039,155.782
70.3382,46.8813,3.1054,0.2021,0.1317,-34.509,-78.5341,-34.8005,49.9159,231.6019
26.7063,18.6618,2.8842,0.3499,0.1821,11.9666,16.8838,14.2216,17.71,89.0357
74.9136,18.5945,3.1433,0.2595,0.1319,-75.867,67.8681,-16.7463,4.002,265.755
23.498,9.161,2.3674,0.6609,0.4399,20.9879,20.8443,11.37,22.447,172.895
29.0168,17.4193,2.7001,0.3927,0.1905,32.8514,24.9982,-20.2867,79.4579,204.7022
34.9712,21.185,3.1217,0.2372,0.1281,0.0356,22.2313,13.1915,2.16,186.422
19.6449,14.8624,2.5024,0.478,0.2846,2.3679,-10.1323,5.8533,19.405,162.777
98.22,29.3594,2.9047,0.2802,0.155,-112.694,61.7125,-24.2858,8.9889,250.539
65.7802,23.6589,3.3623,0.1989,0.101,62.6751,66.4296,-6.5952,0.4845,182.558
32.6685,11.9,2.844,0.3822,0.2095,-21.707,-35.5266,-9.8157,40.8331,164.8638
26.9187,8.1612,2.2601,0.6264,0.3874,-14.2611,-20.1555,-6.4586,76.9508,186.649
44.4822,38.19,2.6882,0.331,0.1824,-7.8757,33.1754,-12.1653,22.7861,305.6269
54.4375,32.7823,3.1174,0.1557,0.0797,56.8326,12.2947,16.1308,2.6399,144.71
35.7106,21.1057,2.8267,0.2295,0.1304,51.8701,10.6385,11.9995,3.921,211.088
30.4419,20.5627,2.7892,0.7051,0.3696,25.3224,29.9827,20.1468,33.7225,352.991
109.352,78.0608,3.726,0.1118,0.0572,-131.978,69.6527,-59.6544,1.4315,300.036
62.4421,14.251,3.0676,0.2456,0.1399,25.5564,32.725,-10.0602,0.7239,208.016
103.8466,27.2251,2.9081,0.2058,0.1054,-120.1674,80.2072,15.0486,1.1645,212.2325
27.1734,11.315,2.4564,0.451,0.2535,8.108,13.5867,7.8429,15.6121,144.482
35.4413,8.6428,2.799,0.4382,0.2223,-2.5966,-8.2996,8.0967,74.2972,246.4691
25.4911,15.4594,2.7153,0.4784,0.249,14.4384,-15.4368,4.1073,75.1657,163.4802
27.8651,22.4944,2.8701,0.2927,0.1593,26.8529,-25.2281,7.6651,88.7812,201.9045
27.2713,9.999,2.6112,0.5655,0.3195,26.9184,22.1784,9.3447,3.1333,131.033
26.525,9.8492,2.4125,0.4371,0.2263,14.9537,-17.695,-6.392,56.4482,240.735
57.113,18.8026,2.7122,0.3065,0.1775,-4.182,-43.4807,-16.7384,1.299,178.273
22.7935,6.3037,2.1775,0.7708,0.402,-25.1385,-9.0045,6.856,67.106,199.65
37.1941,22.1046,2.9673,0.2598,0.1666,-12.0283,-13.7916,11.4137,4.9759,78.257
19.6403,17.0921,2.5416,0.4483,0.2859,-6.8181,-14.0385,-11.1424,4.0536,140.546
25.5536,17.4304,2.3531,0.4435,0.2417,-10.6269,-18.4292,15.2663,79.873,75.5272
12.6365,11.779,2.0394,0.7032,0.379,15.8987,-9.2812,-9.4742,39.212,223.925
145.1413,107.2101,4.1463,0.1044,0.0493,-114.2347,-137.1122,52.0009,37.0745,324.8371
55.6151,29.9928,3.093,0.2408,0.117,34.3058,29.4904,-14.2401,38.6667,196.767
25.4641,15.0072,2.4115,0.4411,0.2267,-23.3359,-3.7213,-6.1822,54.7523,209.76
34.5681,20.4939,2.854,0.3695,0.2414,-2.9089,-30.5672,-15.4752,1.3098,253.423
79.3368,17.6035,3.2275,0.1978,0.1033,85.3556,34.2215,12.6844,45.6726,180.768
31.523,21.2047,2.9039,0.2782,0.1578,21.6175,-7.0159,-12.9648,1.153,261.668
48.8841,14.1835,2.8038,0.3441,0.2176,-23.606,-35.172,-12.5396,1.783,214.303
88.3871,21.003,3.0934,0.2371,0.1407,-57.0802,73.1872,4.4624,1.8504,282.056
74.6459,16.821,3.0366,0.2776,0.1595,44.9254,58.2994,-12.5938,1.9633,232.12
125.8177,66.0868,3.7559,0.2069,0.0888,11.0748,-140.2779,57.0024,59.2365,295.3398
35.3685,25.5231,3.0959,0.2117,0.1079,2.0661,24.007,-7.1707,6.862,211.998
116.9997,88.1903,3.0449,0.1725,0.1225,-41.613,-56.329,9.2071,12.6866,279.8138
38.1929,13.3817,2.8121,0.565,0.3308,15.954,28.5946,-7.2551,15.674,173.9164
40.6834,17.0578,2.8024,0.2979,0.1805,25.5019,32.8445,-11.8089,18.706,143.89
86.9886,32.8868,3.4965,0.1326,0.0748,-17.8399,89.8199,-13.9605,10.8854,256.601
29.9259,9.5265,2.4541,0.5448,0.2865,10.4934,17.0588,-5.2099,0.255,218.329
34.611,16.6761,2.5465,0.3835,0.2372,30.0527,17.9349,12.8638,0.9038,137.219
40.3641,16.0981,2.8218,0.3361,0.1816,17.6228,38.7838,-4.1778,4.31,251.989
83.5277,21.7244,3.1987,0.2418,0.132,59.2782,79.2466,-10.8127,6.34,218.901
83.738,32.8001,3.6126,0.2172,0.1112,10.0435,43.1094,-29.1398,1.4349,371.197
23.7533,16.8303,2.8299,0.432,0.2685,6.3197,11.3306,-11.9067,14.2238,157.23
89.7222,23.8906,3.5741,0.1554,0.0806,48.2377,85.261,15.4428,2.759,235.462
111.683,19.3573,2.8299,0.5133,0.3602,-80.4632,-83.6293,19.5224,40.024,328.991
57.2369,19.5008,3.2156,0.2581,0.1482,-91.5071,21.4126,-9.0285,1.776,239.027
55.8124,23.4781,3.3273,0.1831,0.1038,-50.9728,-36.1868,-14.4238,6.397,166.396
21.4944,10.4204,2.2304,0.5588,0.3088,-4.4301,16.7152,-8.5553,14.8311,207.058
30.4163,17.4222,2.8274,0.3839,0.2195,15.7713,24.3943,-15.0565,68.21,236.15
18.7801,12.7489,2.4385,0.5683,0.3005,14.6127,13.6885,-6.362,84.5089,40.3003
80.7951,39.9652,3.4218,0.2351,0.1255,-2.9172,39.5632,-32.3136,4.874,336.315
12.9782,11.1038,2.2467,0.7479,0.4391,-14.4023,6.747,-10.0441,0.131,64.9302
24.66,10.9818,2.5792,0.5086,0.2569,-7.8453,-19.655,3.6629,6.516,209.64
45.1824,17.6643,2.9457,0.2867,0.1671,20.781,33.8088,-10.0147,5.545,257.257
60.1637,11.2194,2.5592,0.4734,0.2532,45.2744,68.1764,-6.3152,31.8311,223.4356
135.231,26.8299,3.3995,0.1837,0.1218,-109.679,58.9965,23.9855,21.9084,236.009
21.5154,6.9536,2.1717,0.6869,0.3603,25.1513,8.2443,-6.4628,39.3259,232.1
77.9731,28.946,3.8051,0.1419,0.0729,50.714,58.899,16.888,2.4615,237.506
26.4869,12.2602,2.5527,0.3922,0.2003,-24.8299,20.1534,8.9741,40.5639,163.722
62.6891,24.4737,2.6527,0.2692,0.139,-47.1464,50.0666,-14.8153,11.0895,291.289
34.2309,13.5888,2.6785,0.4088,0.2107,-20.7312,-9.3222,6.336,8.344,143.81
18.1125,16.9482,2.3314,0.4988,0.2541,-7.4528,16.5016,-12.5021,14.9007,96.8673
43.1994,17.501,2.8011,0.2735,0.1431,44.9467,40.3342,-4.6509,7.6914,154.427
85.8049,32.2278,3.7798,0.1609,0.0868,22.7669,77.3155,-11.7304,1.3536,288.764
19.0626,16.0027,2.4023,0.4911,0.2911,4.2981,-16.7702,-7.7855,85.4811,156.457
16.1728,8.3216,2.2174,0.8383,0.5297,0.187,5.7161,-14.0271,81.6645,138.802
76.7136,19.7113,2.6551,0.2876,0.1471,-6.9114,38.031,-14.2018,7.946,153.304
66.6214,15.7086,2.9717,0.3074,0.1585,-17.026,33.4005,10.3281,0.573,228.322
25.4076,10.6149,2.5045,0.5446,0.2833,6.9908,22.618,5.7368,11.3112,117.087
46.8511,20.0086,3.2301,0.2691,0.1398,15.5496,38.7909,-18.5833,6.56,182.05
16.3002,14.3664,2.6469,0.5884,0.3561,-10.7779,17.4112,-14.0349,27.5505,212.3356
24.3394,12.7452,2.5821,0.5105,0.3233,9.8966,13.646,-3.7776,51.276,232.795
50.9163,14.3502,2.8205,0.2298,0.1172,40.1935,24.662,8.1326,1.603,236.838
88.7452,29.7188,3.6021,0.185,0.1104,50.7498,83.4887,-14.3874,3.4725,288.938
18.7375,9.9878,2.2856,0.6321,0.3497,21.9776,11.5671,5.4097,17.6368,50.7272
83.6871,17.2672,2.7118,0.4175,0.2553,-98.3861,-48.3792,-17.8345,26.492,286.746
94.1338,29.9863,3.0077,0.2692,0.1351,22.629,-71.8447,3.5768,3.4297,352.786
46.5095,16.7168,2.5637,0.431,0.2112,-17.2024,-31.1099,9.5245,30.0222,109.1007
85.3384,17.7218,2.6355,0.3287,0.1725,-103.046,62.953,9.2347,4.915,235.905
33.7304,16.1715,2.7593,0.3359,0.1802,23.1036,30.4307,-13.1286,10.213,184.068
24.8952,11.4458,2.6851,0.4109,0.2456,24.0332,26.7974,-3.9032,72.4573,186.4652
21.4029,14.6598,2.4857,0.4641,0.2565,-25.7293,-11.7832,-6.5024,87.5655,239.845
23.57,14.8601,2.3971,0.509,0.2585,-11.1252,-14.8719,11.4384,21.769,166.971
13.4415,10.1082,2.224,0.8119,0.4627,13.7432,6.4155,-11.6218,76.26,215.791
38.549,24.3501,3.3116,0.2371,0.1344,-9.3125,2.3232,8.6266,24.017,102.78
17.9922,11.8316,2.4601,0.6101,0.4107,-3.128,11.1864,11.0347,59.5437,171.819
62.5927,35.2466,3.3442,0.3622,0.2057,29.3027,39.8251,21.9907,3.1921,360.081
78.4733,23.9205,2.9283,0.3295,0.1661,-62.0506,27.6479,-9.05,33.0782,297.3374
34.9887,11.4697,2.5971,0.3717,0.196,-22.7245,16.4385,-6.6438,3.1813,136.173
75.8507,19.2153,2.8689,0.3678,0.2346,-62.43,-45.4391,16.3209,15.3192,255.374
195.3829,50.245,3.1741,0.1902,0.1271,212.0317,-148.436,-43.5186,42.7007,181.2185
34.8894,25.6879,2.8889,0.3055,0.2084,9.5518,40.5478,-21.3362,17.2847,182.3265
32.7458,23.3519,2.6026,0.3196,0.1835,12.2047,-25.3849,-19.1124,27.897,98.2962
74.576,24.4957,3.2781,0.1892,0.0988,12.0565,-23.098,14.0487,1.863,257.483
21.9832,18.564,2.7474,0.4024,0.2368,27.0198,21.959,9.3895,88.5075,90.0599
155.683,86.7432,3.7086,0.1152,0.0613,97.9178,-147.471,57.2936,89.0275,331.552
61.3151,43.1685,3.3569,0.1507,0.0991,3.1627,37.0264,14.9764,9.6748,261.8352
26.8527,15.1268,2.8156,0.3685,0.198,10.413,16.3541,9.8889,18.3145,114.872
20.0062,10.9525,2.2878,0.5825,0.3119,-8.4534,18.0523,-9.9211,72.9346,71.5935
27.0156,7.4843,2.2945,0.6091,0.3832,12.3822,6.0053,3.7229,89.3958,185.013
21.2986,9.9979,2.5283,0.6607,0.3481,-14.3058,14.71,-8.7587,46.896,228.125
30.8163,14.678,2.7834,0.4056,0.2209,-29.3542,-19.5351,-13.4315,62.679,263.9626
24.5566,9.6981,2.3971,0.5491,0.3226,12.9348,-13.8015,5.6128,15.6504,221.256
56.0878,25.9763,3.0638,0.2948,0.1552,2.9482,44.3306,11.5792,4.9101,329.4015
55.2926,13.3843,2.8636,0.2902,0.154,68.9945,-11.6242,6.3705,4.5618,200.338
27.975,15.9896,2.6547,0.392,0.2027,-34.8216,-23.1474,-16.7027,10.1631,134.054
41.6116,10.1455,2.9077,0.3871,0.2022,-41.3479,-28.2571,-7.9844,85.6838,250.143
17.666,11.1267,2.5365,0.4626,0.2646,3.3562,21.2237,-11.6285,61.3469,150.4692
19.2878,10.5686,2.5126,0.7035,0.4255,-5.6003,12.5531,7.6606,58.7634,106.324
37.5856,18.1024,3.0137,0.2723,0.1672,18.0017,25.3594,11.9947,11.117,177.301
63.4772,16.2974,3.1679,0.2579,0.1604,-56.7779,-70.7614,-16.4659,68.3542,178.6399
17.264,9.5686,2.3383,0.5855,0.3556,-3.0337,8.7888,5.3275,58.6985,189.7578
61.7387,26.1604,3.1075,0.2217,0.1151,62.3235,54.7415,-18.7104,5.861,290.023
12.5969,11.8362,2.1804,0.6997,0.3729,16.0069,-9.323,9.6302,62.6968,62.5545
17.8206,10.352,2.356,0.6608,0.3326,-21.7175,-10.5776,6.7436,73.0659,229.696
60.8599,35.3517,3.2928,0.2074,0.1139,-75.401,23.5633,16.0042,11.2415,254.936
16.5162,11.044,2.3263,0.6604,0.375,-4.6093,7.7221,-7.8583,24.0178,230.687
20.3157,8.0369,2.1869,0.5363,0.2898,-36.7733,3.5835,2.7775,69.2492,136.6671
21.434,14.7528,2.3589,0.4683,0.2385,-33.9448,17.357,-6.2743,10.066,192.929
23.2615,13.518,2.3294,0.4778,0.2553,22.0703,15.0383,-7.2072,44.127,106.503
41.3514,24.002,3.066,0.2637,0.1482,12.261,37.6396,-10.0031,22.0152,95.863
43.3949,20.1472,2.9694,0.2811,0.1636,4.8949,-31.9114,-1.8713,5.069,219.882
95.3862,43.1623,4.0435,0.091,0.0478,-69.4949,87.8497,-17.3434,4.0819,291.299
23.1227,19.1015,2.9906,0.417,0.2488,-2.0355,12.9545,-8.1346,40.3115,62.1829
46.7996,28.0491,3.2139,0.1778,0.0975,23.1562,35.179,18.519,18.651,155.62
24.226,18.1064,2.5289,0.3728,0.1997,15.7258,-13.5556,11.3862,2.572,223.795
20.7471,7.1701,2.0434,0.7149,0.3575,24.2341,9.9352,-5.9667,24.743,113.793
26.9058,15.8311,2.4814,0.4653,0.2723,10.1739,17.8411,13.7835,61.2278,99.8993
195.0339,120.6847,3.7992,0.132,0.0636,-236.7155,86.7975,-79.4557,83.2553,170.6093
17.776,7.3984,2.3149,0.8087,0.5254,-2.8991,5.0062,-4.2669,66.1517,160.953
16.9449,13.8284,2.2545,0.5226,0.2961,-12.5203,-3.9094,3.6594,56.4072,201.7426
85.2941,79.5291,3.4422,0.2309,0.1476,16.5248,47.4467,77.1849,89.2721,423.917
56.4198,16.7197,3.066,0.2345,0.1302,9.1619,47.8684,11.5413,3.093,205.266
25.9538,12.1946,2.4624,0.4621,0.2534,-0.3813,17.3215,-7.5821,39.315,223.495
21.3424,10.1083,2.2788,0.6,0.3132,-6.4027,17.53,-10.7113,51.719,158.054
22.2792,12.4982,2.437,0.5082,0.2724,-1.4818,10.3689,-5.2317,30.7241,165.615
40.8191,35.1622,2.7716,0.203,0.1074,-27.1055,33.1106,-27.4077,9.6533,212.424
101.542,20.1867,3.2626,0.431,0.2319,-57.9937,-73.5207,-24.8057,15.5822,384.412
170.6943,79.2224,4.0972,0.1103,0.032,-33.1598,-157.8983,-22.7035,32.1636,314.7692
91.4237,28.1963,3.673,0.2306,0.1162,3.5466,46.9415,-15.3449,1.781,365.286
12.3915,12.0938,2.0314,0.6791,0.3488,16.6788,-10.1092,8.8839,17.4271,194.9
25.5628,11.9588,2.4188,0.7183,0.4317,9.1341,21.0834,11.0272,9.5872,65.6303
38.4475,14.7924,2.4456,0.4946,0.2993,18.1005,30.9733,-10.152,22.3126,94.833
36.5516,8.3967,2.5119,0.5538,0.3246,43.1316,19.9794,-5.0635,2.534,173.63
29.1454,14.6984,2.643,0.4141,0.2582,-25.2748,-25.6863,12.0643,18.9218,208.133
28.37,13.9436,2.6532,0.4193,0.2184,9.5338,17.5741,-7.0825,69.3172,229.2602
97.4161,16.584,3.2103,0.1824,0.1044,-43.4641,50.897,11.0896,60.642,95.9959
68.9272,23.1967,3.2302,0.1883,0.0945,16.1875,58.9925,-10.5944,4.554,153.086
22.8113,11.4933,2.5483,0.5922,0.3635,38.6888,33.2876,12.4094,7.8516,218.4869
25.3603,12.0956,2.5302,0.4602,0.2404,16.7515,14.293,5.2434,19.1921,216.885
141.4314,88.6019,3.2561,0.2757,0.1317,-42.7243,-113.3573,51.547,18.5579,352.3139
56.9366,10.2765,2.6774,0.3516,0.2034,30.2751,45.1287,-1.2219,53.2187,262.199
24.788,15.5164,2.4409,0.4022,0.2192,-15.1962,-16.1815,-13.349,57.5441,57.8058
60.2095,30.3849,3.7078,0.1793,0.1141,21.6093,60.8677,17.2177,25.5574,185.198
48.1754,18.215,2.8132,0.2782,0.1483,17.9921,38.6935,4.6915,45.0927,240.166
45.5915,10.4855,2.8943,0.4907,0.3011,27.8879,40.5332,3.8857,23.2142,167.0981
26.0965,16.0825,2.5179,0.3551,0.1806,-31.4925,-14.3983,9.9377,17.638,103.521
26.2499,14.548,2.5972,0.428,0.2493,-30.2397,18.4927,9.2774,82.7315,123.013
80.5865,17.6853,2.7288,0.3735,0.1895,-72.7811,-48.078,13.0506,55.523,84.8962
136.642,24.982,2.7694,0.267,0.1505,-228.312,134.038,-9.6986,3.8026,271.822
128.315,32.0179,3.0737,0.1857,0.1017,-125.176,84.952,21.3786,23.202,252.21
31.8536,16.0322,2.5403,0.3545,0.183,14.6651,25.0272,9.9029,17.905,62.6579
31.6774,12.906,2.3887,0.4565,0.2805,-29.7706,-20.8384,-13.1949,69.8269,143.0876
33.7801,14.7812,2.4378,0.4526,0.2646,-34.2524,-19.3872,-10.7488,66.755,144.69
22.3879,17.2695,2.7427,0.4231,0.2667,4.3399,19.8514,7.8956,54.7485,121.963
41.8052,39.6102,2.7351,0.2754,0.1289,-49.1386,-24.6032,21.414,9.5109,272.2625
33.2147,30.5176,3.4962,0.2408,0.1287,20.5129,7.565,-22.5822,53.4211,62.528
36.0738,12.6927,2.5563,0.375,0.2458,38.6242,26.4191,8.9849,25.8637,138.004
34.8096,29.7332,3.1299,0.1854,0.1012,29.2384,-21.971,-23.1219,12.823,59.0656
26.2642,19.6444,2.6395,0.3601,0.2099,7.0801,10.4091,-14.9864,26.944,93.3478
58.9828,34.7276,3.5862,0.1673,0.0838,27.5819,48.1584,18.614,16.8359,219.022
26.6593,14.3903,2.5676,0.4384,0.2368,-21.7042,11.6823,1.5741,3.0264,145.392
25.731,7.547,2.7485,0.494,0.294,15.9049,12.1196,1.2232,49.5059,94.4904
34.3872,31.6236,3.2924,0.2198,0.1217,21.1503,28.0159,-25.0545,20.7695,106.629
34.8458,8.0214,2.6484,0.4667,0.2349,-39.4085,17.8666,-6.0031,47.5145,168.0267
63.5206,24.7702,3.2717,0.1385,0.0762,80.4449,36.2196,15.9506,6.168,228.349
58.8826,11.747,2.9511,0.3033,0.1595,13.5775,-41.6244,5.2739,8.76,64.6417
90.0481,13.9973,3.1377,0.2466,0.1413,-101.4084,35.1786,-4.0346,3.509,217.2128
26.3338,20.7068,2.8576,0.2887,0.1534,-14.8353,2.55,-14.557,23.314,117.675
27.506,17.6938,2.7263,0.338,0.1775,-28.9954,12.4763,-11.2782,3.3162,187.61
18.5095,11.5116,2.3674,0.6867,0.4185,12.2497,18.7466,-8.7502,58.5288,146.66
47.5445,16.8228,2.8152,0.3244,0.189,14.0728,35.4231,-9.8911,10.21,209.649
87.2384,27.935,2.8848,0.3155,0.1806,-18.2102,66.6867,-11.3438,4.4265,342.504
29.8441,16.2333,2.4742,0.2987,0.1527,37.132,-16.2669,-8.4272,15.5205,198.973
19.4865,7.3947,2.5058,0.7551,0.4321,-2.3691,8.6595,4.5933,9.768,181.37
37.289,9.2609,2.8065,0.4309,0.2709,-45.9142,-23.4213,-5.7087,1.6194,141.427
98.768,27.7681,3.3029,0.1578,0.0804,-12.9733,71.8292,-22.3833,1.8306,174.465
87.8523,82.6742,3.8074,0.1382,0.0922,9.7111,-72.3095,-57.7876,87.844,355.0771
165.576,94.4208,4.3399,0.04,0.0204,10.6509,19.9567,102.211,16.1094,174.916
26.749,18.9529,2.5351,0.403,0.2238,-20.9612,-28.27,5.0291,43.5363,208.7578
49.0913,32.9026,2.9773,0.1665,0.088,-21.5165,42.5905,-13.9013,7.0683,138.026
35.6138,7.0964,2.3355,0.485,0.2748,22.5582,18.0866,-4.3745,13.759,171.148
29.1819,8.9596,2.5486,0.5994,0.3376,16.3719,14.6698,-4.0194,65.0487,91.7521
59.8099,30.7612,3.7199,0.1511,0.0794,25.0223,49.3329,-14.5647,1.0275,174.979
17.9664,14.4311,2.4464,0.576,0.3488,-7.2638,15.7688,10.4609,80.7121,59.8407
18.5636,14.8533,2.3435,0.6928,0.3953,-24.4494,7.6226,8.5843,48.3508,168.0281
22.1114,10.4427,2.2068,0.5652,0.3075,22.9016,18.6701,10.7207,41.7053,129.155
136.3197,30.3326,2.9539,0.5035,0.2868,-119.3438,-66.661,-17.6572,24.2187,286.986
84.8819,25.1165,3.0601,0.1916,0.1023,-43.2873,-51.8796,21.2441,16.7833,225.889
26.3191,7.5587,2.3243,0.6351,0.3863,-13.4009,8.4588,-2.6104,86.9542,235.435
17.3441,9.3037,2.4752,0.5962,0.3994,20.6682,13.3801,-1.97,17.7168,224.8004
18.257,9.5406,2.3385,0.6743,0.4839,-4.995,13.644,-9.4229,46.9799,143.742
20.73,11.4297,2.238,0.5954,0.3555,-13.185,-19.4182,-2.7731,67.7536,61.5102
20.3579,14.379,2.5224,0.4625,0.2898,-0.6729,7.0023,6.5538,26.143,121.173
76.0204,26.3797,2.8641,0.4623,0.2627,-64.7443,-76.2211,15.7684,8.7072,52.0792
131.944,45.8938,3.0548,0.32,0.1706,-118.407,-98.18,-31.5115,31.457,311.661
47.6273,20.7344,3.1353,0.2409,0.1476,47.129,26.1856,-15.3335,3.903,154.192
21.1612,6.9873,2.0626,0.7186,0.3939,-23.2157,-12.0341,-6.2376,52.3913,45.2924
26.838,18.8744,2.6392,0.455,0.2968,-8.8152,32.569,-8.5199,42.4304,145.053
58.6959,15.1367,2.6689,0.3087,0.1704,78.5107,-19.1356,-9.5868,2.2573,168.445
24.8368,14.4621,2.4571,0.3909,0.2321,4.7521,17.2153,5.7761,6.437,161.127
86.7913,29.3805,3.5011,0.2741,0.1642,36.5091,43.5311,12.0049,2.284,375.966
57.4339,12.1793,2.5478,0.3428,0.1969,-93.4655,44.0583,-10.9633,11.365,249.228
17.916,10.1641,2.4326,0.604,0.3536,21.6839,8.2643,-2.1832,10.0018,221.9027
24.424,9.2825,2.4734,0.7387,0.6224,11.1066,-9.3485,-2.9965,48.3799,161.8753
74.1398,23.3213,2.8516,0.2421,0.1246,-66.2239,32.8741,-11.5187,0.7406,262.22
38.5399,20.4511,2.7214,0.3324,0.2194,-2.0651,15.7963,-19.8976,86.2652,260.973
19.9856,12.7567,2.6459,0.3979,0.2036,2.7455,0.5936,5.2597,42.7667,227.791
30.3863,20.3905,3.4251,0.3263,0.1895,25.0754,40.9309,-15.2878,66.8196,148.8942
90.5962,31.939,2.8636,0.2615,0.1431,-151.02,90.1058,13.8028,14.916,290.188
53.039,20.23,3.0699,0.2384,0.1205,-31.0703,30.9958,-15.6191,8.5516,197.132
16.0252,12.2164,2.5792,0.693,0.4361,-5.1404,10.511,8.6775,33.6311,216.617
71.0454,31.5358,3.41,0.1988,0.1017,47.2843,70.4096,19.5975,4.348,264.354
23.3913,11.2116,2.816,0.4598,0.2663,-3.2584,-8.4222,5.3094,79.8372,60.869
64.9836,36.9749,3.2032,0.124,0.068,78.3522,51.9287,13.5087,26.7146,225.778
61.6817,20.9866,2.8245,0.2776,0.1669,60.8003,14.4868,6.4615,49.9795,234.1881
27.001,8.1816,2.5982,0.5826,0.3695,9.5716,14.5826,3.9683,81.3242,114.411
239.756,88.076,3.6011,0.1195,0.0618,-207.103,-274.828,55.9615,17.882,283.184
86.4077,46.0472,4.0415,0.1018,0.0509,44.787,97.2492,5.8431,18.0251,128.668
31.1424,9.3064,2.6739,0.4767,0.2786,-3.7894,21.0948,-4.2359,53.9669,55.5175
125.394,56.5926,4.339,0.0572,0.0295,147.398,114.295,11.9862,3.601,198.601
59.2399,53.0801,3.3758,0.1494,0.0852,23.1477,22.8886,-48.0134,20.0986,128.489
22.3382,11.8207,2.3512,0.5212,0.3274,26.1748,12.4227,-10.4829,79.532,236.446
62.1971,14.3155,3.0754,0.2804,0.137,-15.7881,-11.3675,-3.1367,48.7462,157.6173
95.5716,29.1767,3.3524,0.2212,0.1224,-5.6521,-7.9173,-14.2512,0.239,354.169
90.0304,26.6033,2.9186,0.2087,0.1176,46.7378,101.203,-20.0041,17.8697,190.221
20.6036,7.2364,2.0394,0.7032,0.3699,1.0823,-7.7699,5.8712,75.0703,99.2704
80.6936,27.46,3.8403,0.1535,0.0814,34.3815,82.165,19.6038,0.913,290.335
25.7967,9.4117,2.4676,0.4974,0.3083,-11.6324,11.0684,4.6974,44.734,205.278
23.6634,12.2549,2.2945,0.6193,0.368,26.0595,12.6462,7.0634,5.9657,114.657
37.0842,18.295,2.8907,0.2662,0.137,-23.5328,-11.9025,-8.6334,16.483,215.683
20.2988,15.9184,2.7024,0.5417,0.2986,3.2906,-13.2045,13.1943,13.392,136.112
62.4352,9.0876,2.7892,0.3428,0.2007,76.8777,40.9385,5.0307,4.996,104.25
104.0759,79.5279,3.6335,0.232,0.1038,-83.457,-116.3219,-91.9458,0.5341,399.6806
36.9314,19.4083,3.0269,0.3101,0.1743,16.9409,21.2651,-11.2904,11.458,166.321
65.9726,40.4145,3.4188,0.2489,0.1368,5.9293,-72.1374,29.005,18.0434,376.4744
13.1759,10.8497,2.1287,0.7732,0.4201,14.5437,-2.8804,-11.6734,8.886,123.191
82.4622,29.4793,3.4104,0.1629,0.0845,35.9174,80.7168,20.2289,4.232,218.761
57.3402,22.8948,3.3229,0.2287,0.1424,26.913,59.498,11.0851,10.865,207.534
53.3283,15.0929,2.6524,0.3444,0.2298,24.4568,61.769,-5.2164,11.4237,250.2415
19.7091,15.1484,2.6547,0.6179,0.3953,-14.5115,-18.161,-5.5311,19.189,165.971
97.4259,56.9767,4.2944,0.06,0.0308,-127.487,81.796,-33.3058,4.934,201.771
37.8481,13.7118,2.7312,0.3083,0.1643,16.1646,-19.5817,11.7511,3.1288,198.936
18.9883,16.4769,2.4241,0.5047,0.2881,12.4742,18.3294,12.6554,31.8054,99.6356
45.2957,24.5599,3.0441,0.3749,0.2163,49.259,37.6472,18.7289,8.201,283.62
250.385,32.1462,3.0981,0.3558,0.2653,-180.608,-129.417,-24.0039,40.643,258.831
22.256,10.187,2.2553,0.5833,0.325,-22.8476,-18.7104,10.9936,13.602,172.622
12.7041,11.6915,2.1538,0.7158,0.3754,15.4641,-7.4387,11.1111,26.524,62.3132
34.2994,17.48,2.8831,0.339,0.1774,1.5319,24.3802,-7.8308,11.1759,185.624
12.6594,11.758,2.0512,0.7111,0.3689,15.4943,-7.2481,11.1789,73.203,191.67
183.9089,44.1347,3.3281,0.23,0.1554,-121.1444,-175.0661,-30.1656,35.0736,301.5343
26.782,6.9718,2.5551,0.7409,0.3719,21.5117,-15.2322,6.2039,11.394,152.013
20.9993,14.4755,2.3073,0.7324,0.3865,-8.6635,9.1086,9.3085,82.8196,50.4097
12.9053,11.1999,2.0986,0.7251,0.4422,-14.4873,7.9081,5.4565,47.135,126.963
19.0602,12.4033,2.437,0.5155,0.309,0.6113,7.7209,-8.9728,9.3668,129.31
17.4056,11.1011,2.4232,0.5509,0.3038,-0.419,4.4867,-4.9833,14.327,240.812
35.9957,11.3531,2.4843,0.4951,0.323,2.5284,23.9204,7.9662,24.9956,64.141
92.1126,15.2272,3.0271,0.2461,0.1301,-49.3056,36.0533,-12.938,5.113,28.8461
56.1429,37.2478,3.4331,0.1203,0.0636,25.9497,45.5063,-21.3862,41.9676,152.755
75.3789,17.5402,2.4082,0.4414,0.2285,30.4427,74.5714,14.3789,79.8306,218.14
51.624,21.1502,2.9085,0.242,0.134,50.8761,43.1887,9.8145,3.613,238.098
27.518,10.6219,2.5453,0.5071,0.255,36.8135,8.5384,6.3812,6.1065,167.716
23.5269,10.3603,2.3551,0.521,0.2892,14.5135,-15.4716,-3.9443,82.5176,222.778
143.47,54.3127,3.7465,0.0886,0.0453,-204.767,-40.2249,36.2939,2.037,282.608
11.9727,9.3311,2.4257,0.7557,0.5095,9.5137,-8.7463,-12.6611,72.2134,272.8939
107.903,19.1206,3.0122,0.281,0.1842,-32.9016,67.7805,18.5236,0.101,328.728
17.7434,10.8338,2.4472,0.575,0.2911,-2.5607,8.6875,-4.9125,35.562,155.565
25.9774,15.4987,2.5993,0.415,0.2131,-0.0514,9.3965,-0.7868,29.3651,158.6101
78.1114,25.8038,3.2918,0.2763,0.156,-19.7842,49.6372,16.7028,8.8309,316.558
44.5611,10.5288,2.8724,0.3635,0.1818,-25.9057,18.7745,6.2155,46.396,103.103
22.5524,11.1413,2.5348,0.5426,0.2751,-21.5462,19.9523,4.5373,37.7034,157.6706
170.743,101.479,3.9528,0.1042,0.0582,-58.2791,-143.024,29.7954,63.52,190.415
38.9602,27.5297,3.3717,0.1972,0.1064,39.1493,20.9165,17.0329,3.7694,206.494
21.5359,12.5372,2.3865,0.4641,0.2361,13.4757,13.6071,-9.9932,15.312,166.529
66.7064,18.0313,3.2703,0.1948,0.1033,-14.6341,51.9567,12.4564,3.2846,225.711
35.7114,18.3727,2.9378,0.3785,0.2349,26.0885,29.8842,-14.3419,3.7819,176.297
74.2393,23.5248,3.2633,0.1603,0.0837,12.1422,68.1582,14.9842,3.5078,165.9
23.6363,12.7789,2.3404,0.5616,0.3082,28.0452,9.9113,-5.3559,11.3526,162.238
163.3054,33.1814,2.8939,0.2228,0.109,-75.6229,-100.6459,-21.3692,71.9265,139.7819
48.3309,19.0838,3.0314,0.2214,0.1251,-0.2891,35.9409,-12.4038,12.5792,205.407
96.8578,39.4755,3.9903,0.1204,0.0679,-59.0369,66.0291,-26.431,3.8107,340.996
46.6248,24.555,3.0206,0.2766,0.1435,16.6413,35.8694,-12.46,39.6853,125.349
56.6984,11.2842,2.8735,0.3346,0.1884,-18.5883,29.1725,-5.3136,24.6332,120.1266
29.7941,19.9263,2.8254,0.42,0.219,32.4555,30.0186,-13.2494,25.428,56.8985
23.1808,20.7163,2.8482,0.4411,0.2376,8.4773,20.809,14.0122,1.8065,66.2045
21.417,10.8622,2.2504,0.5562,0.2949,-21.8918,-18.919,-10.3199,84.3192,136.646
19.786,9.496,2.3032,0.597,0.3358,23.8014,10.2753,4.4231,5.495,154.585
60.8805,23.504,3.2068,0.2627,0.1326,43.1884,80.4394,-17.9185,63.5812,56.2458
50.6501,20.5626,3.032,0.3781,0.2178,-17.3541,-55.2432,-11.0239,4.2206,239.256
29.1255,7.8913,2.4014,0.5516,0.2877,-14.054,15.3919,-5.4884,7.7902,168.173
37.665,10.4983,2.8044,0.3638,0.2054,44.2722,25.586,11.2339,28.105,107.4626
71.3694,21.8207,3.2536,0.2839,0.1447,-59.8454,49.8945,10.6204,3.048,302.136
71.3588,34.9759,3.5158,0.1845,0.102,19.2408,70.827,23.5493,1.576,289.206
32.923,7.0209,2.4125,0.5493,0.3424,-4.1946,11.9345,6.1877,29.936,268.831
20.6588,14.6607,2.5717,0.5442,0.3445,21.3443,17.0625,-7.6434,18.3184,246.402
104.872,31.7432,3.7156,0.1524,0.0946,-85.576,78.4918,-17.3348,0.604,335.745
35.7318,26.4597,3.1552,0.2015,0.1011,-17.5408,15.0557,13.5758,17.331,153.031
46.3757,15.9563,2.4609,0.474,0.3235,-47.9419,-12.5581,8.7319,84.6939,38.8883
136.6523,43.771,3.339,0.3489,0.184,-140.2324,-144.7238,35.798,8.6226,343.94
159.653,48.5098,3.2608,0.1399,0.0738,-242.248,116.136,14.487,33.756,186.568
91.4561,16.907,3.2584,0.1969,0.099,-18.7508,56.5931,-8.1813,32.984,114.641
107.937,40.1083,3.1419,0.1529,0.0783,-102.526,-70.0344,-36.428,22.9433,275.182
24.222,17.8989,2.5,0.5288,0.3047,20.7204,-23.935,-5.1264,76.2937,218.5703
25.5211,12.6563,2.4669,0.3925,0.2065,-18.4732,-12.2247,-5.5906,83.4925,226.883
18.3186,10.3349,2.2405,0.6034,0.342,-21.8067,-11.3213,-4.3641,50.4492,172.411
29.273,15.5049,2.7638,0.3807,0.2214,6.6386,14.9493,-11.4603,43.154,106.084
30.858,28.1619,2.9053,0.3358,0.1785,9.5481,18.4893,27.6793,1.0274,175.253
18.5832,10.1782,2.2625,0.6175,0.3197,23.034,10.199,-5.6669,20.9362,217.548
48.0448,4.6115,2.8763,0.4086,0.2213,34.0513,24.3113,4.253,40.7952,166.4561
254.6375,116.4147,3.6089,0.1929,0.0856,400.284,-224.4015,91.0362,57.8297,186.4461
12.7926,11.5696,2.0626,0.7273,0.368,-15.0824,4.1787,-11.6336,27.0422,199.19
20.2907,12.5585,2.4935,0.5875,0.3804,14.551,15.3643,9.4182,42.537,214.279
23.6577,9.8458,2.243,0.5657,0.3,-32.3346,16.0048,10.2052,26.831,126.2
37.6967,20.4478,3.1074,0.2538,0.1449,33.5623,14.3082,-11.9855,0.0179,141.71
13.4634,0.1748,2.1941,0.7456,0.423,0.6513,8.3107,-1.762,86.163,138.0456
77.9491,23.4312,3.1134,0.2796,0.1613,-28.173,-86.3383,13.3267,52.036,183.833
30.6145,16.4697,2.5993,0.488,0.2453,24.1923,24.8365,-11.8025,7.563,176.845
31.9453,16.2592,2.88,0.3401,0.1931,24.5478,16.1951,-9.9875,1.2725,211.948
21.3087,6.9745,2.0917,0.7045,0.3846,-23.7892,-11.2458,-6.3368,12.2685,187.438
19.5087,7.2712,2.3021,0.783,0.4165,4.527,-11.0091,-4.3818,45.7395,213.255
29.9301,22.5662,3.065,0.2944,0.1898,4.7467,19.4692,-11.0954,23.2975,129.135
19.3043,18.0716,2.3802,0.4292,0.2562,13.9881,16.0234,-15.1188,63.709,118.949
98.4509,27.8121,3.2201,0.083,0.0799,-133.637,73.6898,14.3691,81.8677,205.6621
39.7794,13.4751,2.6707,0.3458,0.1761,49.7131,26.0123,7.573,7.225,169.761
20.7334,7.1075,2.0737,0.7342,0.384,-23.1141,-11.7531,5.9262,0.208,211.141
38.0849,15.3034,2.4265,0.4419,0.2491,34.9412,20.0293,9.3065,16.309,137.099
22.8962,8.6891,2.6453,0.5457,0.4265,13.1812,25.2332,-1.7451,40.9458,99.6347
123.8378,27.5133,2.8831,0.3212,0.1708,76.2581,111.9562,16.4844,32.025,273.4849
32.0397,12.2173,2.6464,0.3928,0.2201,-8.2516,14.9634,8.6349,68.342,165.942
12.59,11.8424,2.1538,0.6947,0.3754,-16.1464,9.8556,7.9256,84.3099,46.2508
130.6114,97.7365,3.4709,0.1347,0.06,3.1408,-56.7994,88.2226,59.3291,171.964
35.4707,8.6958,2.5729,0.4641,0.2453,-8.9429,-18.9651,-1.5626,73.6414,107.2643
139.188,70.5973,4.2746,0.0797,0.0352,1.281,87.2078,-29.0404,67.0964,334.6477
27.8936,23.3166,2.8698,0.3549,0.1964,11.4203,17.6953,-15.0672,82.8799,83.9734
22.971,18.99,2.6712,0.3731,0.2058,0.4431,18.246,-14.984,53.939,69.4031
39.8586,10.4318,2.5218,0.4271,0.2752,45.8244,28.008,7.9734,38.922,81.2325
127.9027,57.0209,2.6942,0.3685,0.1846,152.7872,80.1306,-56.8952,45.4631,305.8764
75.5502,29.2845,3.5567,0.2734,0.1625,8.599,53.1994,13.8984,3.6374,339.732
108.2292,11.947,2.7426,0.3674,0.2753,-84.156,-45.726,6.3502,7.8289,166.9842
229.452,41.0479,3.7118,0.0732,0.043,-223.369,-75.8655,9.4872,16.809,121.951
85.54,37.1281,3.3141,0.1669,0.0879,-2.9802,61.082,30.6979,70.2363,148.2932
28.085,12.8567,2.5927,0.4981,0.3282,2.4313,13.0427,-6.9039,25.4082,179.107
24.5939,10.1418,2.5676,0.5007,0.2693,-8.4503,15.2452,-7.0283,17.0056,173.288
21.0546,10.3187,2.5257,0.6438,0.3353,-14.0248,15.3674,8.8752,47.753,168.038
84.6226,22.9811,3.0531,0.2221,0.15,-44.1921,43.8905,14.841,1.7962,317.619
50.9379,28.2706,3.4046,0.1836,0.116,43.6241,31.6884,10.9688,19.3908,196.411
15.6021,9.4685,2.5682,0.6312,0.3582,24.1607,22.8723,-9.1663,14.5812,225.2564
21.244,6.8975,2.1021,0.7273,0.415,-22.4644,-13.1668,-6.2774,49.217,232.935
26.3948,12.0903,2.5843,0.4766,0.2617,-1.5836,-19.0876,7.8543,59.3855,122.631
31.3357,20.1946,2.6395,0.3394,0.2122,-20.6961,-16.1377,-11.32,26.0319,188.168
82.1826,22.6802,2.7296,0.3616,0.1911,-72.3971,-50.0361,-14.8107,78.2117,119.466
18.6618,9.9741,2.2405,0.6322,0.3707,21.0733,12.4181,-4.8895,45.7173,145.127
25.5998,12.9419,2.4232,0.4528,0.2736,3.5181,20.2538,8.3724,62.509,151.831
49.1207,15.0367,2.6689,0.3751,0.1919,12.3614,27.5794,-6.5523,1.136,194.653
42.5712,6.8829,2.5125,0.5586,0.3382,61.8805,28.8978,3.4437,43.4692,166.6476
50.8859,18.6005,3.0471,0.3122,0.1575,56.9904,39.5371,-8.4796,3.597,239.736
29.6971,6.7798,2.2406,0.5732,0.2891,27.5859,8.3343,-6.3935,9.1552,187.4984
61.1569,41.665,3.4476,0.1192,0.0633,-6.0782,41.2458,-14.5791,4.004,220.798
73.5967,26.9708,3.0609,0.2364,0.136,-20.0877,69.9543,-21.7421,11.9305,305.044
20.5164,12.402,2.4616,0.5043,0.2608,21.3094,8.2034,-6.174,74.934,143.368
35.225,18.2119,2.902,0.287,0.166,27.6093,25.4402,8.548,27.2776,168.34
91.2356,24.8769,2.6258,0.4402,0.2497,-39.2618,-95.4027,-14.1885,13.5704,169.306
27.0029,10.3272,2.6314,0.5047,0.3189,31.181,18.9864,4.7,22.68,137.018
59.4103,9.1581,2.8756,0.3848,0.1951,-93.1117,39.0645,-8.7892,9.2116,268.598
24.6723,20.2049,2.4548,0.4456,0.2333,5.5508,15.9039,18.0809,52.307,139.857
65.1077,43.8024,2.8017,0.2288,0.1534,-15.7385,44.2995,41.7835,31.6131,107.141
25.8499,8.5086,2.5308,0.5626,0.3667,12.2595,10.3932,-4.4572,68.843,165.671
93.6713,34.8636,4.1058,0.1027,0.0591,55.6823,86.6054,8.6847,2.0651,281.852
79.1839,27.3956,2.7882,0.4039,0.2353,-42.4529,46.8425,24.0285,11.082,284.165
82.9625,31.9681,3.6151,0.1271,0.0649,59.057,72.8936,15.0124,0.1512,178.554
18.2899,16.9979,2.4362,0.5165,0.2912,14.9739,13.8627,10.3602,23.367,197.529
18.6352,10.2902,2.415,0.5846,0.2942,24.1971,8.6541,-5.3007,62.6769,169.559
97.854,30.699,3.9531,0.1298,0.0657,55.569,79.7741,-17.748,2.4052,290.111
19.1139,17.1325,2.4322,0.5545,0.3826,18.6391,14.4108,-12.4458,55.44,205.694
12.7785,11.5377,2.3149,0.7167,0.4044,15.3587,-8.8447,8.8982,36.4138,169.59
27.2344,23.7909,2.639,0.2955,0.132,18.8201,31.0591,9.3609,35.7024,221.0659
72.5798,40.6827,3.0197,0.279,0.1715,-69.4912,59.8818,-22.7043,8.304,262.487
87.637,29.2665,3.2308,0.1646,0.0867,74.5366,89.6429,7.2633,34.699,225.76
35.8637,14.6348,2.7789,0.3794,0.1955,13.5855,20.4734,-9.0084,76.1853,240.44
44.3994,19.0966,3.1239,0.291,0.1568,38.1653,33.7283,10.7433,5.818,218.792
18.1863,10.1711,2.3747,0.692,0.4494,-6.3332,14.6129,7.7438,0.4967,231.701
77.5988,38.494,3.9316,0.1006,0.0505,83.1377,61.3527,29.8495,4.774,247.285
99.4538,23.6241,3.5179,0.1884,0.1097,73.2763,99.3681,-19.7032,4.5762,255.281
19.2295,17.0522,2.5916,0.4891,0.3291,6.4469,12.6475,12.9031,78.673,59.3604
35.6536,14.3624,2.7756,0.3571,0.2137,8.9645,15.1357,11.9469,6.9109,127.902
24.6379,0.0,2.2844,0.7481,0.4701,0.0,0.0,-18.4783,70.089,152.575
14.0316,11.136,2.556,0.7438,0.5229,2.6217,-5.858,-12.7751,25.5951,232.1674
22.4236,15.8256,2.5938,0.4968,0.3146,1.5724,-20.7925,-4.5251,53.815,139.193
77.7889,24.1179,2.8768,0.3073,0.1824,59.4018,55.4367,-20.9408,66.1116,196.362
61.5901,49.8072,3.6338,0.192,0.1148,-33.1866,-76.602,48.0003,84.7875,285.8583
52.8226,8.5884,2.7513,0.4311,0.2272,51.5839,17.0861,7.3753,50.6085,31.0405
61.5559,15.2269,2.7178,0.4254,0.2317,61.3007,38.2368,6.2428,11.1606,229.9609
136.416,88.1951,3.9794,0.0368,0.0189,43.723,125.687,23.7715,78.348,196.897
185.1567,47.0019,3.0927,0.2956,0.1723,-227.6224,-22.7838,-30.3957,31.1915,90.6294
103.371,26.0372,3.3158,0.2214,0.151,-27.4241,64.8368,13.7504,6.884,312.805
137.3589,28.7153,3.3425,0.1368,0.0583,17.7706,78.417,23.3492,85.8318,96.9345
22.4603,9.5484,2.5521,0.6676,0.3408,14.6276,16.1824,8.7832,66.465,99.6135
19.087,17.2458,2.6441,0.3899,0.2312,32.2084,17.603,5.6783,48.0699,182.3954
23.385,11.423,2.4575,0.6127,0.3839,7.5995,13.0986,11.6698,58.3073,73.6947
80.4473,40.7292,3.6723,0.2235,0.1222,-15.8774,-38.1022,-15.2322,1.385,363.678
35.0869,32.378,3.6087,0.1812,0.1045,-6.5013,-8.1597,19.1513,76.074,70.1664
80.2462,32.6767,2.9614,0.318,0.1678,-43.8797,-94.1301,18.0536,76.528,194.025
61.7023,14.7348,2.9586,0.2696,0.1436,2.7899,-39.2609,-17.1435,71.9639,157.4754
74.4488,28.7465,3.6405,0.1899,0.0994,51.4784,66.5038,20.1857,0.1431,289.528
127.332,33.2566,2.8627,0.3018,0.1571,84.1116,134.867,-25.2309,82.0656,80.414
91.3536,21.9773,3.3955,0.1491,0.0854,57.1719,43.0507,-19.4339,31.8376,242.1138
38.1791,24.5127,2.857,0.246,0.1272,34.0297,24.0354,-6.6687,43.933,75.7629
133.405,56.024,3.3631,0.0875,0.0505,-121.718,107.542,64.3733,62.358,173.875
56.2513,26.6153,3.2665,0.1971,0.108,55.8478,45.2993,-17.1503,9.9628,114.099
23.8839,9.8458,2.1459,0.5658,0.3154,12.7395,25.3493,-2.8444,4.342,127.9884
25.0197,12.4496,2.3789,0.6785,0.3747,-12.1758,-10.3255,-3.224,17.5291,174.9723
25.3794,10.3391,2.4306,0.4638,0.243,-4.5621,-19.9611,7.0176,30.0704,185.969
21.5294,15.7955,2.6527,0.4294,0.228,-9.3012,11.2833,-11.8241,5.343,69.319
32.6557,14.4534,2.8267,0.4098,0.2198,-8.3825,23.8199,-6.8912,21.475,227.561
19.3038,12.9565,2.5676,0.5196,0.3234,-12.6387,-13.6434,-4.282,18.056,245.678
73.9821,13.2506,2.6042,0.4975,0.3072,-48.1454,44.4558,3.5581,12.632,293.71
67.6087,26.6783,2.632,0.3851,0.2462,-56.6298,-57.9631,19.8064,79.6662,227.191
46.3534,16.7153,2.8319,0.2415,0.1289,45.2285,23.4221,11.0067,18.661,127.864
66.473,26.7256,3.7367,0.1553,0.08,24.5698,55.1792,12.3933,0.467,250.614
21.4858,15.1624,2.3454,0.465,0.246,-23.7726,-18.8604,7.9032,3.3258,126.041
163.0825,42.8497,3.1622,0.2668,0.1366,-87.6486,-148.8775,-27.7484,5.5585,287.899
27.4263,16.0119,2.6893,0.3681,0.1973,16.3785,22.3837,14.2184,8.9147,254.582
18.1158,10.4259,2.3655,0.6121,0.3384,21.7377,11.1294,-4.8886,47.2489,144.116
28.7876,10.3231,2.6886,0.4742,0.3254,-1.1499,18.6006,-12.0844,67.1032,255.0153
107.858,39.9186,3.9914,0.1273,0.0678,-70.5417,67.5005,13.2157,0.0791,350.842
17.0996,10.866,2.4997,0.6266,0.3339,20.8982,10.4594,-5.389,55.8099,35.8549
72.5875,17.0188,2.5857,0.4927,0.2451,26.8902,65.9551,-12.4688,87.3017,203.6814
13.19,10.8355,2.2753,0.7745,0.4164,14.5994,-2.4594,-11.734,52.378,222.33
19.6894,9.572,2.7192,0.599,0.3105,-6.083,17.567,-9.9337,32.7719,186.1666
69.0328,17.709,2.7316,0.3588,0.2149,48.783,68.6052,12.1395,47.323,267.7166
81.4962,23.1716,3.3741,0.2185,0.119,-64.1631,50.8962,-4.0485,0.386,275.671
39.5223,18.6327,2.8341,0.2462,0.1414,24.1819,23.219,-12.9245,46.268,187.097
10.2413,6.6381,2.3786,0.7462,0.3717,-16.6897,3.6371,9.4689,89.1466,192.3161
28.1579,9.3602,2.4864,0.5514,0.3246,11.4293,14.3539,5.1992,47.948,60.7816
26.539,13.4578,2.3459,0.4632,0.2863,30.5471,14.9775,-11.5298,15.4927,145.076
27.1642,11.8179,2.3225,0.6274,0.3281,-9.8199,-23.5807,-9.2489,15.5513,184.676
95.1186,61.6476,3.3936,0.2321,0.1505,-33.3504,-57.5954,-44.7142,51.2639,338.3931
35.2888,13.8337,2.5031,0.3987,0.2119,-48.2752,-11.1339,-9.2587,7.108,160.947
46.5394,20.4341,3.0197,0.1997,0.1056,-55.642,21.1884,-14.2453,7.146,179.398
29.1157,15.4214,2.633,0.3234,0.2029,-35.2034,-21.0584,10.8939,19.0248,63.2807
192.2916,134.6957,4.0202,0.0845,0.0547,-91.5758,-159.2003,-133.1359,60.3793,329.0259
20.0711,8.9345,2.5276,0.6706,0.4436,1.4327,-12.6418,-9.5415,89.7209,234.118
21.0617,12.0636,2.4601,0.5026,0.2686,28.4155,-8.6851,-7.3859,22.8621,106.71
126.5,110.3594,4.0604,0.121,0.073,-62.9577,62.8116,70.3253,49.4252,373.9664
22.9547,15.3068,2.6294,0.4366,0.2265,13.9318,11.2647,-11.9138,3.6056,65.733
34.7572,12.3778,2.6004,0.3563,0.1794,-4.9477,18.219,8.917,18.3397,155.676
35.8815,16.4234,2.4997,0.3924,0.1978,44.8964,-12.3575,10.0959,12.4385,166.373
12.7459,11.6372,2.2135,0.7217,0.37,-15.2183,5.7064,-11.5102,51.7751,241.963
71.2865,21.6592,2.9759,0.3728,0.2438,79.4384,-41.3751,8.7979,4.0546,174.5918
173.832,20.7553,2.792,0.3793,0.2607,-166.968,-133.812,-15.6473,41.8462,195.129
30.8407,22.8555,2.6474,0.3288,0.1723,12.5696,30.0093,12.9735,53.8665,78.7964
126.634,65.2359,4.3615,0.0547,0.0275,36.6744,108.946,47.2243,65.741,246.46
40.9114,11.8167,2.6528,0.4892,0.3062,7.0176,35.4742,5.3901,9.9994,117.8781
33.7922,21.9821,3.1755,0.2964,0.1499,-14.5338,15.0484,9.9533,8.5072,166.723
107.7833,16.1712,2.6376,0.4791,0.289,-165.7898,98.5015,-13.4604,50.5049,211.6994
32.7593,9.0613,2.2799,0.4357,0.2178,10.2379,22.4842,9.5633,61.01,107.542
85.5376,14.5196,2.8689,0.288,0.1792,84.7651,68.295,-8.8467,87.2812,77.4157
90.4367,82.5906,3.189,0.3479,0.213,4.6697,-116.6638,41.5347,46.163,363.0987
20.5664,12.7047,2.4907,0.4653,0.2375,14.2741,11.7552,9.3091,9.632,89.1076
13.4157,10.1628,2.1889,0.8091,0.4628,-13.7308,-6.3306,-11.5998,73.2939,179.731
29.362,11.3579,2.3738,0.4609,0.2347,24.6662,-21.6853,-3.8247,76.263,212.106
21.2214,21.1054,2.3676,0.5296,0.3044,-3.5126,-12.488,17.6045,87.7584,139.09
52.3327,24.5651,2.3478,0.4164,0.2379,-22.7436,-64.6192,14.427,86.4925,191.2506
13.0287,10.9544,2.2,0.7571,0.4511,-14.0985,5.7807,-10.1748,64.87,182.98
27.4892,17.1467,2.6537,0.3307,0.192,8.8137,19.2408,9.6552,12.0123,98.0992
52.6356,26.6227,2.9641,0.199,0.1106,-25.771,-18.9617,-6.4777,34.3564,167.1355
225.011,94.456,3.5426,0.111,0.0675,-293.09,143.319,-99.1043,77.525,110.932
40.9461,31.7927,3.2378,0.5211,0.2739,36.3945,36.0377,-8.4699,1.6992,376.811
26.5834,9.8151,2.3683,0.4368,0.2377,-14.4796,17.2256,-5.6036,15.387,167.018
23.0918,21.3305,2.7239,0.3532,0.1917,9.9358,9.9506,15.6597,75.388,91.3365
17.7026,12.5796,2.4289,0.6108,0.3408,-3.6221,12.0049,-7.6815,26.508,150.667
85.3249,22.4331,3.0197,0.279,0.1629,-37.8354,42.8629,-14.1885,6.8408,291.206
37.6176,7.781,2.9171,0.2652,0.167,23.8983,36.9596,15.7808,70.2243,258.2984
19.1054,10.9195,2.3139,0.7039,0.4102,14.5035,18.1433,-9.2446,27.662,234.09
20.4846,12.2888,2.4158,0.4837,0.2514,0.0812,9.8383,8.4655,25.044,141.543
26.6758,10.1784,2.3414,0.4237,0.2118,41.8265,-18.2081,-5.724,13.928,118.23
118.7205,82.888,3.6062,0.1437,0.0634,-73.6522,-82.4181,69.0357,23.601,331.8047
41.8538,6.4777,2.8021,0.3845,0.2267,60.5327,29.181,-13.987,72.9529,220.3638
43.4952,24.9616,3.2901,0.2102,0.1192,13.6326,-25.6589,-14.1046,17.388,54.8415
92.0485,7.3373,2.3962,0.5984,0.3313,94.5318,48.8574,-2.9613,58.0538,183.302
25.7298,14.0834,2.6469,0.4081,0.2063,33.3195,10.4099,7.542,81.4489,265.643
54.4773,14.0922,2.863,0.2125,0.109,67.188,38.4967,-6.2183,0.343,225.478
36.144,10.6632,2.8169,0.4192,0.2142,24.5525,28.8838,5.4101,68.5811,146.918
44.5463,21.0153,2.9263,0.2073,0.1049,-0.3109,36.8902,7.7348,4.501,129.148
23.2781,12.7693,2.4533,0.5211,0.2623,3.1716,18.1523,6.4226,4.3351,200.442
19.2861,12.3222,2.4125,0.5338,0.323,1.1189,-10.3509,-10.0682,73.094,167.844
49.3869,19.6787,3.0519,0.2396,0.1247,-30.5663,35.3383,8.5862,5.7179,254.742
23.856,12.2327,2.4346,0.4522,0.2739,7.6639,11.3909,8.8336,20.7251,219.953
31.6552,10.7467,2.3883,0.499,0.2638,34.813,19.444,-8.6544,63.789,269.665
19.3808,9.2424,2.3927,0.6397,0.4352,19.4625,14.7655,3.0857,70.7044,222.215
30.8869,14.5951,2.7885,0.3938,0.24,-9.2235,16.341,6.2712,9.0144,120.91
133.0634,29.4108,2.7891,0.2649,0.1375,-122.0927,73.4109,20.6973,29.3076,265.6031
44.9285,10.8788,2.5635,0.3388,0.179,44.1868,40.4556,-5.1639,9.988,207.482
28.7879,16.5967,2.6144,0.3597,0.2321,-21.0397,-18.9643,10.1365,88.9008,88.4575
67.6595,27.868,3.2118,0.3519,0.2072,-67.4166,-45.3702,-19.5197,46.8496,336.201
33.5,16.315,2.6232,0.3738,0.2155,44.137,19.9182,14.8823,6.972,182.095
26.394,12.821,2.637,0.4406,0.2411,-1.3667,13.9258,8.751,14.961,152.898
29.0414,11.762,2.6015,0.4981,0.2691,40.5198,-19.2335,6.6009,46.79,45.63
19.8726,16.966,2.5911,0.4769,0.2423,-8.0872,16.1831,10.3704,61.061,136.387
43.3106,17.2934,2.9511,0.376,0.2188,15.6075,38.7788,10.4531,12.2655,250.705
20.1273,10.2168,2.2695,0.6075,0.3683,6.1708,-16.4384,10.0214,8.229,125.329
33.2144,21.18,3.135,0.3401,0.2019,9.8233,25.9401,12.8832,1.2333,176.45
31.1498,12.071,2.2934,0.4816,0.2676,0.2957,-2.4854,-10.8956,5.5107,138.7374
27.065,14.0799,2.5905,0.5237,0.2734,-0.1139,23.5302,11.3003,0.141,106.868
11.6341,9.2012,2.3017,0.8239,0.4821,-9.5585,-12.541,-9.8116,51.8845,128.1919
32.2257,18.0267,2.5838,0.352,0.1786,-27.7232,-13.897,9.7566,86.8054,123.916
38.4589,16.9062,2.6937,0.4008,0.2196,-25.0227,-22.8231,8.4747,29.5189,229.863
17.7784,10.5071,2.2989,0.6281,0.3593,-1.9834,7.3963,-6.9946,40.5917,232.614
27.435,17.3805,2.639,0.3559,0.217,-23.49,-18.7215,-8.0961,21.0606,63.1648
58.1856,19.9622,2.8885,0.2405,0.1261,-55.5292,-39.5546,-6.0247,9.3331,217.983
29.2792,15.7488,2.5877,0.323,0.1641,-15.6896,13.0968,-8.4056,10.472,195.898
89.5962,21.532,2.772,0.2401,0.1226,-48.1244,-104.224,-13.1465,7.4382,209.439
52.2264,23.3743,3.2333,0.1905,0.0956,46.3585,38.163,7.9243,0.795,226.359
46.9362,14.4609,2.8621,0.2734,0.1367,28.4484,34.4628,-8.3419,7.463,240.047
33.725,11.8651,2.5631,0.5287,0.2944,5.4777,23.8152,9.0226,57.2969,267.952
27.433,11.8012,2.3874,0.4016,0.2111,7.6437,20.8776,9.2076,2.1506,174.767
15.0223,9.5857,2.3349,0.5951,0.3834,-4.1218,6.5101,-15.9472,71.8241,259.0902
150.978,148.59,5.01,0.0171,0.009,94.4129,-28.141,92.0674,55.18,157.457
21.445,14.1212,2.5647,0.545,0.3229,10.1915,-7.4844,-11.3997,16.629,220.444
20.7115,18.0974,2.8552,0.4341,0.2617,-8.4546,-13.3082,-12.3898,45.0788,230.115
38.5556,20.7404,2.9638,0.2207,0.1136,-9.7683,17.4825,-17.3446,2.5917,224.173
55.7301,32.031,3.062,0.2427,0.1374,-19.8477,-52.4394,-24.2438,38.1601,239.155
28.2374,16.2718,2.372,0.4416,0.2272,-27.5441,-24.6387,-11.7319,40.3891,172.786
20.2423,12.4902,2.385,0.6016,0.39,13.9824,24.6235,-9.4909,66.6465,190.1815
35.648,11.8742,2.673,0.3864,0.1964,53.2289,-17.7458,7.3992,5.014,212.108
84.0531,23.9536,3.3467,0.2237,0.1393,-37.4403,49.5898,13.4314,3.131,302.937
50.6955,34.9227,3.8675,0.1511,0.0784,49.1489,40.381,22.3072,13.7648,127.808
86.8255,18.0755,3.2215,0.1861,0.1024,51.6372,37.0164,-4.8807,87.3897,222.152
88.1673,46.887,3.2786,0.3,0.1704,30.8647,-101.593,26.0254,20.1773,342.1767
88.2498,23.1714,3.1553,0.2726,0.1956,-51.2344,58.5852,-11.8888,3.9956,308.5046
236.715,92.616,3.52,0.1015,0.0539,-321.209,122.712,-89.4731,25.7824,71.289
65.0647,15.0564,2.8932,0.3325,0.1861,31.3241,72.9835,-11.5218,8.5788,219.098
28.9173,10.0391,2.5723,0.4846,0.253,-26.0808,23.4742,-8.7992,18.613,208.919
20.8003,9.5045,2.2405,0.6264,0.3764,-4.7991,15.6805,-10.5121,63.5975,131.829
130.983,56.0473,3.9626,0.1185,0.0617,-114.552,-79.9945,-54.4621,39.978,278.039
23.0476,16.8067,2.4819,0.4573,0.2385,-30.1643,-9.3611,14.827,0.8687,251.14
79.1886,22.9409,3.273,0.1856,0.0968,30.9449,84.9596,15.2506,2.6,148.692
51.8528,27.1569,3.1116,0.2776,0.1396,-63.5061,37.7307,-11.6498,0.728,298.168
40.181,16.2814,2.636,0.3145,0.1607,59.5047,-18.3183,15.348,14.366,183.184
30.2852,14.738,2.683,0.3921,0.2147,10.977,-21.7731,-5.3946,12.395,238.556
35.1568,16.1465,2.5944,0.3715,0.2048,-16.1723,-29.5069,11.4701,1.2733,163.796
19.8196,16.2359,2.3997,0.4143,0.2291,-1.3583,7.7218,-5.7515,88.9179,35.8997
49.8966,29.7888,3.2725,0.1634,0.0836,23.6856,29.2132,17.0809,5.93,202.289
22.3154,10.3778,2.1847,0.5556,0.2974,-23.5139,-18.3797,-10.5941,20.212,220.354
54.3344,14.562,2.5838,0.4068,0.2699,-12.3226,-46.8887,-11.9187,16.129,139.731
23.602,17.0341,2.7589,0.4303,0.2169,-0.6405,21.0054,7.9662,17.2382,79.4087
108.555,29.4081,2.8564,0.2797,0.1454,83.5491,88.0406,-29.4459,19.086,134.369
95.9193,24.9227,3.3052,0.2273,0.1458,-26.8653,58.577,-14.2839,7.4375,316.122
27.3546,11.1653,2.5112,0.4838,0.2481,27.9395,22.5302,-6.9337,13.6063,181.7
61.9969,14.4244,2.541,0.3683,0.2173,42.7123,56.2947,-9.1364,5.723,150.479
167.688,55.4209,3.4801,0.3354,0.1717,-114.598,-166.191,52.9735,46.2067,327.245
18.0376,10.1857,2.48,0.4676,0.2715,2.5402,15.6146,-12.0983,75.8844,193.7465
76.0232,29.7304,3.1676,0.2407,0.1322,48.3665,-48.2333,-19.3455,85.4055,178.372
141.9091,34.0649,3.2953,0.2417,0.1856,-200.6945,-23.6763,20.0167,36.9793,325.0043
135.8838,52.4818,3.4942,0.1159,0.0645,7.5169,188.7137,-45.8003,85.6517,288.441
23.9355,15.7287,2.4393,0.4836,0.2564,-20.9615,-11.3804,7.0833,86.6051,211.768
25.2665,16.0019,2.7627,0.4059,0.2219,13.888,16.2329,12.4971,12.104,106.048
20.1492,11.4758,2.301,0.6,0.3375,12.2599,19.091,-6.173,35.676,155.806
153.344,40.1891,3.0958,0.2447,0.1504,177.5813,-84.68,-19.4847,2.1684,199.65
180.692,56.3602,4.1013,0.0459,0.0244,-147.411,-108.561,24.3209,89.9798,231.756
43.7906,17.3936,2.7135,0.3114,0.1809,28.9941,37.4027,15.2006,3.101,238.182
72.0935,37.4831,3.3153,0.1254,0.0776,-69.5726,81.5263,-37.7074,22.9942,291.492
38.171,11.0629,2.7139,0.4077,0.2251,35.8115,33.8268,-2.5473,65.0235,233.23
26.6026,11.7037,2.5843,0.5208,0.3138,29.1508,21.6709,-7.2544,12.153,211.942
37.3547,26.4566,3.4601,0.2399,0.1208,13.6702,18.768,-20.0218,65.022,236.951
60.8614,21.4058,3.2929,0.1844,0.097,25.3668,32.1837,-15.2941,1.277,207.824
65.8891,12.799,2.6031,0.3292,0.1733,-22.3348,-21.2681,-10.7821,11.9282,266.509
40.1306,26.8957,3.4173,0.189,0.0989,-5.2013,28.0616,11.2419,8.8138,114.802
25.3258,16.078,2.6026,0.4395,0.2759,7.6708,11.067,-8.6747,85.1661,190.517
152.4108,53.017,3.1078,0.2442,0.1259,-196.6195,98.1779,35.4278,33.5791,245.8817
17.2008,9.7948,2.5276,0.7122,0.503,-6.416,13.1378,8.7957,87.4928,170.407
50.4253,21.0031,2.7302,0.3141,0.2151,23.6759,45.5144,-28.164,83.9235,234.6044
102.169,14.76,2.9378,0.2227,0.1148,88.4737,103.867,-10.3877,3.2589,274.737
44.8459,16.6733,2.8686,0.2666,0.1536,-17.092,14.3171,-10.9198,81.1187,151.992
28.9415,15.1615,2.5855,0.381,0.1658,10.9221,18.4686,-10.4801,64.7773,235.031
114.427,14.5557,2.8754,0.3678,0.2005,-78.1668,-103.334,-7.9818,51.8893,173.274
121.854,36.8405,3.3488,0.1406,0.0755,-62.6899,-92.165,33.2383,10.626,303.658
49.0438,24.5865,2.5998,0.598,0.4118,-38.8131,-28.4104,-20.4156,6.2538,317.3148
29.3966,16.8328,2.7645,0.3921,0.2382,24.722,8.654,-5.893,12.463,182.065
117.7727,55.9569,2.9587,0.2763,0.153,-140.9278,90.7397,37.0438,56.5301,305.8042
19.6147,7.4136,2.0881,0.7347,0.4286,1.2375,-7.0857,-4.8478,29.2598,236.766
18.759,7.0806,2.3962,0.7735,0.4465,-28.6449,6.6578,10.5401,38.565,151.3392
25.5792,15.4683,2.6991,0.4788,0.2987,14.8016,9.7072,-1.7586,80.4762,212.2331
172.2442,20.1926,2.9009,0.2887,0.194,124.599,112.9452,-21.4436,28.9553,210.8496
22.9433,11.9638,2.4789,0.5484,0.3326,30.7902,15.0813,-4.4274,36.284,254.6969
71.6908,18.707,2.5066,0.3956,0.193,-100.1959,47.0353,-16.3946,54.6369,225.6479
13.0633,10.8801,2.0952,0.7631,0.4538,-14.0036,4.9914,10.4674,22.795,47.5687
23.9923,22.4191,2.6069,0.2818,0.1545,-14.6134,16.1367,-13.09,44.853,151.049
13.0129,11.142,2.0917,0.753,0.417,14.6954,-5.8546,11.2518,56.194,171.345
99.5876,19.8213,3.2029,0.193,0.1081,75.1989,53.4944,19.6322,71.411,177.09
20.8936,7.1692,2.07,0.6809,0.3532,0.2502,-4.9255,6.0936,53.587,43.9599
16.8922,5.5166,2.4218,0.8535,0.428,-8.6806,14.0333,-1.5097,80.4352,169.9768
27.5882,2.4138,2.2048,0.5502,0.2962,-40.7056,-19.2607,-3.4017,63.0865,229.6309
90.2095,19.0275,3.022,0.2129,0.1098,81.0268,99.3898,5.4586,3.042,168.421
21.8794,10.9246,2.2765,0.5503,0.2937,22.2202,19.1731,-10.1413,24.791,173.444
21.197,12.4018,2.4191,0.461,0.2343,-0.7211,5.3653,10.4427,0.327,179.094
237.3091,103.8581,3.3312,0.1541,0.0534,-30.272,-132.5013,-82.2478,79.0902,171.7382
62.4307,19.6817,2.8667,0.2439,0.1457,-59.9296,-26.3858,6.4976,1.456,212.4273
75.792,50.073,3.5819,0.1016,0.067,-15.0232,-79.4235,-37.5449,0.6296,217.9754
31.4029,12.3502,2.2553,0.5444,0.275,-38.7455,10.0746,-6.5917,55.708,190.647
106.4077,87.4672,3.5358,0.1817,0.0689,-86.6603,34.2897,85.0615,36.318,319.03
159.0142,92.2572,3.3439,0.2028,0.1361,209.7211,-70.7409,77.5179,63.5359,326.1471
25.1635,16.3015,2.6304,0.3888,0.226,-15.8474,-9.2911,-8.8203,15.053,142.65
27.8546,16.5647,2.882,0.4173,0.2277,-12.7839,-19.3784,9.745,4.1367,213.389
25.3524,16.9733,2.6946,0.3818,0.1949,34.8166,15.4934,-5.5567,11.066,192.401
29.108,16.6512,2.635,0.3708,0.2074,20.6134,15.4043,4.3751,17.2551,188.885
90.4744,34.7523,3.7861,0.1859,0.1113,24.1058,52.5415,-24.8199,2.281,364.284
168.821,56.9345,3.3298,0.117,0.0704,-227.626,88.1297,51.8025,40.991,208.336
126.57,43.5619,3.2807,0.1298,0.0799,-3.1643,66.3045,44.5727,45.4581,88.4568
26.3595,16.6583,2.754,0.4229,0.2441,8.1366,13.5478,-10.4312,8.299,165.147
22.0729,12.8478,2.2999,0.4962,0.2632,3.2731,-13.7213,5.4581,38.1238,228.808
25.6419,13.6572,2.7206,0.3977,0.2293,-6.9371,-15.0719,4.0818,25.123,85.673
211.225,33.6703,3.8115,0.0542,0.0279,-244.366,-208.36,20.3821,49.983,139.023
25.3727,18.168,2.5146,0.6313,0.3424,9.9429,15.3253,-8.7235,28.3989,108.568
256.245,149.152,3.4173,0.2234,0.1234,-167.797,-280.656,-110.456,43.921,264.772
94.0169,65.5994,3.7464,0.1547,0.0817,86.7508,73.6068,-50.7012,89.7659,296.8153
23.9862,0.0,2.2541,0.7187,0.3649,27.4932,12.7783,0.0,25.6257,180.219
34.4576,15.5033,2.6618,0.2941,0.1514,26.7966,19.7658,-8.7048,20.2125,209.434
41.5662,17.8179,2.9243,0.2976,0.153,-3.7194,-15.9486,8.8863,1.314,222.81
50.0445,13.8823,2.632,0.3057,0.1692,-3.0992,42.0317,-8.9173,15.597,234.206
154.961,96.2104,4.3957,0.056,0.0293,-176.675,-149.637,-87.2213,89.8408,280.251
80.4825,58.0525,3.3735,0.2848,0.193,-10.0481,-75.6044,-39.4614,63.6153,388.1007
261.9837,44.4222,2.9195,0.4437,0.334,-288.1307,136.4803,25.5044,4.1909,249.1461
30.2879,9.4639,2.2707,0.4772,0.244,41.1315,15.4904,11.6333,34.1383,142.134
97.2091,33.2444,4.0381,0.1009,0.0536,-21.5963,85.6669,-9.6149,0.6959,282.715
19.123,7.4602,2.0846,0.749,0.4568,-1.2612,6.5021,4.0706,45.0122,142.169
150.2732,45.129,3.2916,0.1771,0.0909,-74.9595,-195.4615,35.0758,11.8894,252.5512
19.5155,7.4337,2.1055,0.7294,0.4353,0.7152,-5.7937,-4.7317,8.536,157.97
187.4254,36.4627,2.8737,0.2731,0.1458,217.9336,90.0964,-21.5542,9.0153,238.0995
107.427,47.3015,3.0452,0.2653,0.1369,76.5013,85.7489,-29.2567,37.882,93.5967
60.5741,24.3031,2.8924,0.2755,0.1634,-48.3828,47.3937,19.0604,20.725,301.69
50.0678,8.3694,2.8187,0.3884,0.2295,49.2171,39.1699,12.5765,18.1779,215.9294
22.1532,20.2976,2.7955,0.4259,0.2554,-7.754,11.6411,-7.7737,7.5449,177.935
31.8528,9.1297,2.6535,0.5353,0.3932,23.8483,10.1555,7.1572,40.2082,222.397
43.0797,16.1449,2.9238,0.2944,0.1663,5.9628,37.1449,10.664,3.3,222.019
99.1059,51.2927,4.0321,0.1035,0.0491,-67.0572,57.9732,-56.4764,37.1652,281.1467
74.479,25.464,3.5496,0.1876,0.0972,51.9089,58.431,12.016,3.4608,289.818
28.1159,15.6551,2.5472,0.3716,0.2057,-25.4921,-23.8238,-12.4067,3.465,218.68
16.0751,10.6462,2.1807,0.8027,0.446,-9.9662,-19.6163,-11.4933,61.6768,214.9457
94.0405,35.4464,4.07,0.1071,0.0554,35.6285,80.7777,-21.468,2.148,273.855
83.2152,30.5765,2.9706,0.2204,0.1161,-95.0571,56.09,25.1687,29.039,283.383
101.526,75.7229,3.2306,0.2217,0.1126,-53.1276,-110.431,61.4389,71.158,232.424
76.0124,13.3124,3.0348,0.2538,0.1361,22.1245,47.4091,10.7422,71.108,87.4189
69.7676,18.9821,2.7478,0.5255,0.2654,-44.5832,-30.7591,-12.9547,33.0052,303.914
196.43,56.5929,3.5573,0.1766,0.0935,-212.985,-66.2854,55.344,13.97,176.931
127.307,68.1682,3.0414,0.3273,0.2205,-118.288,-100.91,56.5593,34.169,280.053
38.2907,33.7175,2.9747,0.2046,0.1139,-13.5468,-38.2617,-18.3794,83.6828,156.651
20.0294,11.4199,2.5557,0.5758,0.3102,6.3374,16.1264,4.2494,28.298,76.802
21.6327,17.2218,2.5434,0.4206,0.2246,7.9688,9.6019,14.4923,10.615,186.555
66.7934,29.376,3.022,0.1854,0.0993,-124.258,60.4852,-19.8006,15.777,258.263
37.9472,6.7096,2.7039,0.4723,0.3376,33.0542,11.6496,-7.4722,79.512,201.0388
34.8464,17.0481,2.5237,0.4701,0.262,21.9106,26.797,14.1093,24.113,185.467
197.743,52.6165,3.3507,0.1592,0.0814,-108.831,-270.639,38.676,1.161,269.186
18.3681,10.479,2.2227,0.5748,0.3024,23.4979,9.463,-4.5183,70.269,143.021
42.1745,21.494,3.0432,0.2698,0.1435,25.5023,31.7311,15.1012,4.9357,204.69
20.6646,12.6322,2.3589,0.5208,0.3304,15.6523,15.338,5.2813,54.346,244.19
26.5225,16.311,2.7168,0.4184,0.2889,9.5421,-8.1751,12.5408,4.1489,175.11
55.3431,22.5855,2.9243,0.2524,0.1339,11.7513,31.6972,-17.38,25.7773,190.12
180.377,59.9526,3.4971,0.1652,0.1033,-182.829,-106.825,-59.9689,70.84,259.558
65.9296,14.6512,3.1081,0.322,0.2047,-61.7378,58.0618,11.9036,2.038,268.384
166.2833,44.2623,3.4916,0.1573,0.0942,-119.9906,-30.3837,-37.8925,59.7117,254.0102
18.0326,10.7285,2.1553,0.5524,0.2972,-0.7818,5.9843,-5.2092,69.938,222.663
88.0174,21.6106,3.2456,0.1823,0.0934,77.0907,78.2005,2.3756,6.986,243.888
125.062,69.0878,3.6111,0.0977,0.0496,85.4856,116.375,-57.5402,44.7384,226.117
23.9604,12.8211,2.567,0.4201,0.2344,21.1438,11.9696,-6.8281,8.4918,202.648
20.5692,12.6622,2.4289,0.4842,0.2737,-18.1365,-11.5884,-3.913,13.9,194.491
126.593,37.8483,3.6095,0.1192,0.066,98.1316,143.764,21.8229,18.705,76.9913
125.306,50.3371,3.1935,0.3855,0.309,-104.131,-81.2847,42.6382,19.2743,232.301
27.5851,15.7422,2.3064,0.4545,0.2364,4.1964,21.1661,7.7114,13.7471,149.2705
59.8426,12.2739,2.9484,0.2736,0.1481,-53.5094,31.717,-8.2839,55.9801,199.671
75.6987,12.4807,2.4725,0.576,0.3544,-23.41,-72.4374,-10.7766,72.1787,67.289
92.4417,26.9664,3.2015,0.2031,0.1053,2.9203,50.1934,-16.6834,1.1676,332.74
29.3302,12.9857,2.5378,0.4406,0.2304,-22.981,-24.3176,4.6754,72.755,122.374
25.0274,10.3526,2.6192,0.4242,0.2524,-6.8808,-4.5641,-13.4015,64.0517,202.369
85.8378,49.6255,3.7247,0.1331,0.0744,-106.1658,-33.8178,-37.324,58.0625,242.9225
109.043,22.2986,3.1284,0.1964,0.106,94.4585,105.8,17.1356,0.658,261.22
123.889,17.1761,2.6998,0.3752,0.1886,101.374,104.646,3.8947,9.9324,352.524
12.7269,11.6292,2.0881,0.7102,0.3959,15.5857,-9.1686,8.6589,35.7921,193.58
184.2529,54.3154,3.7752,0.1331,0.0823,-239.5869,142.6303,-42.6447,65.069,300.5053
19.2566,15.5684,2.3883,0.5112,0.272,-12.522,-18.0362,11.7476,39.924,108.674
58.6077,18.0167,2.8166,0.2578,0.1335,59.9861,38.1032,8.4731,0.256,241.974
107.154,51.1412,3.6964,0.0658,0.0333,48.0935,82.19,29.8146,1.404,213.657
23.2823,11.9064,2.5119,0.4892,0.2846,12.3782,10.1816,5.7956,16.6009,222.446
22.7165,14.2438,2.2561,0.6991,0.3718,-7.4434,-16.7073,5.9983,10.8162,186.9173
52.8643,13.9137,2.5721,0.3935,0.2771,41.7967,-7.5652,-11.6878,74.3798,170.2509
58.7109,22.9755,2.7084,0.3386,0.183,-19.2729,-61.7543,-14.2039,36.192,214.589
199.2583,77.0995,3.28,0.1646,0.1095,-255.8119,149.5179,37.8952,68.4182,248.5969
36.3453,11.6641,2.721,0.4125,0.2367,22.6339,28.9547,-6.721,58.16,234.293
115.505,17.0683,2.6893,0.3988,0.228,115.356,65.5559,10.2487,80.7349,188.788
60.9973,14.2755,2.4914,0.4161,0.2403,-86.3971,43.923,-3.1255,5.081,255.541
49.1762,11.7232,3.0357,0.3394,0.2118,10.0006,31.8211,-13.0862,39.6812,237.7258
33.0671,22.189,2.6924,0.335,0.1756,16.1518,29.0082,20.4612,8.8093,199.272
30.9955,22.3031,2.8591,0.2725,0.1404,34.0777,17.6726,-16.2964,32.5233,121.915
26.6994,12.5862,2.4495,0.5684,0.3144,-14.0365,-13.5974,-12.8798,9.393,93.9195
39.9581,8.8898,2.7681,0.3354,0.1803,25.2263,32.5696,-2.6786,36.4819,191.5381
78.696,24.65,2.5673,0.2658,0.1756,-22.9674,-73.197,-13.3549,37.6947,38.8639
51.4989,21.972,3.131,0.2404,0.1365,-9.3133,-37.721,-13.8495,1.5331,228.885
34.8904,14.3351,2.7243,0.3472,0.1802,31.0558,31.9063,9.6898,10.5513,103.707
29.9486,14.8492,2.7332,0.4233,0.2597,16.7183,-27.6626,-8.5428,0.275,136.596
196.6816,55.4609,3.9577,0.0959,0.0548,129.4495,136.6905,42.8039,87.3238,293.4997
214.329,118.575,4.2372,0.0701,0.038,-72.6685,-153.297,105.774,80.6847,348.825
74.2876,25.8976,3.458,0.1588,0.082,47.3652,70.4872,-11.0481,7.3272,178.689
77.4596,22.4927,3.0615,0.283,0.1463,60.5712,77.0023,-18.4307,26.0459,186.964
13.1797,10.8931,2.1123,0.7722,0.3977,-14.8638,2.3052,11.8602,25.297,147.204
45.989,11.4069,2.8112,0.3907,0.2077,37.5871,33.2423,6.1523,24.65,67.2814
97.7222,29.3071,3.8212,0.138,0.0863,-69.7415,76.7612,-8.0848,3.3807,270.704
90.9354,28.4311,3.4619,0.1412,0.0747,96.8513,87.6392,-19.6358,6.1616,284.011
94.121,17.1116,3.2054,0.2423,0.1022,-144.6704,67.6891,17.7171,3.8489,174.0073
29.4758,19.6459,2.6479,0.324,0.1631,-17.556,-22.844,-17.2351,33.685,112.306
140.578,33.8769,2.9959,0.2161,0.1106,126.111,113.486,-8.1873,87.3467,113.653
36.8281,9.5478,2.3942,0.4469,0.2479,-32.0883,-24.1504,8.9043,34.0317,98.086
80.1738,57.3847,3.2743,0.1601,0.0853,104.84,48.6703,-46.7597,29.038,254.302
93.9699,21.1061,3.3252,0.2019,0.1019,58.4831,108.612,16.286,4.4256,254.857
32.8073,26.243,3.0581,0.3104,0.1602,11.3528,18.6687,17.1655,21.233,178.3168
82.1936,16.042,2.8567,0.3032,0.169,-90.5016,52.5605,11.8929,0.5325,271.086
106.624,36.546,3.907,0.137,0.0704,-19.1642,76.3378,-26.9762,1.3581,342.549
20.6488,7.1313,2.0774,0.7364,0.3808,23.1464,11.6168,5.8569,54.5987,164.286
83.2182,13.5498,2.7959,0.424,0.2536,115.587,-68.5741,-8.7644,86.0798,196.774
28.0121,11.474,2.5623,0.4986,0.3192,30.3937,23.3457,11.6954,44.761,192.433
104.113,41.2098,4.1523,0.096,0.0545,-28.4823,83.5112,20.8342,1.828,311.279
76.1989,27.7929,3.5964,0.1375,0.0728,39.0436,69.355,15.6241,0.6204,167.356
19.6633,9.2678,2.2304,0.6176,0.4147,-20.4804,-14.1482,2.7477,81.0899,211.998
20.7693,10.3513,2.3054,0.6535,0.4282,-18.2017,-20.29,-11.7144,2.752,298.109
36.544,23.6759,2.8932,0.3156,0.1662,2.0973,17.8686,-16.6725,44.8927,263.7605
28.9049,9.6706,2.5397,0.5253,0.2785,-12.7372,-21.8162,-4.6586,34.599,220.209
53.3661,24.7587,3.3111,0.2169,0.0909,5.2783,50.6287,-16.9234,80.8215,82.4875
36.7918,6.9047,2.5653,0.5381,0.2987,-3.0188,23.0511,-1.3905,3.6592,86.7851
33.3083,18.0903,2.3997,0.3984,0.2012,-33.889,-19.2632,-7.1653,32.826,155.877
13.0194,11.1832,2.2565,0.7535,0.3961,14.9061,-4.7356,-11.6923,76.1181,185.248
27.7915,24.8076,3.1244,0.2892,0.1583,-27.2418,-1.9937,-11.7637,24.7819,195.3719
22.2435,12.3986,2.2978,0.4635,0.2544,28.8497,8.6554,10.5118,44.3431,84.6513
177.777,52.0415,3.0402,0.3181,0.1864,-90.0487,-150.737,51.0727,37.2821,313.671
25.2883,13.4475,2.4742,0.4664,0.2735,13.4911,12.6291,4.2912,8.2049,180.284
45.9681,14.2485,2.8168,0.3857,0.2617,49.9158,24.3286,10.3351,61.0296,199.6103
91.438,54.2114,3.0678,0.2302,0.1009,33.6162,89.6943,44.8604,52.5424,311.5083
75.3715,19.2748,3.1515,0.2032,0.1104,4.4977,63.8481,-12.5333,5.284,261.21
76.9829,20.2038,3.0888,0.2681,0.1504,95.948,56.8328,-19.81,5.806,276.059
30.4236,13.2033,2.7261,0.4725,0.3171,33.2295,26.8004,-6.6323,46.5235,255.1223
30.111,17.3828,2.3502,0.3973,0.221,30.0041,-7.8108,-10.2252,71.1656,221.215
33.4636,26.9276,2.5392,0.3652,0.1667,-29.6361,-28.6916,-20.0277,42.9562,111.2288
31.2073,20.0347,2.8142,0.2868,0.1603,-0.259,20.591,14.6656,39.3847,162.195
101.42,18.7524,3.192,0.1748,0.0993,49.1508,23.7505,10.9015,71.0938,249.632
84.6767,27.4389,3.4433,0.1586,0.0823,-14.7479,45.2713,18.5434,6.325,285.149
81.7837,22.8309,3.1278,0.3234,0.1643,-102.817,-36.7461,-11.9116,0.447,282.676
31.5516,10.9989,2.3259,0.3738,0.2251,-27.8113,-10.7553,-1.169,57.633,186.8069
29.1785,12.8461,2.643,0.4369,0.2969,13.9063,25.4132,-5.0481,21.5337,219.265
87.0224,25.4305,3.1527,0.204,0.1185,-39.9545,73.9728,22.0351,5.4913,289.309
69.6056,11.1889,3.0107,0.2966,0.1693,33.8472,46.1947,7.9043,46.897,153.717
73.7609,26.38,3.3736,0.1468,0.0742,-9.4464,40.1285,-19.5048,1.574,245.454
28.5282,7.7124,2.3181,0.5769,0.3245,-13.4901,12.3724,-5.2255,21.4331,196.466
90.5164,11.97,3.1009,0.175,0.102,-7.4878,73.2588,-10.6597,88.1074,233.8642
39.8121,18.1076,2.8896,0.2682,0.1412,2.5932,33.9114,6.4012,10.575,236.327
18.8261,14.197,2.6298,0.4629,0.2616,20.4205,14.7587,10.0302,15.2885,146.462
39.2324,18.7511,2.9586,0.3113,0.1777,22.9342,40.227,7.8823,14.293,230.912
44.9748,23.8528,3.0476,0.2953,0.1507,23.2882,-12.4968,16.6993,30.8505,141.9516
173.912,106.107,4.113,0.0792,0.0433,-104.339,-131.019,61.7062,87.7033,371.0
36.5332,8.5835,2.8181,0.4127,0.2115,1.5216,15.0374,-13.3062,68.1042,229.6978
19.2987,7.4549,2.0774,0.7364,0.4477,-0.7668,5.6973,-4.4063,2.182,129.426
97.794,26.8347,3.5327,0.1516,0.077,29.7042,95.3544,12.0158,3.2128,256.435
81.6056,22.5233,3.1303,0.1486,0.1056,-100.2575,41.2812,21.7725,72.2289,101.8665
30.2501,8.1902,2.4864,0.5873,0.3899,30.5772,23.6409,-7.2522,43.9048,226.871
96.2327,46.5165,4.154,0.0779,0.039,110.355,85.0486,43.1844,4.854,248.226
74.5077,40.5641,3.2186,0.0868,0.0541,13.4043,-42.5078,22.2809,57.0629,168.9312
82.8408,25.3962,3.3101,0.1763,0.0899,59.671,76.1592,-13.6846,7.551,254.594
27.4623,14.5438,2.6972,0.4076,0.2139,-7.2916,15.9895,-10.396,14.4566,199.615
19.7221,15.8656,2.6248,0.5196,0.3096,7.4801,13.3605,-13.2124,31.983,132.292
24.2004,10.6295,2.357,0.5143,0.3319,-5.0412,-20.0564,-8.3628,36.1048,139.681
95.3856,21.1808,2.64,0.3093,0.1775,-110.804,59.3284,-8.7242,0.6251,287.835
72.6459,23.2236,3.1902,0.1426,0.0771,-60.2678,41.3896,13.6109,5.284,229.022
33.528,21.3633,3.0671,0.2554,0.129,-25.1954,16.0213,-10.2241,2.3111,171.234
29.2513,9.5731,2.4836,0.4729,0.2414,26.2465,-23.7278,9.98,20.13,180.921
87.4843,25.5134,3.5567,0.1834,0.0939,59.1418,97.7039,-2.8502,2.72,149.034
68.7932,13.8229,2.9852,0.2411,0.1319,61.8907,43.4369,-4.886,60.868,173.475
17.3053,9.6993,2.7375,0.6688,0.3733,16.3859,19.729,-10.9276,7.7583,245.5844
32.4251,9.629,2.4393,0.4364,0.2564,-2.2216,23.9613,4.2002,6.6791,165.517
69.7228,29.4108,3.4686,0.1812,0.0926,-39.9696,68.3345,22.2578,2.0787,290.624
28.5463,8.9766,2.732,0.5505,0.3123,-21.8688,18.7674,9.1991,20.271,146.741
24.1415,14.376,2.5328,0.4223,0.2126,38.1971,-16.0301,12.6463,13.846,61.7531
14.9201,11.6836,2.4031,0.668,0.4565,1.9795,5.2565,-9.1396,29.1403,217.011
79.1585,26.406,3.7561,0.1594,0.092,-81.2995,63.6223,-9.7485,1.975,260.012
58.7853,29.6339,3.4814,0.1479,0.0741,-6.4259,39.3732,-14.3964,5.136,209.087
33.6934,7.0612,2.5977,0.7388,0.3504,-14.2329,6.1811,12.7671,43.8156,221.9559
135.4783,16.6427,2.5376,0.5093,0.2695,-108.3521,-106.6342,9.1775,75.6578,138.554
23.5514,9.0361,2.4191,0.6019,0.4133,12.3438,8.3462,5.4841,25.6299,176.581
86.1808,58.2923,3.5283,0.1597,0.0911,52.3378,94.7966,64.7861,26.0415,140.842
14.6148,9.2816,2.4972,0.6027,0.3788,-1.2913,-18.5501,8.893,36.5934,66.066
35.6882,18.0117,2.6794,0.3075,0.1872,-33.1848,-25.6666,13.7746,7.742,149.637
40.9468,18.4822,2.7882,0.2492,0.1278,8.9986,-21.5671,-8.7772,3.655,188.205
12.8775,11.3796,2.0737,0.7342,0.4093,15.0192,-7.5534,10.5578,12.823,253.828
39.2192,14.1085,2.8534,0.4064,0.2306,36.9605,31.7324,5.2607,9.1923,225.515
77.8184,27.4015,3.7514,0.1469,0.0798,37.2879,71.6719,18.0313,7.111,202.141
84.8731,24.3425,3.0382,0.2802,0.1442,-13.0393,-55.8522,-10.283,1.92,365.621
20.0798,6.6466,2.3415,0.5849,0.3109,28.3767,-0.3095,4.5682,68.9936,74.8274
59.9968,23.8181,3.0218,0.2171,0.1269,5.5473,63.1616,-12.7854,43.175,205.258
35.6137,19.4724,2.757,0.294,0.1654,15.3924,30.6005,7.5152,83.468,53.5997
62.6759,21.0229,3.0249,0.2576,0.125,-19.5767,28.9469,-10.2818,41.7178,155.8542
19.541,7.0622,2.2135,0.8073,0.419,-20.5972,-13.0988,-4.1841,16.6934,111.76
29.6033,18.6805,2.874,0.5843,0.3664,17.9836,30.8345,16.7199,67.2374,176.1317
33.4632,15.0472,2.5942,0.5037,0.2753,10.8904,21.8814,-15.1947,26.3512,223.9934
28.7453,10.6247,2.5977,0.5278,0.3371,18.9851,20.6578,6.0474,15.033,154.98
80.2375,9.5778,2.7759,0.3178,0.1797,7.9203,43.2221,1.9162,27.1433,301.8484
18.4594,10.5041,2.3336,0.685,0.3554,-8.0251,10.7443,7.4802,62.1048,175.0353
37.5297,21.1485,3.1765,0.2231,0.1156,20.989,22.3961,-6.9219,30.76,189.635
29.2304,9.9358,2.6021,0.5625,0.2938,-12.6392,-25.5278,-6.916,22.2624,171.911
31.1574,20.4519,2.7388,0.3613,0.198,15.56,27.4798,-11.3327,17.2362,137.699
27.4953,16.4672,2.5112,0.4099,0.2142,33.6518,17.0504,7.0734,7.113,161.221
72.2077,27.4244,3.4805,0.1597,0.0802,74.7984,61.7693,-10.2314,2.545,254.654
46.5667,25.5487,3.5403,0.194,0.1059,24.0793,41.5627,14.0566,13.249,153.452
118.747,37.2663,3.8326,0.1126,0.0595,122.516,90.1485,9.1215,3.2776,211.737
20.7139,12.3522,2.7385,0.5072,0.2513,7.1002,17.8559,-6.1699,63.683,215.498
19.4413,7.2845,2.1351,0.7839,0.4212,-4.4407,10.8056,-4.2641,27.318,137.048
13.9498,11.2494,2.4374,0.7756,0.496,-1.2467,-6.5713,-9.7086,30.9788,228.6092
48.4923,35.2073,3.6612,0.1643,0.0852,15.5148,28.1506,-27.8942,5.684,65.9426
40.4431,19.3387,2.8919,0.3039,0.1497,34.1887,-8.1638,-5.984,3.3124,111.9501
167.8057,81.3627,3.7123,0.0759,0.0475,150.9721,-70.4816,-66.1776,68.6247,370.789
40.2265,20.0005,2.8038,0.2294,0.117,3.1403,28.0751,-15.3392,17.067,136.668
31.0309,8.2536,2.3757,0.5095,0.2547,15.4009,-16.7236,9.061,21.014,92.7866
22.0774,9.6995,2.601,0.619,0.317,21.5306,14.4567,7.7992,20.4406,182.617
26.7867,11.1068,2.5237,0.482,0.2889,33.1928,15.095,-7.4581,13.143,136.463
20.1058,9.2855,2.2553,0.6167,0.375,22.5169,12.3937,-1.9347,79.283,122.258
24.8732,10.6854,2.3971,0.517,0.3307,13.7192,20.6316,-7.3335,1.727,201.07
71.862,28.8326,3.5638,0.2047,0.1173,-53.1898,64.8095,-11.1288,1.2638,287.365
30.5327,21.6959,2.6248,0.382,0.2432,-7.9124,-28.8645,-15.4248,0.1224,188.344
33.8773,14.58,2.6355,0.3912,0.2141,22.7858,24.106,13.1553,17.282,208.599
50.6729,25.5368,3.0763,0.1839,0.126,7.0156,20.9158,-9.8045,57.7969,243.1062
93.6117,25.9597,3.7458,0.1578,0.0929,-92.3861,82.0158,-14.894,1.4092,269.336
17.5277,7.466,2.2109,0.7815,0.5446,-0.586,1.0294,-4.2404,69.8962,216.185
33.3528,17.6866,2.7551,0.3796,0.275,15.898,27.6711,-8.487,8.709,196.918
80.2483,24.8864,3.5431,0.1893,0.1015,69.8721,65.6409,-10.5092,0.646,252.371
21.5693,12.0208,2.7255,0.6453,0.3584,6.4955,20.9015,-2.9726,14.3002,139.964
22.6082,13.715,2.5484,0.6082,0.3154,19.0335,20.3446,-4.7438,7.936,146.847
32.1456,20.0292,2.5664,0.3962,0.2402,-27.9947,-25.8885,-14.5929,8.564,180.59
19.7592,12.1812,2.3664,0.5419,0.2989,3.6595,-11.2892,-10.7783,18.354,182.91
22.3842,19.6795,2.7828,0.3298,0.1756,-17.1679,-12.5413,11.0567,13.5342,72.0504
92.6891,25.7202,3.5304,0.1359,0.057,16.7693,103.1011,-10.2285,27.0591,75.9238
93.06,26.3056,3.8134,0.1421,0.0746,64.454,72.1375,-20.4546,0.558,261.179
17.4934,7.4535,2.2292,0.7906,0.5457,-1.1241,-1.162,4.349,15.087,159.278
30.2843,16.7657,2.7896,0.4367,0.2394,-15.5024,-27.692,12.3785,46.3644,266.491
24.8746,16.3143,2.6518,0.466,0.2375,7.8902,20.5957,14.1454,48.493,150.95
136.446,88.2878,3.1617,0.2205,0.1216,-205.734,126.766,85.3669,18.736,317.685
32.0205,17.3002,3.0103,0.3164,0.1704,30.7149,18.6074,11.1977,5.6933,179.787
22.7217,19.7887,2.6112,0.4162,0.2142,3.9765,12.318,11.5767,39.6495,161.735
69.6678,21.4358,3.2884,0.2996,0.1954,-4.5328,63.3974,16.3222,3.8131,334.194
24.0872,0.0,2.081,0.7469,0.4191,-25.0209,-16.2725,0.0,37.3886,213.934
144.2787,21.6688,2.8651,0.2941,0.1506,-0.9184,-60.4121,11.1616,45.9286,294.125
28.3143,11.382,2.444,0.4101,0.2212,-10.3046,-9.294,-7.2713,10.678,199.532
21.6674,6.6144,2.1021,0.7273,0.4545,-21.4209,-14.8866,-6.4934,4.344,134.69
18.9069,13.6793,2.5205,0.5792,0.3394,-7.0648,16.3617,3.3348,50.2541,132.657
24.5729,8.7188,2.643,0.6553,0.3811,5.5341,18.7508,-8.9839,14.7342,238.229
165.2576,23.4409,2.7692,0.6639,0.3678,-57.075,-164.4205,17.7674,16.8837,302.3371
39.8855,17.5545,2.679,0.3876,0.2083,43.3267,32.1269,13.2365,89.1354,163.1477
33.3893,18.9814,2.7945,0.3178,0.1838,-38.7839,-11.9867,11.0064,10.7282,202.484
18.7573,15.3789,2.6474,0.473,0.2917,-2.8784,6.5901,5.7708,10.6572,47.6311
33.0859,17.6588,2.5168,0.4467,0.2373,14.3263,14.6533,-6.2516,44.9363,197.2508
33.343,8.3643,2.3936,0.497,0.2687,-0.2477,10.0291,-2.7907,61.489,210.061
21.1474,16.8163,2.5599,0.4435,0.2658,29.268,-11.5756,14.5016,35.595,122.94
92.0007,34.869,3.6213,0.2255,0.1216,12.635,48.376,22.2188,1.7669,372.871
37.5565,11.9738,2.7356,0.2964,0.1858,26.4228,7.1043,-3.811,34.4077,83.7628
29.8151,6.0577,2.4222,0.5267,0.2451,-6.8689,19.1951,-1.059,9.7212,167.6524
32.1447,19.3534,2.635,0.343,0.1796,20.9922,12.7919,8.2013,62.3724,74.779
17.3029,11.088,2.179,0.5563,0.3278,0.3834,-4.1781,-6.0185,3.5463,208.628
44.3624,20.855,2.9167,0.2919,0.1763,-22.5991,-37.97,-16.75,34.3207,55.4034
50.0133,21.1811,3.1661,0.2306,0.1231,64.963,41.1818,19.3027,0.591,231.876
94.7218,38.4855,4.1226,0.0802,0.0404,25.8007,78.4474,17.5828,1.676,252.039
59.0112,26.2465,3.5361,0.1691,0.0921,48.3117,45.5126,-17.2875,1.8811,206.842
22.6255,15.2609,2.7415,0.4062,0.2294,-4.89,-11.3924,-7.7689,15.109,133.836
190.003,57.3551,3.5334,0.1107,0.0572,-173.461,-93.0602,-54.503,75.7876,243.901
20.8078,9.3088,2.6748,0.4992,0.2626,5.2542,-13.4763,6.9704,17.3155,233.0619
66.2446,27.9018,2.9574,0.2515,0.155,-69.9491,-51.3645,-23.0017,30.2536,289.524
15.6279,6.8923,2.5517,0.7963,0.4261,18.9984,11.7771,13.4102,32.9664,70.5502
20.9681,12.0129,2.404,0.5128,0.2623,-0.7353,-8.0242,9.9688,77.8145,191.019
74.7135,24.6015,2.964,0.3781,0.2395,-37.7185,-31.4125,-23.275,8.5098,321.462
61.1693,3.8862,2.8015,0.4108,0.2313,10.689,31.1291,9.0903,49.8157,151.8837
23.5333,15.0319,2.6253,0.4976,0.2927,-2.7887,20.3183,9.3425,16.392,183.989
21.4699,11.1525,2.1553,0.5594,0.3112,-14.0051,-18.8549,7.0017,65.5712,56.1808
12.0034,2.0812,2.178,0.779,0.4113,-23.6215,-12.9491,-8.7515,34.4163,253.611
31.162,15.051,2.6454,0.3756,0.1889,35.9284,-20.8315,-10.8486,83.156,221.041
39.0778,11.1994,2.6325,0.324,0.1783,40.0238,10.8494,6.8493,11.3232,198.609
28.3653,8.8107,2.537,0.5369,0.3324,12.4138,25.6345,-6.0112,50.3175,150.027
28.0012,8.888,2.3608,0.5534,0.2941,-35.4918,-12.289,-4.3699,16.315,174.214
31.4487,12.5907,2.5152,0.3969,0.2,1.9766,-9.897,9.2871,21.501,136.8
112.6471,17.6553,2.8956,0.2791,0.1377,38.091,125.7785,-15.1146,2.7435,206.1248
13.0616,10.7178,2.1319,0.7675,0.476,-13.5145,3.2992,9.7846,43.25,258.764
103.015,26.9201,2.9117,0.2855,0.1526,3.5157,11.6842,-23.2872,0.471,333.976
36.7468,24.3136,2.792,0.3233,0.1728,3.7186,-3.8453,-13.0225,23.2892,195.5377
109.754,27.7179,3.0571,0.1903,0.0978,90.2262,87.7985,29.1751,37.2826,310.567
52.8511,34.1063,3.3817,0.1412,0.0712,2.9004,42.1168,30.8547,37.1944,146.975
31.3056,10.1845,2.549,0.4463,0.2246,-4.5762,25.6491,2.1701,67.887,202.177
56.5232,13.9445,2.732,0.4004,0.2382,-27.7165,-48.5938,-5.6678,17.637,104.8
49.1324,22.8572,3.1209,0.2233,0.1185,27.224,33.6343,-10.5066,3.009,162.406
90.8667,72.8105,3.8226,0.1432,0.0753,36.3689,47.9418,-90.5671,6.433,304.935
45.214,6.4831,2.7199,0.4108,0.25,34.1133,35.0169,12.0494,0.4413,181.4927
105.217,73.1736,4.1822,0.072,0.0388,89.2509,98.4422,73.1276,2.1215,163.06
65.0492,20.4085,3.1836,0.2333,0.1268,-64.2384,42.3664,-13.017,9.9495,262.636
25.5805,17.8441,2.6571,0.4053,0.2302,13.2119,-8.2515,-14.7949,1.8043,144.022
54.1757,30.0162,3.6714,0.2087,0.1107,22.9775,31.2252,-21.4603,47.73,42.5206
67.0368,29.699,3.461,0.1505,0.0915,49.5524,58.883,12.1411,0.1579,128.902
69.4358,16.0666,2.4956,0.3471,0.1758,46.1161,71.9623,-10.8771,78.4354,161.377
19.6295,9.4028,2.3711,0.617,0.3936,21.2347,13.3563,-3.6052,11.997,208.185
91.8525,36.9829,4.0567,0.1024,0.056,27.7173,86.3899,19.2193,2.1094,224.331
77.9433,29.7856,3.5741,0.1797,0.0916,-86.0801,67.6426,-22.1034,5.9725,242.953
110.5279,60.4727,3.3362,0.3675,0.2222,-58.2974,-124.5173,48.5081,14.6671,448.0295
35.2351,15.0317,2.6309,0.3088,0.1579,15.5971,-11.8123,9.2908,19.418,208.256
106.9951,43.6072,3.2792,0.2406,0.1157,-47.2472,-84.9207,38.9815,7.1503,319.1942
20.8971,18.6641,2.3664,0.4774,0.286,-13.3256,-15.5955,12.7378,6.83,231.83
29.0348,20.0742,2.7763,0.3397,0.2167,-0.2629,13.5974,-14.8034,54.004,111.163
42.0674,22.097,3.0065,0.2552,0.1305,-3.4064,-39.5615,-15.2805,62.159,96.4143
36.6913,28.2534,2.7623,0.3509,0.1858,-28.6774,-34.1515,18.7668,69.125,105.144
24.5139,12.9405,2.3901,0.5336,0.3442,-9.4504,-13.5898,-12.736,42.0438,121.848
29.0886,14.0879,2.6803,0.4302,0.2469,3.3787,-20.5481,14.6174,37.8387,244.8222
22.6986,16.1819,2.7381,0.3656,0.1841,2.8938,-9.4133,-5.2286,41.9337,126.3478
23.1029,9.5822,2.5359,0.6055,0.3712,-9.7531,6.8251,4.4429,73.3707,110.179
45.7594,31.4493,2.923,0.1648,0.0854,-33.0647,-31.0978,5.5287,36.1302,142.638
13.8441,8.4785,2.3971,0.8778,0.523,-12.66,-9.184,11.1124,20.5565,118.075
13.3106,10.3383,2.1658,0.7986,0.4676,13.6042,6.0074,11.4066,7.035,163.036
92.1397,53.6752,3.0382,0.2175,0.146,-26.7572,-121.8984,21.4054,9.0489,103.5638
23.0564,15.9993,2.4955,0.476,0.3115,-9.0445,-22.4763,-11.0232,15.277,100.764
21.6754,15.56,2.4393,0.4473,0.2782,24.0564,16.0578,0.5722,32.744,72.7002
20.9469,6.4102,2.1319,0.7823,0.5203,-18.3706,-17.1937,6.1023,71.9164,20.4975
24.7808,16.3039,2.5938,0.4586,0.2739,19.5027,25.049,-10.7515,10.7326,138.149
68.8405,16.3463,2.6128,0.3171,0.1695,-104.369,65.8943,6.9582,39.069,94.7686
110.4766,71.8217,4.1073,0.1078,0.0537,42.4312,47.166,-83.4869,46.3265,216.3036
104.472,25.876,3.1011,0.2718,0.1383,-63.1676,81.9646,23.6063,4.296,335.096
69.1062,26.4615,3.0156,0.1495,0.0767,-13.777,-23.6209,17.6167,9.783,172.123
91.736,20.9687,3.0658,0.2101,0.1195,-53.6447,65.2706,10.7555,9.7456,311.3537
37.1336,11.9656,2.3573,0.4826,0.2705,-27.2052,-18.2535,-6.1182,74.435,146.8673
26.3889,12.5779,2.5095,0.543,0.2919,-3.9147,1.7325,-8.3314,57.7917,166.8573
53.516,41.2753,3.0598,0.1893,0.0798,-83.4604,29.9985,20.8837,13.2588,291.7109
29.4778,19.7679,2.76,0.3076,0.1607,-11.0644,14.0597,-11.7159,16.05,152.973
19.8657,10.773,2.3324,0.5953,0.3326,-8.0461,17.5656,9.9813,17.929,53.4503
44.6843,9.4991,2.7253,0.3116,0.2309,-17.4209,30.1365,-12.6546,57.0501,99.2361
80.0169,29.9756,3.6714,0.1577,0.0898,20.4369,24.4273,-24.8336,4.142,228.254
19.2454,12.1,2.5152,0.5679,0.3069,-4.5578,11.2168,-10.3992,15.623,156.531
22.0774,9.6995,2.601,0.619,0.317,21.5306,14.4567,7.7992,20.4406,182.617
32.562,11.9144,2.7413,0.4036,0.2396,-15.3967,9.9211,1.4978,76.0223,136.6519
201.5407,54.3568,3.2686,0.2567,0.1302,-148.5684,-187.6067,-15.5174,71.7318,320.1415
12.9512,11.0321,2.4091,0.7368,0.4581,-14.0676,7.0344,-6.6587,68.3731,204.969
38.5541,12.5228,2.5391,0.4884,0.2905,20.0958,35.2245,-5.088,3.055,179.057
31.6496,16.4815,2.6057,0.8585,0.5878,21.9778,34.3648,21.2481,77.386,394.4193
46.5503,21.7313,2.641,0.3131,0.1726,56.6296,42.9528,21.9683,18.7204,245.797
240.462,134.084,3.5814,0.1324,0.0762,-179.144,-142.709,-132.416,26.902,138.66
16.9178,9.7218,2.444,0.7662,0.4155,7.4157,-9.1341,8.7334,8.235,195.865
43.6702,20.8285,2.9167,0.2617,0.1423,20.9315,43.5221,11.4343,6.903,231.242
18.0153,10.4139,2.5159,0.7287,0.4192,-7.8462,15.1027,5.8765,21.5425,207.077
24.3806,15.6248,2.6853,0.4644,0.257,23.4741,20.4636,13.1202,34.0116,169.221
87.4915,30.701,3.3165,0.1375,0.075,50.0257,91.366,20.7408,6.481,215.939
28.2704,19.3564,2.5682,0.3892,0.2122,25.6202,4.8137,9.9999,11.4878,126.977
30.6982,16.7852,2.829,0.3291,0.1964,8.8165,19.0026,9.4149,22.856,157.278
12.9695,11.196,2.0952,0.747,0.4217,-14.6953,6.6421,-10.8138,32.761,97.0673
17.172,10.759,2.5315,0.6382,0.3838,-2.1218,6.6094,7.5741,55.5146,92.8713
96.4412,87.684,3.8398,0.0831,0.0422,-81.538,88.0748,75.3583,6.6557,252.919
64.4096,22.5919,2.9162,0.2171,0.117,-49.8957,-37.2958,-12.6245,8.0335,156.887
40.0688,17.115,2.8678,0.282,0.1593,43.5538,-20.405,11.254,3.39,123.141
74.0745,46.4306,3.4193,0.1912,0.1125,-11.5412,-49.2099,-28.0754,9.872,269.182
37.0661,18.9517,2.8215,0.3062,0.1591,47.8092,21.1347,12.1373,2.957,184.36
115.325,57.1397,3.3983,0.1467,0.0937,-37.6078,-79.5937,53.4387,4.588,303.806
22.2988,15.579,2.6675,0.5828,0.3968,-14.4378,-21.103,-12.2263,43.694,150.459
142.5279,61.8344,3.9882,0.0898,0.0616,73.647,-130.4584,41.6467,88.5362,374.8083
77.4963,30.6059,3.3758,0.1667,0.089,59.1231,92.6294,-10.2812,6.373,179.756
43.6872,20.4355,2.572,0.4295,0.2482,-50.1245,34.2563,13.7322,71.4563,158.894
41.326,15.8124,2.6479,0.3127,0.1609,-15.2693,19.7499,-7.493,13.4291,36.181
24.9954,12.8249,2.6481,0.4502,0.3414,19.301,21.7122,-11.5809,78.2165,130.3076
20.068,9.7614,2.3962,0.6145,0.4076,-3.641,14.7087,9.1117,19.9443,229.269
29.0755,20.2431,2.5917,0.3004,0.171,13.3496,2.3986,2.9814,62.4511,235.8847
44.6982,24.4149,3.0915,0.1977,0.1065,6.9787,15.1799,17.3405,25.5856,116.027
24.6754,12.0523,2.5658,0.4348,0.2296,5.5282,10.1589,9.2972,15.901,140.021
13.1627,10.2177,2.1775,0.7973,0.5083,12.6782,6.9816,10.451,68.7784,109.814
17.4603,15.5294,2.4338,0.523,0.3297,7.5692,-16.0845,0.2426,44.692,221.648
25.1115,18.7326,2.7705,0.4122,0.2129,-11.6197,-10.3371,10.1906,47.117,92.9631
40.5065,24.3183,3.0385,0.2298,0.1173,-7.9624,23.8697,-27.5634,78.8798,230.3111
110.206,70.9532,4.1483,0.1001,0.0551,-130.857,-47.7365,47.8844,35.959,377.899
28.9911,11.7773,2.6488,0.4467,0.2593,19.4993,-12.3821,11.4288,6.3297,246.6
115.524,27.1455,3.1543,0.2593,0.148,-172.656,108.1819,8.9205,34.0787,290.8101
67.2132,21.7325,2.5179,0.5736,0.3536,-62.4781,-35.8968,-20.348,7.432,269.895
21.2307,17.2634,2.7789,0.5324,0.3003,17.5359,22.5489,-10.0711,36.584,215.938
71.7681,27.3733,3.6294,0.2033,0.1025,27.6814,59.2579,-6.9685,5.254,283.419
80.0424,50.341,3.8463,0.1054,0.0602,-104.127,47.4167,-39.2878,22.995,264.79
37.7449,22.7229,2.7193,0.2519,0.1326,10.5407,-15.9987,-16.7664,18.879,212.0
25.8419,18.5717,2.6304,0.377,0.1932,25.4122,17.9303,5.4656,1.8424,145.416
21.3338,10.0117,2.2201,0.5904,0.3283,5.409,-16.8477,10.425,23.493,82.3087
43.1417,0.0,2.3936,0.4808,0.2525,0.0,0.0,16.8777,82.278,193.359
28.8753,10.6754,2.5403,0.4467,0.2493,6.2227,22.5345,-11.0576,8.686,192.361
118.009,77.918,3.2338,0.3339,0.2011,-31.8163,-156.455,52.1582,37.9059,350.69
62.1599,19.1734,2.9304,0.2617,0.1403,26.2062,42.0676,-13.3103,2.228,235.656
21.2198,11.2399,2.2405,0.5517,0.3017,12.7177,19.0849,-8.2765,53.7221,130.935
20.3476,7.2308,2.081,0.7386,0.3776,-2.9636,10.6173,5.6011,63.632,121.179
45.1761,15.2625,3.3998,0.1879,0.109,50.0946,43.7449,-12.0535,59.9936,115.8753
25.2488,7.3715,2.1987,0.6242,0.3702,19.1911,33.6767,16.132,72.6942,216.252
51.4664,8.8279,2.8346,0.4391,0.2162,46.2015,43.7837,6.9968,39.6762,159.3202
27.2242,19.8984,2.6547,0.3034,0.1584,-13.5139,14.5847,-16.0319,81.6716,167.099
126.5899,24.3644,3.2131,0.2186,0.0958,54.7354,71.0188,-16.3862,32.5813,106.2486
39.2142,19.6044,3.0575,0.2348,0.1301,44.975,-6.7978,-15.6332,2.53,153.226
32.9693,23.4377,3.0392,0.3161,0.1622,26.306,22.6908,-18.8982,12.5002,175.6
30.3024,7.31,2.9203,0.344,0.2085,44.2595,16.6769,6.8705,52.9268,217.0004
154.732,42.9253,3.0352,0.2628,0.16,-98.712,-163.247,-30.7516,85.3675,66.0071
33.3849,21.6594,2.8062,0.3063,0.1727,-30.6733,-31.6129,-8.5806,22.353,243.839
37.0402,19.0194,2.873,0.3014,0.1574,-0.2769,25.4779,6.1243,24.348,249.919
19.5635,12.4885,2.4882,0.447,0.2878,10.5101,6.5262,-16.8556,13.0329,154.5766
33.3747,16.9277,2.5623,0.3589,0.1795,44.1889,20.9917,14.4195,13.511,232.175
20.7336,19.0666,2.4776,0.4804,0.2612,-10.1531,9.3495,-12.5315,29.1685,60.7668
33.377,8.1712,2.7896,0.4593,0.2878,13.7864,17.8089,7.0559,40.3223,143.8758
50.5327,7.8642,2.8409,0.3509,0.2369,41.9028,41.5905,0.2469,34.6666,172.7698
71.7146,23.7403,3.2586,0.21,0.1309,21.2928,85.5883,14.5969,6.282,266.573
185.738,27.0053,2.8998,0.5441,0.3797,-126.919,-188.579,-18.6711,2.507,361.465
85.0313,30.1529,3.0624,0.2252,0.1174,-48.2222,-15.4541,-18.0819,1.7685,336.706
83.0942,27.4695,3.431,0.1494,0.0877,80.7714,87.1243,21.7443,1.763,211.57
51.2755,26.1717,2.9442,0.1675,0.0643,-37.5337,-26.86,17.3136,4.1303,120.635
84.3102,35.0643,3.9292,0.1366,0.0739,-66.2563,72.1546,19.5836,0.147,294.503
23.3897,10.0375,2.6217,0.583,0.3214,26.0773,20.5688,7.5347,19.8253,132.785
49.6026,23.2749,3.0631,0.1902,0.0999,15.6043,-33.6197,5.6718,5.467,198.282
