f5,f6,f7,f8,f9,f13,f14,f15,f16,f17,f18,f19,f20,f21,f22,f23,f24,f25,f26,f27,f28,f29,f30,f31,f32,f33
105,86,76,71,94,0,0,62,0,8,37,0,0,0,0,0,0,0,0,0,0,0,0,0,0,0
74,78,145,71,94,0,0,44,21,0,0,0,0,0,0,0,5,51,0,0,0,0,0,0,0,0
16,119,79,71,94,0,0,0,0,1,2,1,0,36,8,0,0,0,0,0,0,0,0,0,0,0
74,77,88,115,94,0,0,0,38,27,0,0,0,0,0,0,0,0,0,0,38,2,0,0,0,0
105,89,77,72,94,0,44,19,1,2,42,4,0,0,0,0,0,0,0,0,1,0,0,0,0,0
89,105,76,71,94,0,25,41,0,0,0,17,28,0,0,0,0,0,0,0,0,0,0,0,0,0
117,77,76,71,94,1,42,68,0,0,0,0,0,0,0,0,0,0,0,0,0,0,0,0,0,0
74,84,78,71,94,0,0,0,9,56,0,0,0,3,6,0,0,0,0,0,0,0,0,0,0,0
145,77,76,71,94,0,8,71,12,50,0,0,0,0,0,0,0,0,0,0,0,0,0,0,0,0
76,77,76,71,94,56,9,1,0,2,1,0,0,0,0,0,0,0,0,0,0,0,0,0,0,0
81,78,76,71,94,0,2,42,23,1,5,0,0,0,0,0,0,0,0,0,0,0,0,0,0,0
110,104,76,71,94,0,0,9,13,32,42,35,0,0,0,0,0,0,0,0,0,0,0,0,0,0
71,82,76,71,94,0,0,0,0,48,16,1,1,0,0,0,0,0,0,0,0,0,0,0,0,0
133,77,76,71,94,38,90,1,0,0,0,0,0,0,0,0,0,0,0,0,0,0,0,0,0,0
54,110,76,71,94,0,2,1,5,18,6,5,39,0,0,0,0,0,0,0,0,0,0,0,0,0
66,79,76,71,94,0,43,11,0,0,1,3,1,0,0,0,0,0,0,0,0,0,0,0,0,0
83,77,76,71,94,1,9,1,64,0,0,0,0,0,0,0,0,0,0,0,0,0,0,0,0,0
116,78,76,71,94,0,0,37,66,5,0,2,0,0,0,0,0,0,0,0,0,0,0,0,0,0
80,77,76,71,94,1,58,6,4,2,0,0,0,0,0,0,0,0,0,0,0,0,0,0,0,0
59,77,80,72,94,0,1,1,46,0,0,0,0,0,0,0,0,1,2,1,0,0,0,0,0,0
61,83,82,71,94,0,2,1,0,32,22,1,0,0,0,0,0,4,0,0,0,0,0,0,0,0
18,200,83,71,94,1,0,0,0,0,4,2,0,113,21,0,0,0,0,0,0,0,0,0,0,0
40,82,76,71,94,1,2,3,10,10,1,0,6,1,0,0,0,0,0,0,0,0,0,0,0,0
64,81,123,71,94,0,11,43,0,0,0,0,0,0,0,0,20,22,0,0,0,0,0,0,0,0
62,119,96,72,94,0,11,39,2,0,0,0,0,0,57,2,0,0,0,0,1,0,0,0,0,0
33,124,111,71,94,12,8,0,0,0,0,0,1,1,37,37,0,0,0,0,0,0,0,0,0,0
28,113,77,71,94,0,0,0,0,0,0,20,25,7,1,0,0,0,0,0,0,0,0,0,0,0
61,77,78,71,94,2,1,0,19,30,0,0,0,0,0,0,0,0,1,0,0,0,0,0,0,0
92,77,76,71,94,0,0,0,52,31,0,0,0,0,0,0,0,0,0,0,0,0,0,0,0,0
59,84,96,71,94,43,6,0,0,0,0,0,1,0,0,3,18,0,0,0,0,0,0,0,0,0
17,150,83,71,94,0,3,0,0,0,0,0,4,71,0,0,0,5,1,0,0,0,0,0,0,0
125,81,77,72,94,0,0,25,37,45,17,0,0,0,0,0,0,0,0,1,0,0,0,0,0,0
61,77,76,71,94,0,7,44,0,0,0,0,0,0,0,0,0,0,0,0,0,0,0,0,0,0
73,78,78,73,94,56,6,0,0,0,1,2,0,0,0,0,0,0,0,2,0,0,0,0,0,0
32,112,76,71,94,5,5,0,0,3,0,0,31,13,0,0,0,0,0,0,0,0,0,0,0,0
59,77,76,71,94,9,39,1,0,0,0,0,0,0,0,0,0,0,0,0,0,0,0,0,0,0
154,97,76,71,94,32,47,46,0,1,7,39,0,0,0,0,0,0,0,0,0,0,0,0,0,0
75,84,76,71,94,0,25,39,0,0,1,2,0,6,0,0,0,0,0,0,0,0,0,0,0,0
113,80,76,71,94,0,1,2,5,88,15,0,0,0,0,0,0,0,0,0,0,0,0,0,0,0
117,77,78,73,94,25,74,12,0,0,0,0,0,0,0,0,0,0,0,2,1,0,0,0,0,0
75,84,76,71,94,0,1,1,0,41,30,0,0,0,0,0,0,0,0,0,0,0,0,0,0,0
61,111,87,71,94,0,37,10,1,2,0,0,0,10,33,0,0,0,0,0,0,0,0,0,0,0
66,141,76,83,159,0,0,0,0,0,28,47,46,0,0,0,0,0,0,0,0,0,0,0,32,9
123,85,76,71,94,0,37,25,0,30,33,0,0,0,0,0,0,0,0,0,0,0,0,0,0,0
114,77,76,71,94,0,31,31,0,46,0,0,0,0,0,0,0,0,0,0,0,0,0,0,0,0
104,131,76,71,94,46,0,0,0,11,50,0,7,37,0,0,0,0,0,0,0,0,0,0,0,0
145,77,76,71,94,50,12,32,47,0,0,0,0,0,0,0,0,0,0,0,0,0,0,0,0,0
149,77,76,71,94,8,77,58,1,0,2,1,0,0,0,0,0,0,0,0,0,0,0,0,0,0
78,100,85,87,94,0,0,0,0,13,66,15,0,0,0,0,0,0,0,10,8,0,0,0,0,0
114,77,77,76,94,0,19,44,28,18,0,0,0,0,0,0,0,0,0,0,1,2,1,0,0,0
52,86,132,77,94,0,2,1,1,10,38,0,0,0,0,0,0,31,17,0,0,0,0,0,0,0
43,94,145,71,94,0,1,2,0,0,27,19,0,0,0,0,5,51,0,0,0,0,0,0,0,0
89,77,77,77,94,0,1,2,16,63,0,0,0,0,0,0,0,0,0,0,0,4,0,0,0,0
82,140,76,71,94,0,0,0,0,0,38,79,21,0,0,0,0,0,0,0,0,0,0,0,0,0
54,97,79,94,94,0,0,0,3,0,39,22,0,0,0,0,0,0,0,0,8,9,0,0,0,0
94,82,76,71,94,55,25,0,0,2,0,6,3,0,0,0,0,0,0,0,0,0,0,0,0,0
18,115,98,80,94,0,0,3,2,0,0,0,0,25,19,0,0,0,13,5,0,0,0,0,0,0
77,77,76,71,94,0,34,31,1,1,0,0,0,0,0,0,0,0,0,0,0,0,0,0,0,0
88,77,76,71,94,0,1,3,37,40,0,0,0,0,0,0,0,0,0,0,0,0,0,0,0,0
42,93,76,71,94,0,0,1,1,0,24,21,0,0,0,0,0,0,0,0,0,0,0,0,0,0
53,84,125,71,94,1,1,0,0,24,21,0,0,0,0,0,11,31,0,0,0,0,0,0,0,0
85,106,76,71,94,0,0,0,0,46,3,58,0,0,0,0,0,0,0,0,0,0,0,0,0,0
64,82,76,71,94,6,1,0,0,32,22,0,0,0,0,0,0,0,0,0,0,0,0,0,0,0
57,118,116,73,94,0,0,0,0,2,59,0,0,0,0,51,7,0,0,0,2,0,0,0,0,0
63,113,76,75,120,0,37,9,0,0,0,0,31,14,0,0,0,0,0,0,0,0,0,0,10,6
130,116,81,71,94,9,37,79,0,0,0,0,0,28,15,0,0,0,0,0,0,0,0,0,0,0
22,92,76,71,94,0,0,0,0,0,0,12,13,0,0,0,0,0,0,0,0,0,0,0,0,0
120,110,97,74,94,0,71,8,0,0,6,60,3,0,0,0,0,10,9,0,0,0,0,0,0,0
97,96,76,71,94,0,0,3,0,33,68,6,0,0,0,0,0,0,0,0,0,0,0,0,0,0
59,77,76,71,94,0,0,18,28,2,0,0,0,0,0,0,0,0,0,0,0,0,0,0,0,0
80,77,76,71,94,6,56,0,8,1,0,0,0,0,0,0,0,0,0,0,0,0,0,0,0,0
101,77,76,71,94,0,5,60,28,1,0,0,0,0,0,0,0,0,0,0,0,0,0,0,0,0
30,108,76,72,97,0,1,3,1,0,0,6,39,0,0,0,0,0,0,0,0,0,0,0,2,0
77,77,76,71,94,12,50,5,1,0,0,0,0,0,0,0,0,0,0,0,0,0,0,0,0,0
72,82,84,92,94,0,0,0,6,56,0,0,3,4,0,0,0,0,0,5,13,1,1,0,0,0
93,102,76,71,94,0,29,38,0,0,0,30,15,0,0,0,0,0,0,0,0,0,0,0,0,0
93,77,76,71,94,1,20,63,0,0,1,1,0,0,0,0,0,0,0,0,0,0,0,0,0,0
151,77,76,71,94,0,15,127,5,0,0,0,0,0,0,0,0,0,0,0,0,0,0,0,0,0
92,79,76,71,94,0,0,26,56,0,2,1,2,0,0,0,0,0,0,0,0,0,0,0,0,0
74,77,76,81,150,2,0,0,37,25,0,0,0,0,0,0,0,0,0,0,0,0,0,0,28,8
90,123,92,74,94,0,0,63,16,3,0,0,0,11,48,0,0,0,0,0,0,1,1,0,0,0
130,77,81,75,94,0,79,37,9,0,0,0,0,0,0,0,0,0,1,5,0,0,0,0,0,0
96,96,76,71,94,1,0,0,18,28,44,17,0,0,0,0,0,0,0,0,0,0,0,0,0,0
63,77,76,71,94,0,0,0,14,40,0,0,0,0,0,0,0,0,0,0,0,0,0,0,0,0
17,115,102,71,94,0,0,0,1,1,1,1,0,0,34,25,0,0,0,0,0,0,0,0,0,0
128,79,76,71,94,0,0,23,23,70,9,0,0,0,0,0,0,0,0,0,0,0,0,0,0,0
62,91,76,71,94,0,0,0,0,18,44,1,4,0,0,0,0,0,0,0,0,0,0,0,0,0
56,82,76,77,117,0,0,0,5,22,24,0,0,0,0,0,0,0,0,0,0,0,0,0,16,0
16,129,155,71,94,0,3,0,0,0,0,0,0,0,58,1,37,20,0,0,0,0,0,0,0,0
58,81,76,71,94,0,5,41,0,0,0,2,5,0,0,0,0,0,0,0,0,0,0,0,0,0
52,82,77,71,94,0,0,0,31,10,0,0,0,5,1,0,0,0,0,0,0,0,0,0,0,0
83,77,76,73,94,1,39,25,9,0,0,0,0,0,0,0,0,0,0,0,0,1,0,0,0,0
66,78,81,74,94,0,38,16,0,0,2,1,1,0,0,0,0,0,4,2,0,0,0,0,0,0
48,85,76,78,99,0,0,0,0,11,35,0,0,0,0,0,0,0,0,0,0,0,4,3,0,0
126,80,77,71,94,0,0,12,50,49,13,0,0,0,0,1,1,0,0,0,0,0,0,0,0,0
76,80,76,71,94,0,0,8,1,48,14,0,0,0,0,0,0,0,0,0,0,0,0,0,0,0
59,77,76,71,94,23,23,1,1,0,0,0,0,0,0,0,0,0,0,0,0,0,0,0,0,0
66,77,78,76,97,0,49,5,0,2,0,0,0,0,0,0,0,0,0,1,4,0,0,0,2,0
20,77,128,71,94,3,0,1,1,2,0,0,0,0,0,0,2,40,0,0,0,0,0,0,0,0
67,102,76,71,94,0,1,1,0,2,53,25,0,0,0,0,0,0,0,0,0,0,0,0,0,0
46,138,85,71,94,0,0,0,0,2,43,0,0,30,29,0,0,0,0,0,0,0,0,0,0,0
78,77,76,71,94,0,0,37,28,4,0,0,0,0,0,0,0,0,0,0,0,0,0,0,0,0
18,112,86,71,94,0,1,1,0,2,0,0,0,13,31,0,0,0,0,0,0,0,0,0,0,0
71,77,79,79,94,0,0,0,6,56,0,0,0,0,0,0,0,0,0,0,7,0,0,0,0,0
81,97,76,72,94,0,30,18,0,0,6,39,0,0,0,0,0,0,0,0,0,0,0,1,0,0
76,77,76,71,94,0,0,23,42,2,0,0,0,0,0,0,0,0,0,0,0,0,0,0,0,0
64,77,76,71,94,3,3,20,29,0,0,0,0,0,0,0,0,0,0,0,0,0,0,0,0,0
105,86,76,71,94,0,0,19,44,6,40,0,0,0,0,0,0,0,0,0,0,0,0,0,0,0
76,119,98,71,94,0,0,2,1,1,45,60,0,0,0,0,7,12,0,0,0,0,0,0,0,0
72,83,76,71,94,0,0,2,5,35,26,0,0,0,0,0,0,0,0,0,0,0,0,0,0,0
115,77,78,73,94,50,59,0,0,0,0,0,0,0,0,0,0,0,0,2,0,0,0,0,0,0
22,170,76,71,94,0,0,0,0,0,0,0,37,67,0,0,0,0,0,0,0,0,0,0,0,0
60,108,109,71,94,1,47,0,0,1,0,0,0,0,13,45,0,0,0,0,0,0,0,0,0,0
77,77,76,71,94,1,0,18,30,19,0,0,0,0,0,0,0,0,0,0,0,0,0,0,0,0
56,77,79,71,94,0,0,0,28,18,0,0,0,0,0,1,2,0,0,0,0,0,0,0,0,0
70,77,76,71,94,2,10,3,46,0,0,0,0,0,0,0,0,0,0,0,0,0,0,0,0,0
87,133,79,71,94,0,0,32,47,0,0,0,0,51,8,0,0,0,0,0,0,0,0,0,0,0
76,77,76,71,94,0,3,0,21,44,0,0,0,0,0,0,0,0,0,0,0,0,0,0,0,0
80,77,76,71,94,38,26,0,6,1,0,0,0,0,0,0,0,0,0,0,0,0,0,0,0,0
83,118,96,71,94,0,15,59,0,0,0,0,0,0,53,5,0,0,0,0,0,0,0,0,0,0
56,85,76,71,94,0,0,0,8,11,36,0,0,0,0,0,0,0,0,0,0,0,0,0,0,0
83,77,76,71,94,25,46,1,1,2,0,0,0,0,0,0,0,0,0,0,0,0,0,0,0,0
76,77,76,71,94,1,1,0,52,13,0,0,0,0,0,0,0,0,0,0,0,0,0,0,0,0
49,90,80,78,94,0,0,0,0,3,42,7,0,0,0,0,0,0,0,5,3,0,0,0,0,0
74,77,76,71,94,0,37,25,2,1,0,0,0,0,0,0,0,0,0,0,0,0,0,0,0,0
93,77,76,109,117,0,0,8,64,12,0,0,0,0,0,0,0,0,0,0,0,0,27,11,0,0
70,90,76,71,94,0,0,5,6,8,56,0,0,0,0,0,0,0,0,0,0,0,0,0,0,0
114,77,76,71,94,0,32,14,0,61,1,0,0,0,0,0,0,0,0,0,0,0,0,0,0,0
90,104,76,71,94,59,7,0,0,0,0,24,21,0,0,0,0,0,0,0,0,0,0,0,0,0
70,86,140,74,94,0,2,1,0,47,15,0,0,0,0,0,23,33,0,0,0,1,1,0,0,0
117,77,76,71,94,0,50,14,33,14,0,0,0,0,0,0,0,0,0,0,0,0,0,0,0,0
85,83,76,71,94,0,1,2,2,51,28,0,0,0,0,0,0,0,0,0,0,0,0,0,0,0
78,77,80,73,94,0,3,23,44,0,0,0,0,0,0,0,0,0,2,2,0,0,0,0,0,0
57,84,79,72,94,0,0,0,5,20,31,0,0,0,0,0,0,1,2,0,0,0,0,0,0,0
87,108,78,72,94,44,19,0,0,0,1,18,27,2,0,0,0,0,2,0,0,0,0,0,0,0
71,77,76,71,94,4,10,41,3,3,0,0,0,0,0,0,0,0,0,0,0,0,0,0,0,0
75,78,76,71,94,52,13,0,0,0,1,2,0,0,0,0,0,0,0,0,0,0,0,0,0,0
18,77,116,85,97,0,1,2,1,1,0,0,0,0,0,0,0,3,38,0,0,0,0,0,0,2
106,77,76,71,94,0,0,68,32,0,0,0,0,0,0,0,0,0,0,0,0,0,0,0,0,0
74,79,76,71,94,0,3,3,0,50,12,0,0,0,0,0,0,0,0,0,0,0,0,0,0,0
87,119,76,71,94,0,0,0,50,12,0,7,53,0,0,0,0,0,0,0,0,0,0,0,0,0
27,116,100,71,94,0,8,6,0,0,0,0,0,0,43,16,0,0,0,0,0,0,0,0,0,0
16,77,104,100,94,0,3,0,0,0,0,0,0,0,0,0,0,0,6,34,0,1,0,0,0,0
67,77,76,71,94,9,37,2,9,1,0,0,0,0,0,0,0,0,0,0,0,0,0,0,0,0
69,110,76,71,94,14,32,2,1,0,0,0,41,4,0,0,0,0,0,0,0,0,0,0,0,0
94,98,78,71,94,0,0,0,0,53,27,27,0,0,0,2,0,0,0,0,0,0,0,0,0,0
96,82,76,71,94,0,37,9,1,24,23,0,0,0,0,0,0,0,0,0,0,0,0,0,0,0
80,77,79,72,94,63,8,0,0,0,0,0,0,0,0,0,0,1,1,0,0,0,0,0,0,0
16,81,97,71,94,1,0,0,0,0,1,1,0,0,0,1,14,5,0,0,0,0,0,0,0,0
107,84,76,71,94,0,0,12,50,17,29,0,0,0,0,0,0,0,0,0,0,0,0,0,0,0
92,77,76,71,94,0,0,31,36,17,0,0,0,0,0,0,0,0,0,0,0,0,0,0,0,0
62,77,76,71,94,0,32,14,2,3,1,0,0,0,0,0,0,0,0,0,0,0,0,0,0,0
18,77,76,121,106,0,2,1,1,2,0,0,0,0,0,0,0,0,0,0,0,14,26,0,0,0
77,77,78,72,94,0,17,36,14,0,2,0,0,0,0,0,0,0,1,1,0,0,0,0,0,0
72,81,76,71,94,0,0,0,2,49,13,2,0,0,0,0,0,0,0,0,0,0,0,0,0,0
56,96,123,71,94,0,0,28,18,0,0,0,0,0,0,23,34,0,0,0,0,0,0,0,0,0
89,102,76,71,94,0,0,37,9,0,18,43,0,0,0,0,0,0,0,0,0,0,0,0,0,0
90,79,76,75,97,0,0,3,0,79,0,0,1,1,0,0,0,0,0,0,0,0,2,2,0,0
59,77,77,72,95,0,12,37,0,0,0,0,0,0,0,1,0,0,0,0,0,0,0,1,0,0
64,77,76,72,95,0,0,3,27,24,0,0,0,0,0,0,0,0,0,0,0,0,0,1,0,0
93,77,76,73,94,13,30,44,0,0,0,0,0,0,0,0,0,0,0,0,0,1,0,0,0,0
103,79,76,71,94,0,32,28,32,0,2,4,0,0,0,0,0,0,0,0,0,0,0,0,0,0
82,77,76,71,94,3,3,4,40,25,0,0,0,0,0,0,0,0,0,0,0,0,0,0,0,0
147,77,78,73,94,0,0,0,26,116,1,0,0,0,0,0,0,0,0,2,1,0,0,0,0,0
56,77,76,72,99,0,32,14,0,0,0,0,0,0,0,0,0,0,0,0,0,0,0,0,4,0
165,77,77,71,94,71,14,14,56,6,0,0,0,0,0,1,0,0,0,0,0,0,0,0,0,0
101,86,76,71,94,10,10,0,50,12,3,17,0,0,0,0,0,0,0,0,0,0,0,0,0,0
59,94,76,71,94,0,2,1,1,2,51,11,0,0,0,0,0,0,0,0,0,0,0,0,0,0
108,92,76,71,94,0,28,18,1,20,44,2,4,0,0,0,0,0,0,0,0,0,0,0,0,0
71,81,77,71,95,0,0,19,44,0,0,0,0,4,1,0,0,0,0,0,0,0,0,0,0,1
35,146,91,71,94,0,1,1,0,0,0,40,5,13,46,0,0,0,0,0,0,0,0,0,0,0
82,97,76,71,94,0,1,25,23,0,7,38,0,0,0,0,0,0,0,0,0,0,0,0,0,0
115,78,76,71,94,0,0,0,2,102,7,0,0,0,0,0,0,0,0,0,0,0,0,0,0,0
62,93,76,71,94,0,0,0,0,2,66,0,0,0,0,0,0,0,0,0,0,0,0,0,0,0
48,87,76,107,120,0,0,0,0,5,42,1,0,0,0,0,0,0,0,0,0,0,22,16,0,0
56,81,76,71,94,0,0,2,0,29,19,0,0,0,0,0,0,0,0,0,0,0,0,0,0,0
176,77,76,71,94,15,50,63,28,18,0,0,0,0,0,0,0,0,0,0,0,0,0,0,0,0
69,107,76,75,102,0,28,18,0,0,0,9,36,0,0,0,0,0,0,0,0,0,1,3,4,0
59,77,79,71,94,0,0,3,37,9,0,0,0,0,0,0,0,2,1,0,0,0,0,0,0,0
114,93,76,71,94,0,0,12,50,0,58,4,0,0,0,0,0,0,0,0,0,0,0,0,0,0
49,88,98,125,98,0,1,2,0,5,41,0,0,0,0,0,7,12,0,0,0,30,9,0,0,0
43,108,83,71,94,0,0,0,0,2,1,58,3,0,0,0,4,2,0,0,0,0,0,0,0,0
64,77,76,71,94,0,0,45,8,2,0,0,0,0,0,0,0,0,0,0,0,0,0,0,0,0
74,78,77,71,94,0,0,44,22,0,0,0,0,0,2,1,0,0,0,0,0,0,0,0,0,0
144,91,77,71,94,0,79,30,0,0,34,11,0,0,1,0,0,0,0,0,0,0,0,0,0,0
79,77,76,71,94,41,26,0,1,2,0,0,0,0,0,0,0,0,0,0,0,0,0,0,0,0
84,92,76,71,94,0,0,0,18,28,27,18,0,0,0,0,0,0,0,0,0,0,0,0,0,0
58,79,99,71,94,37,9,0,0,0,0,3,0,0,0,0,4,15,0,0,0,0,0,0,0,0
64,92,76,71,94,0,0,2,3,3,61,0,0,0,0,0,0,0,0,0,0,0,0,0,0,0
89,87,76,71,97,0,0,0,37,12,43,0,0,0,0,0,0,0,0,0,0,0,0,0,1,1
74,77,76,72,96,25,38,3,0,0,0,0,0,0,0,0,0,0,0,0,0,0,0,1,1,0
87,110,107,71,94,0,0,39,39,0,0,0,0,0,19,39,0,0,0,0,0,0,0,0,0,0
100,96,76,71,94,0,1,15,50,2,11,34,0,0,0,0,0,0,0,0,0,0,0,0,0,0
100,77,76,71,94,23,23,0,5,41,0,1,0,0,0,0,0,0,0,0,0,0,0,0,0,0
76,77,76,71,94,0,6,58,1,0,2,0,0,0,0,0,0,0,0,0,0,0,0,0,0,0
75,77,76,71,94,0,0,59,7,0,0,0,0,0,0,0,0,0,0,0,0,0,0,0,0,0
71,82,77,71,94,0,12,50,0,0,0,0,0,4,3,0,0,0,0,0,0,0,0,0,0,0
90,107,92,71,94,0,57,25,0,0,0,0,0,0,37,7,0,0,0,0,0,0,0,0,0,0
60,98,120,72,94,0,0,1,0,12,49,0,0,0,0,0,38,4,2,0,0,0,0,0,0,0
54,97,76,71,95,3,0,0,0,0,39,22,0,0,0,0,0,0,0,0,0,0,0,0,0,1
81,77,76,71,94,2,58,12,0,0,0,0,0,0,0,0,0,0,0,0,0,0,0,0,0,0
114,99,76,71,94,0,6,14,2,17,91,0,0,0,0,0,0,0,0,0,0,0,0,0,0,0
88,134,76,71,94,0,39,39,0,0,0,0,3,56,0,0,0,0,0,0,0,0,0,0,0,0
45,142,76,71,94,5,6,1,0,0,0,19,49,20,0,0,0,0,0,0,0,0,0,0,0,0
69,79,76,71,94,0,0,0,1,52,9,0,0,0,0,0,0,0,0,0,0,0,0,0,0,0
73,78,77,72,94,0,0,0,25,37,1,2,0,0,0,0,0,0,0,1,0,0,0,0,0,0
77,77,76,71,94,0,0,57,9,2,0,0,0,0,0,0,0,0,0,0,0,0,0,0,0,0
78,77,76,71,94,1,1,0,44,21,2,0,0,0,0,0,0,0,0,0,0,0,0,0,0,0
58,101,76,71,94,0,1,10,1,0,23,38,0,0,0,0,0,0,0,0,0,0,0,0,0,0
14,115,102,71,101,0,0,0,0,0,0,1,0,0,36,23,0,0,0,0,0,0,0,0,0,4
45,127,102,71,94,0,0,0,1,1,6,55,0,0,5,38,0,0,0,0,0,0,0,0,0,0
124,87,76,71,94,2,1,20,45,20,41,0,0,0,0,0,0,0,0,0,0,0,0,0,0,0
68,78,76,71,94,0,0,26,30,2,0,0,1,0,0,0,0,0,0,0,0,0,0,0,0,0
80,96,76,71,94,0,0,37,9,0,12,33,0,0,0,0,0,0,0,0,0,0,0,0,0,0
76,77,76,71,94,0,2,41,25,0,0,0,0,0,0,0,0,0,0,0,0,0,0,0,0,0
63,77,76,71,94,0,36,17,0,0,0,0,0,0,0,0,0,0,0,0,0,0,0,0,0,0
172,77,76,71,94,19,44,37,9,60,2,0,0,0,0,0,0,0,0,0,0,0,0,0,0,0
21,148,83,71,94,0,0,0,3,1,0,6,0,53,22,0,0,0,0,0,0,0,0,0,0,0
89,77,76,82,94,0,0,49,32,0,0,0,0,0,0,0,0,0,0,0,0,6,1,0,0,0
80,77,76,71,94,0,5,42,25,0,0,0,0,0,0,0,0,0,0,0,0,0,0,0,0,0
72,79,77,75,103,0,0,0,62,0,0,0,2,1,0,0,0,0,0,0,2,1,0,0,2,3
74,111,88,72,94,0,2,26,37,0,0,0,0,9,35,0,0,0,1,0,0,0,0,0,0,0
91,104,76,71,94,9,39,2,0,0,8,52,0,0,0,0,0,0,0,0,0,0,0,0,0,0
102,77,76,71,94,0,0,55,39,0,0,0,0,0,0,0,0,0,0,0,0,0,0,0,0,0
78,77,76,71,94,0,1,2,3,61,2,0,0,0,0,0,0,0,0,0,0,0,0,0,0,0
65,130,82,71,94,0,9,23,23,0,0,0,0,41,18,0,0,0,0,0,0,0,0,0,0,0
75,77,76,71,94,0,0,5,54,6,0,0,0,0,0,0,0,0,0,0,0,0,0,0,0,0
109,78,77,71,94,0,0,59,43,0,0,0,0,1,1,0,0,0,0,0,0,0,0,0,0,0
79,77,76,71,94,0,6,57,7,0,0,0,0,0,0,0,0,0,0,0,0,0,0,0,0,0
77,77,76,71,94,19,44,6,0,0,0,0,0,0,0,0,0,0,0,0,0,0,0,0,0,0
76,77,76,71,94,0,0,65,2,0,0,0,0,0,0,0,0,0,0,0,0,0,0,0,0,0
45,94,76,71,94,0,0,0,0,0,32,18,1,0,0,0,0,0,0,0,0,0,0,0,0,0
15,77,79,126,94,1,1,0,0,0,0,0,0,0,0,0,0,0,0,0,8,31,0,0,0,0
99,97,76,71,94,0,0,9,38,1,46,18,0,0,0,0,0,0,0,0,0,0,0,0,0,0
33,165,89,71,94,2,1,0,0,0,0,15,45,18,41,0,0,0,0,0,0,0,0,0,0,0
69,77,76,71,94,40,19,0,0,0,0,0,0,0,0,0,0,0,0,0,0,0,0,0,0,0
65,113,76,71,95,0,0,0,32,16,1,0,28,16,0,0,0,0,0,0,0,0,0,0,1,0
78,77,76,71,94,10,39,4,17,0,0,0,0,0,0,0,0,0,0,0,0,0,0,0,0,0
56,77,76,74,103,0,5,41,0,0,0,0,0,0,0,0,0,0,0,0,0,2,1,0,0,4
168,97,76,76,97,9,37,0,0,57,83,0,0,0,0,0,0,0,0,0,0,0,4,2,0,0
56,79,76,75,99,0,0,18,28,0,0,0,1,1,0,0,0,0,0,0,0,0,0,5,0,0
56,110,88,71,94,0,0,41,5,0,0,0,0,7,37,0,0,0,0,0,0,0,0,0,0,0
87,110,81,71,94,0,0,0,0,8,82,19,0,0,1,7,0,0,0,0,0,0,0,0,0,0
61,79,77,71,94,29,20,1,0,0,0,0,0,2,1,0,0,0,0,0,0,0,0,0,0,0
128,98,76,71,94,0,16,63,0,0,46,16,3,0,0,0,0,0,0,0,0,0,0,0,0,0
80,78,76,71,94,6,16,6,41,0,1,1,0,0,0,0,0,0,0,0,0,0,0,0,0,0
69,144,96,71,94,0,14,8,1,11,35,0,0,16,58,0,0,1,1,0,0,0,0,0,0,0
86,82,76,71,94,2,0,3,0,57,22,0,0,0,0,0,0,0,0,0,0,0,0,0,0,0
88,97,77,71,94,5,45,6,0,0,5,40,0,0,0,0,0,0,1,0,0,0,0,0,0,0
133,77,76,71,94,0,46,2,24,55,0,0,0,0,0,0,0,0,0,0,0,0,0,0,0,0
59,77,125,75,94,2,1,5,41,0,0,0,0,0,0,0,0,30,11,0,0,0,0,0,0,0
69,81,86,72,94,0,0,0,0,53,9,0,0,0,0,2,6,1,2,0,0,0,0,0,0,0
74,77,76,71,94,19,44,0,0,1,2,0,0,0,0,0,0,0,0,0,0,0,0,0,0,0
96,78,76,71,94,8,1,0,0,74,7,0,0,0,0,0,0,0,0,0,0,0,0,0,0,0
117,77,76,71,94,0,0,50,22,39,0,0,0,0,0,0,0,0,0,0,0,0,0,0,0,0
58,93,76,71,94,0,2,0,0,0,58,4,0,0,0,0,0,0,0,0,0,0,0,0,0,0
78,77,83,75,94,0,37,15,16,2,0,0,0,0,0,0,0,0,5,3,0,0,0,0,0,0
61,77,76,71,94,0,0,21,30,0,0,0,0,0,0,0,0,0,0,0,0,0,0,0,0,0
97,95,113,130,94,0,0,31,31,0,17,28,0,0,0,0,0,0,0,47,21,0,0,0,0,0
25,87,84,74,94,3,0,0,0,0,0,19,1,0,0,0,0,0,7,1,0,0,0,0,0,0
78,78,76,71,94,37,25,3,3,0,0,3,0,0,0,0,0,0,0,0,0,0,0,0,0,0
62,93,83,76,94,2,2,2,1,0,54,7,0,0,0,0,0,0,4,4,0,0,0,0,0,0
87,77,78,76,94,0,0,39,39,0,0,0,0,0,0,0,0,0,0,0,4,1,0,0,0,0
74,77,76,74,95,0,0,37,26,2,0,0,0,0,0,0,0,0,0,0,0,0,2,0,0,0
59,128,85,71,94,2,14,32,0,0,0,0,0,31,28,0,0,0,0,0,0,0,0,0,0,0
71,110,107,71,94,0,0,0,0,62,0,0,0,0,20,38,0,0,0,0,0,0,0,0,0,0
117,77,76,71,94,37,73,2,0,0,0,0,0,0,0,0,0,0,0,0,0,0,0,0,0,0
63,106,76,71,94,0,0,0,3,3,35,42,0,0,0,0,0,0,0,0,0,0,0,0,0,0
27,124,80,78,95,4,9,1,0,0,0,0,0,39,12,0,0,0,0,0,0,3,3,0,0,0
84,95,76,71,94,0,1,2,18,28,17,28,0,0,0,0,0,0,0,0,0,0,0,0,0,0
140,110,76,71,94,0,0,8,71,37,9,8,37,0,0,0,0,0,0,0,0,0,0,0,0,0
26,88,76,71,94,1,3,2,0,0,0,14,6,0,0,0,0,0,0,0,0,0,0,0,0,0
15,109,108,77,94,0,0,0,0,2,0,0,0,0,14,44,0,0,0,0,0,3,1,0,0,0
91,114,76,71,94,0,27,40,3,7,0,0,24,20,0,0,0,0,0,0,0,0,0,0,0,0
66,77,76,77,94,0,28,21,6,0,1,0,0,0,0,0,0,0,0,0,0,3,1,0,0,0
80,77,76,71,94,2,7,0,19,43,0,0,0,0,0,0,0,0,0,0,0,0,0,0,0,0
73,95,76,75,99,0,37,25,0,0,0,0,5,15,0,0,0,0,0,0,0,0,1,5,0,0
87,77,115,131,94,24,55,0,0,0,0,0,0,0,0,0,0,0,0,52,18,1,0,0,0,0
57,81,76,71,94,0,0,0,0,39,8,5,0,0,0,0,0,0,0,0,0,0,0,0,0,0
76,77,76,81,95,0,45,19,2,2,0,0,0,0,0,0,0,0,0,0,0,6,2,0,0,0
52,82,81,72,94,0,0,0,0,28,18,1,0,0,0,0,0,1,3,0,0,0,0,0,0,0
64,135,95,72,97,0,43,11,0,0,0,0,0,15,60,0,0,0,0,0,0,0,0,1,2,0
16,135,76,71,94,2,1,0,0,0,0,0,0,59,0,0,0,0,0,0,0,0,0,0,0,0
82,77,76,71,101,0,1,4,50,19,0,0,0,0,0,0,0,0,0,0,0,0,0,0,0,4
76,77,81,75,95,0,0,1,47,19,0,0,0,0,0,0,0,0,2,4,0,0,0,0,1,0
80,141,93,71,94,0,0,28,18,0,10,35,0,7,52,0,0,0,0,0,0,0,0,0,0,0
62,91,78,71,94,0,0,0,2,17,46,0,0,0,3,1,0,0,0,0,0,0,0,0,0,0
65,77,76,71,94,0,47,8,0,0,0,0,0,0,0,0,0,0,0,0,0,0,0,0,0,0
77,77,76,71,94,0,2,63,2,1,0,0,0,0,0,0,0,0,0,0,0,0,0,0,0,0
56,123,85,71,94,18,28,0,0,0,0,0,0,27,27,0,0,0,0,0,0,0,0,0,0,0
48,90,76,71,95,0,5,0,0,0,38,8,0,0,0,0,0,0,0,0,0,0,0,0,0,1
74,78,76,71,94,19,45,1,0,0,0,0,0,1,0,0,0,0,0,0,0,0,0,0,0,0
60,78,91,112,94,1,2,32,14,0,0,2,1,0,0,0,0,0,0,8,32,0,0,0,0,0
71,120,76,71,94,0,0,0,0,60,2,0,0,44,0,0,0,0,0,0,0,0,0,0,0,0
82,78,76,71,94,2,1,0,4,64,5,0,0,0,0,0,0,0,0,0,0,0,0,0,0,0
92,87,76,71,94,18,28,0,3,5,41,0,0,0,0,0,0,0,0,0,0,0,0,0,0,0
117,77,76,71,94,56,25,28,2,1,0,0,0,0,0,0,0,0,0,0,0,0,0,0,0,0
85,106,76,71,94,46,0,0,0,0,1,60,0,0,0,0,0,0,0,0,0,0,0,0,0,0
57,130,83,71,94,28,18,0,0,0,1,0,0,38,21,0,0,0,0,0,0,0,0,0,0,0
60,107,104,98,94,0,0,3,0,0,32,45,0,0,0,0,0,0,8,32,0,0,0,0,0,0
78,116,76,71,94,0,2,0,0,18,44,19,26,0,0,0,0,0,0,0,0,0,0,0,0,0
72,78,81,71,94,12,50,0,0,0,0,0,0,0,0,0,4,1,0,0,0,0,0,0,0,0
69,77,76,71,94,1,1,1,26,28,2,0,0,0,0,0,0,0,0,0,0,0,0,0,0,0
71,77,121,146,94,0,0,44,19,0,0,0,0,0,0,0,0,0,4,49,33,0,0,0,0,0
67,77,76,71,94,20,33,0,2,2,1,0,0,0,0,0,0,0,0,0,0,0,0,0,0,0
80,77,76,71,94,19,44,6,1,3,0,0,0,0,0,0,0,0,0,0,0,0,0,0,0,0
53,121,98,71,94,0,0,0,0,31,14,0,0,0,47,11,0,0,0,0,0,0,0,0,0,0
107,103,77,71,94,0,0,0,53,12,20,41,0,1,1,0,0,0,0,0,0,0,0,0,0,0
83,145,85,71,94,37,9,0,0,0,21,24,0,33,27,0,0,0,0,0,0,0,0,0,0,0
68,83,76,71,94,0,0,0,2,36,28,0,0,0,0,0,0,0,0,0,0,0,0,0,0,0
65,103,136,77,94,0,1,2,0,0,54,23,0,0,0,2,3,32,16,0,0,0,0,0,0,0
97,77,76,73,96,0,1,32,56,0,0,0,0,0,0,0,0,0,0,0,0,0,0,2,0,0
76,77,76,71,94,0,0,0,45,22,0,0,0,0,0,0,0,0,0,0,0,0,0,0,0,0
77,77,76,71,94,62,3,2,0,0,0,0,0,0,0,0,0,0,0,0,0,0,0,0,0,0
77,77,76,71,94,0,19,48,2,0,0,0,0,0,0,0,0,0,0,0,0,0,0,0,0,0
90,77,76,71,94,0,0,39,42,1,0,0,0,0,0,0,0,0,0,0,0,0,0,0,0,0
76,92,76,126,98,0,0,12,8,0,61,0,0,0,0,0,0,0,0,0,0,34,5,0,1,0
97,94,76,71,94,0,0,0,25,37,20,25,0,0,0,0,0,0,0,0,0,0,0,0,0,0
130,77,76,71,94,0,37,17,71,0,0,0,0,0,0,0,0,0,0,0,0,0,0,0,0,0
90,101,76,71,94,0,0,18,28,0,21,40,0,0,0,0,0,0,0,0,0,0,0,0,0,0
78,78,79,71,94,0,3,1,12,51,1,0,0,0,0,1,2,0,0,0,0,0,0,0,0,0
73,83,76,71,94,0,1,2,3,41,21,2,1,0,0,0,0,0,0,0,0,0,0,0,0,0
116,81,76,71,94,0,0,0,66,42,0,1,5,0,0,0,0,0,0,0,0,0,0,0,0,0
59,79,77,71,94,12,37,0,0,0,0,0,0,2,1,0,0,0,0,0,0,0,0,0,0,0
80,77,76,74,96,3,6,0,43,19,0,0,0,0,0,0,0,0,0,0,0,0,1,2,0,0
132,77,76,71,94,12,50,51,14,0,0,0,0,0,0,0,0,0,0,0,0,0,0,0,0,0
117,79,76,71,94,25,37,9,37,0,0,3,1,0,0,0,0,0,0,0,0,0,0,0,0,0
79,78,76,71,94,21,0,3,2,42,4,0,0,0,0,0,0,0,0,0,0,0,0,0,0,0
145,77,76,71,94,6,56,0,79,0,0,0,0,0,0,0,0,0,0,0,0,0,0,0,0,0
61,77,76,71,95,2,39,9,0,0,0,0,0,0,0,0,0,0,0,0,0,0,0,0,0,1
15,85,169,86,94,0,0,0,0,0,2,1,0,0,0,0,30,23,36,0,0,1,0,0,0,0
59,81,76,71,94,0,11,38,0,0,0,0,1,4,0,0,0,0,0,0,0,0,0,0,0,0
50,88,76,71,94,2,1,0,0,2,46,0,0,0,0,0,0,0,0,0,0,0,0,0,0,0
64,103,106,71,94,0,0,0,0,31,31,0,0,0,0,34,9,0,0,0,0,0,0,0,0,0
38,123,77,71,94,0,4,17,1,1,0,6,1,42,2,0,0,0,0,0,0,0,0,0,0,0
74,83,76,71,94,0,0,0,43,19,0,1,8,0,0,0,0,0,0,0,0,0,0,0,0,0
65,77,76,71,94,0,0,14,33,7,2,0,0,0,0,0,0,0,0,0,0,0,0,0,0,0
49,102,76,71,94,0,1,2,0,0,20,41,0,0,0,0,0,0,0,0,0,0,0,0,0,0
87,142,76,71,94,37,25,0,0,0,0,2,59,21,0,0,0,0,0,0,0,0,0,0,0,0
53,111,87,71,94,0,2,0,3,0,26,36,0,0,3,16,0,0,0,0,0,0,0,0,0,0
71,113,103,71,94,0,0,12,50,0,0,0,0,0,31,27,0,0,0,0,0,0,0,0,0,0
66,87,79,71,94,0,1,2,0,28,33,0,0,0,0,5,0,0,0,0,0,0,0,0,0,0
56,77,77,81,94,0,32,14,0,0,0,0,0,0,0,0,0,0,0,0,3,5,0,0,0,0
71,79,77,71,94,0,0,0,0,60,2,0,0,0,2,0,0,0,0,0,0,0,0,0,0,0
87,106,93,81,96,0,0,0,24,55,0,0,0,0,33,11,0,0,0,0,0,3,4,0,0,0
74,77,76,77,94,1,20,44,0,0,0,0,0,0,0,0,0,0,0,0,0,3,1,0,0,0
119,77,76,71,94,44,19,39,12,0,0,0,0,0,0,0,0,0,0,0,0,0,0,0,0,0
59,77,76,71,94,0,2,28,18,0,0,0,0,0,0,0,0,0,0,0,0,0,0,0,0,0
75,77,76,71,94,19,44,0,1,2,2,0,0,0,0,0,0,0,0,0,0,0,0,0,0,0
74,77,76,74,104,3,0,0,19,43,0,0,0,0,0,0,0,0,0,0,0,0,0,0,7,0
50,105,76,71,94,0,3,4,1,0,6,55,0,0,0,0,0,0,0,0,0,0,0,0,0,0
60,82,76,71,94,0,0,0,1,33,21,0,0,0,0,0,0,0,0,0,0,0,0,0,0,0
77,77,76,71,94,0,0,45,22,1,0,0,0,0,0,0,0,0,0,0,0,0,0,0,0,0
67,77,76,71,94,0,33,23,2,0,0,0,0,0,0,0,0,0,0,0,0,0,0,0,0,0
87,105,76,71,95,46,0,0,0,0,7,54,0,0,0,0,0,0,0,0,0,0,0,0,1,0
92,108,91,71,94,0,47,32,3,2,0,0,0,0,39,4,0,0,0,0,0,0,0,0,0,0
64,77,76,71,94,0,46,2,5,1,0,0,0,0,0,0,0,0,0,0,0,0,0,0,0,0
82,94,76,71,94,0,0,5,41,0,21,24,0,0,0,0,0,0,0,0,0,0,0,0,0,0
71,81,76,71,94,2,1,0,0,46,17,1,0,0,0,0,0,0,0,0,0,0,0,0,0,0
80,96,76,71,94,0,0,9,37,0,11,34,0,0,0,0,0,0,0,0,0,0,0,0,0,0
132,94,78,72,94,0,38,25,0,10,70,0,0,0,0,0,0,0,1,1,0,0,0,0,0,0
81,77,76,71,94,4,67,0,0,0,1,1,0,0,0,0,0,0,0,0,0,0,0,0,0,0
65,111,77,73,94,0,28,18,0,0,0,0,37,7,0,0,0,0,0,0,2,0,0,0,0,0
54,97,80,78,94,0,0,0,0,2,42,20,0,0,0,0,0,0,0,5,3,0,0,0,0,0
92,99,76,71,94,0,50,12,0,0,0,44,1,0,0,0,0,0,0,0,0,0,0,0,0,0
79,77,76,71,94,2,57,6,3,1,0,0,0,0,0,0,0,0,0,0,0,0,0,0,0,0
99,93,77,71,94,0,0,0,25,37,27,19,0,0,1,0,0,0,0,0,0,0,0,0,0,0
55,80,76,71,94,0,1,2,0,33,13,0,0,0,0,0,0,0,0,0,0,0,0,0,0,0
110,100,76,71,94,0,0,28,20,19,27,34,0,0,0,0,0,0,0,0,0,0,0,0,0,0
76,77,76,71,94,0,6,59,2,0,0,0,0,0,0,0,0,0,0,0,0,0,0,0,0,0
16,149,152,88,94,0,2,1,0,0,0,0,0,69,6,0,0,24,47,0,0,0,0,0,0,0
114,96,76,71,94,0,0,1,8,58,43,19,0,0,0,0,0,0,0,0,0,0,0,0,0,0
142,77,76,71,94,42,5,9,46,37,0,0,0,0,0,0,0,0,0,0,0,0,0,0,0,0
90,100,101,71,94,0,34,47,0,0,0,0,0,0,8,35,0,0,0,0,0,0,0,0,0,0
38,133,76,71,94,0,3,3,0,0,0,5,72,1,0,0,0,0,0,0,0,0,0,0,0,0
71,107,76,71,94,3,0,0,18,28,0,9,36,0,0,0,0,0,0,0,0,0,0,0,0,0
61,77,76,71,94,2,15,34,0,0,0,0,0,0,0,0,0,0,0,0,0,0,0,0,0,0
46,92,84,88,94,0,3,0,0,1,33,15,0,0,0,0,0,0,0,8,10,0,0,0,0,0
133,77,76,71,94,23,23,57,24,0,0,0,0,0,0,0,0,0,0,0,0,0,0,0,0,0
146,77,76,71,94,113,28,0,0,0,0,0,0,0,0,0,0,0,0,0,0,0,0,0,0,0
157,77,76,71,94,0,37,9,34,74,0,0,0,0,0,0,0,0,0,0,0,0,0,0,0,0
15,83,95,71,94,0,0,0,0,2,0,0,0,0,0,3,18,0,0,0,0,0,0,0,0,0
25,125,87,71,94,0,0,1,2,2,0,6,14,11,32,0,0,0,0,0,0,0,0,0,0,0
76,77,76,71,94,2,0,1,37,25,1,0,0,0,0,0,0,0,0,0,0,0,0,0,0,0
75,77,76,71,97,0,1,0,19,46,0,0,0,0,0,0,0,0,0,0,0,0,0,0,1,1
85,88,76,81,96,0,0,0,7,34,47,0,0,0,0,0,0,0,0,0,0,4,4,0,0,0
71,108,92,71,94,0,0,0,50,12,0,0,0,0,39,6,0,0,0,0,0,0,0,0,0,0
30,127,121,71,94,1,2,0,0,0,0,3,58,0,0,0,27,15,0,0,0,0,0,0,0,0
59,77,76,71,94,42,5,2,0,0,0,0,0,0,0,0,0,0,0,0,0,0,0,0,0,0
76,77,76,72,122,3,0,20,45,0,0,0,0,0,0,0,0,0,0,0,0,0,0,0,4,12
70,81,79,71,94,0,1,2,0,45,17,0,0,0,0,0,0,2,0,0,0,0,0,0,0,0
67,91,76,72,95,0,2,1,0,17,47,6,0,0,0,0,0,0,0,0,0,0,0,1,0,0
15,118,77,73,105,0,0,0,0,0,0,0,9,35,0,1,0,0,0,0,0,0,0,0,5,2
71,77,76,72,160,0,56,6,0,0,0,0,0,0,0,0,0,0,0,0,0,0,0,0,2,33
74,77,76,71,94,0,57,8,0,0,0,0,0,0,0,0,0,0,0,0,0,0,0,0,0,0
96,77,76,71,94,5,4,0,1,79,0,0,0,0,0,0,0,0,0,0,0,0,0,0,0,0
116,90,76,71,94,0,0,50,12,8,54,0,0,0,0,0,0,0,0,0,0,0,0,0,0,0
93,95,77,72,94,0,0,29,30,0,16,29,0,0,0,0,0,0,0,1,0,0,0,0,0,0
71,81,76,73,105,0,0,2,1,45,20,0,0,0,0,0,0,0,0,0,0,0,0,0,4,3
67,77,76,71,94,0,9,49,0,0,0,0,0,0,0,0,0,0,0,0,0,0,0,0,0,0
71,130,85,72,106,0,0,0,6,56,0,0,0,35,25,2,0,0,0,0,0,0,0,0,3,4
28,148,76,71,94,0,0,0,0,0,0,9,47,33,0,0,0,0,0,0,0,0,0,0,0,0
81,89,76,71,94,19,44,2,0,0,0,8,12,0,0,0,0,0,0,0,0,0,0,0,0,0
71,80,79,71,94,2,1,0,0,49,13,0,0,0,0,0,1,2,0,0,0,0,0,0,0,0
70,106,76,71,94,0,0,46,0,0,0,14,30,0,0,0,0,0,0,0,0,0,0,0,0,0
148,87,78,71,94,23,23,6,56,5,41,0,0,0,0,0,1,1,0,0,0,0,0,0,0,0
79,77,76,71,94,62,3,4,1,0,0,0,0,0,0,0,0,0,0,0,0,0,0,0,0,0
74,78,76,71,94,0,0,1,3,56,7,0,0,0,0,0,0,0,0,0,0,0,0,0,0,0
65,88,76,71,94,2,1,2,1,13,48,0,0,0,0,0,0,0,0,0,0,0,0,0,0,0
47,170,109,71,94,0,0,0,4,18,1,0,52,24,12,46,0,0,0,0,0,0,0,0,0,0
92,86,76,71,94,0,11,37,0,7,39,0,0,0,0,0,0,0,0,0,0,0,0,0,0,0
91,88,76,71,94,0,37,25,3,2,16,4,5,1,0,0,0,0,0,0,0,0,0,0,0,0
121,77,76,71,94,0,3,43,44,25,1,0,0,0,0,0,0,0,0,0,0,0,0,0,0,0
14,122,95,71,94,0,0,0,0,0,1,0,0,7,52,0,2,1,0,0,0,0,0,0,0,0
56,77,77,77,94,0,0,0,46,0,0,0,0,0,0,0,0,0,0,0,0,4,0,0,0,0
65,77,76,71,94,0,1,18,37,0,0,0,0,0,0,0,0,0,0,0,0,0,0,0,0,0
89,89,77,79,94,0,0,3,28,18,39,6,0,0,0,0,0,0,0,0,1,5,0,0,0,0
49,93,80,72,94,0,2,3,0,0,34,15,0,0,0,0,1,1,2,0,0,0,0,0,0,0
77,77,76,71,94,20,46,1,2,0,0,0,0,0,0,0,0,0,0,0,0,0,0,0,0,0
71,77,77,78,96,0,0,19,44,0,0,0,0,0,0,0,0,0,0,0,1,1,3,1,0,0
77,163,76,71,94,0,0,3,0,0,35,42,71,5,0,0,0,0,0,0,0,0,0,0,0,0
19,114,76,99,129,0,0,0,0,0,0,0,23,21,0,0,0,0,0,0,0,0,2,35,0,0
27,88,76,71,94,0,1,0,1,4,0,14,6,0,0,0,0,0,0,0,0,0,0,0,0,0
142,124,76,71,94,0,0,0,0,42,97,45,0,1,0,0,0,0,0,0,0,0,0,0,0,0
61,80,76,71,94,0,0,41,5,0,4,5,0,0,0,0,0,0,0,0,0,0,0,0,0,0
75,81,82,73,94,0,1,32,31,0,0,4,3,0,0,0,0,1,4,0,0,0,0,0,0,0
133,78,76,71,94,0,0,65,12,50,0,1,1,0,0,0,0,0,0,0,0,0,0,0,0,0
108,85,78,71,94,0,0,5,41,28,36,0,0,0,0,0,0,0,1,0,0,0,0,0,0,0
13,85,175,77,94,0,0,0,0,0,0,0,0,0,0,0,34,42,15,0,0,0,0,0,0,0
25,113,77,71,94,1,2,0,0,0,0,0,39,6,2,0,0,0,0,0,0,0,0,0,0,0
116,94,76,71,94,71,8,2,1,0,21,25,0,0,0,0,0,0,0,0,0,0,0,0,0,0
16,133,81,71,94,2,1,0,0,0,0,0,3,44,15,0,0,0,0,0,0,0,0,0,0,0
114,77,76,71,94,0,0,62,32,14,0,0,0,0,0,0,0,0,0,0,0,0,0,0,0,0
116,77,76,71,94,0,15,32,12,50,0,0,0,0,0,0,0,0,0,0,0,0,0,0,0,0
13,77,77,108,125,0,0,0,0,0,0,0,0,0,0,0,0,0,0,0,2,2,10,27,0,0
64,106,76,72,99,0,18,6,0,0,3,58,0,0,0,0,0,0,0,0,0,0,0,0,4,0
66,77,76,71,94,2,44,9,0,0,1,1,0,0,0,0,0,0,0,0,0,0,0,0,0,0
77,77,76,71,98,0,4,2,25,37,0,0,0,0,0,0,0,0,0,0,0,0,0,0,0,2
78,116,76,71,94,0,0,0,0,3,53,54,0,0,0,0,0,0,0,0,0,0,0,0,0,0
47,87,78,77,96,0,0,0,0,7,38,0,0,1,1,0,0,0,0,2,0,0,3,1,0,0
59,77,76,71,94,46,0,0,2,1,0,0,0,0,0,0,0,0,0,0,0,0,0,0,0,0
74,77,76,71,97,0,2,1,31,31,0,0,0,0,0,0,0,0,0,0,0,0,0,0,0,2
62,91,79,71,94,0,0,2,0,15,47,0,0,0,1,3,0,0,0,0,0,0,0,0,0,0
57,126,90,71,94,0,0,23,23,0,0,0,2,16,44,0,0,0,0,0,0,0,0,0,0,0
71,77,76,71,94,3,1,52,7,0,0,0,0,0,0,0,0,0,0,0,0,0,0,0,0,0
30,200,80,71,95,0,0,0,0,0,1,11,48,87,10,0,0,0,0,0,0,0,0,0,1,0
100,100,76,71,94,0,0,31,24,0,29,32,0,0,0,0,0,0,0,0,0,0,0,0,0,0
56,77,104,98,94,0,0,46,0,0,0,0,0,0,0,1,0,0,6,34,0,0,0,0,0,0
76,79,77,71,94,0,0,0,48,19,0,0,0,0,2,0,0,0,0,0,0,0,0,0,0,0
52,98,76,71,94,0,0,0,0,2,36,25,0,0,0,0,0,0,0,0,0,0,0,0,0,0
86,107,76,72,95,0,0,0,2,12,63,31,0,0,0,0,0,0,0,0,0,0,0,1,0,0
58,114,93,71,94,18,28,1,0,0,0,0,0,0,50,1,0,0,0,0,0,0,0,0,0,0
72,77,76,71,94,38,16,7,2,0,0,0,0,0,0,0,0,0,0,0,0,0,0,0,0,0
74,77,76,71,94,19,44,0,2,0,0,0,0,0,0,0,0,0,0,0,0,0,0,0,0,0
80,77,76,71,94,0,19,44,5,5,0,0,0,0,0,0,0,0,0,0,0,0,0,0,0,0
149,77,76,71,94,0,47,38,56,3,1,0,0,0,0,0,0,0,0,0,0,0,0,0,0,0
77,79,76,71,94,0,0,3,4,55,8,0,0,0,0,0,0,0,0,0,0,0,0,0,0,0
75,78,76,71,94,0,1,2,62,0,0,2,0,0,0,0,0,0,0,0,0,0,0,0,0,0
79,77,76,71,94,1,1,0,53,14,0,0,0,0,0,0,0,0,0,0,0,0,0,0,0,0
80,98,76,71,94,14,32,0,0,0,6,40,0,0,0,0,0,0,0,0,0,0,0,0,0,0
64,79,77,72,160,0,0,38,16,0,0,0,0,2,0,0,0,0,0,0,0,0,0,0,2,32
163,79,81,71,94,2,1,47,55,55,0,0,0,0,0,5,1,0,0,0,0,0,0,0,0,0
108,101,76,71,94,0,0,0,0,33,91,0,2,1,0,0,0,0,0,0,0,0,0,0,0,0
123,92,76,71,94,0,1,39,25,24,38,0,0,6,0,0,0,0,0,0,0,0,0,0,0,0
99,112,76,71,94,0,12,71,0,0,0,0,33,11,0,0,0,0,0,0,0,0,0,0,0,0
78,77,76,74,95,0,56,6,4,4,0,0,0,0,0,0,0,0,0,0,0,0,2,0,0,0
68,164,99,71,94,0,0,0,14,32,0,4,40,2,73,0,0,0,0,0,0,0,0,0,0,0
116,84,92,71,94,0,0,5,91,13,2,0,0,0,0,9,10,0,0,0,0,0,0,0,0,0
56,86,76,71,94,0,0,2,0,14,40,0,0,0,0,0,0,0,0,0,0,0,0,0,0,0
59,84,76,71,94,0,0,1,1,33,13,8,1,0,0,0,0,0,0,0,0,0,0,0,0,0
36,127,92,73,99,0,0,0,0,0,7,38,0,0,37,7,0,0,0,0,0,0,0,2,2,1
78,107,76,71,94,0,0,2,0,42,3,36,16,0,0,0,0,0,0,0,0,0,0,0,0,0
58,97,145,71,94,3,0,0,0,2,47,14,0,0,0,0,8,49,0,0,0,0,0,0,0,0
130,77,76,74,94,0,6,81,37,0,0,0,0,0,0,0,0,0,0,0,0,1,1,0,0,0
18,77,84,165,109,0,0,1,3,0,0,0,0,0,0,0,0,0,0,0,24,22,32,0,0,0
56,77,153,88,95,23,23,0,0,0,0,0,0,0,0,0,0,31,39,0,0,0,1,1,0,0
65,77,76,71,94,0,32,18,5,0,0,0,0,0,0,0,0,0,0,0,0,0,0,0,0,0
45,143,105,71,94,2,0,0,0,0,32,14,0,0,59,16,0,0,0,0,0,0,0,0,0,0
64,77,78,71,94,22,30,0,2,1,0,0,0,0,0,0,0,1,1,0,0,0,0,0,0,0
102,77,76,71,95,0,5,43,33,14,0,0,0,0,0,0,0,0,0,0,0,0,0,0,1,0
72,77,76,71,94,0,0,5,37,22,0,0,0,0,0,0,0,0,0,0,0,0,0,0,0,0
61,115,108,71,94,0,4,5,0,24,25,0,0,0,16,42,0,0,0,0,0,0,0,0,0,0
145,77,76,71,94,0,0,0,20,120,0,0,0,0,0,0,0,0,0,0,0,0,0,0,0,0
75,82,76,71,94,50,12,1,1,0,0,0,5,1,0,0,0,0,0,0,0,0,0,0,0,0
114,77,98,108,94,0,0,28,62,19,0,0,0,0,0,0,0,0,0,29,13,1,0,0,0,0
57,81,76,71,94,0,0,0,3,34,12,2,0,0,0,0,0,0,0,0,0,0,0,0,0,0
102,110,76,71,94,1,2,0,3,15,81,28,0,0,0,0,0,0,0,0,0,0,0,0,0,0
99,92,76,71,94,0,0,18,28,0,61,0,0,0,0,0,0,0,0,0,0,0,0,0,0,0
68,77,76,71,94,15,40,3,0,0,0,0,0,0,0,0,0,0,0,0,0,0,0,0,0,0
15,110,110,71,94,0,0,0,0,0,0,1,3,0,8,50,0,0,0,0,0,0,0,0,0,0
15,140,104,72,94,0,0,2,0,0,0,0,0,20,46,21,0,0,0,0,0,0,1,0,0,0
74,77,76,71,94,0,0,57,8,0,0,0,0,0,0,0,0,0,0,0,0,0,0,0,0,0
61,77,76,71,94,0,0,40,11,0,0,0,0,0,0,0,0,0,0,0,0,0,0,0,0,0
54,82,76,71,94,2,1,0,0,24,21,0,0,0,0,0,0,0,0,0,0,0,0,0,0,0
64,99,76,71,94,0,0,11,19,0,10,35,0,3,0,0,0,0,0,0,0,0,0,0,0,0
54,100,113,71,94,0,0,0,0,39,7,0,0,7,1,12,30,0,0,0,0,0,0,0,0,0
71,77,76,73,95,0,0,0,56,6,0,0,0,0,0,0,0,0,0,0,0,0,2,0,0,0
70,96,81,77,94,0,0,0,1,2,76,2,0,0,0,0,0,0,0,8,0,0,0,0,0,0
64,100,103,109,94,0,0,0,0,0,61,16,0,0,0,0,0,0,0,38,9,0,0,0,0,0
51,100,76,74,157,1,2,0,0,0,27,34,0,0,0,0,0,0,0,0,0,0,0,0,9,26
86,93,76,71,94,5,42,2,0,0,25,20,0,0,0,0,0,0,0,0,0,0,0,0,0,0
16,134,80,71,94,0,0,0,0,1,2,1,2,47,13,0,0,0,0,0,0,0,0,0,0,0
20,87,136,71,94,0,0,4,3,1,0,0,0,1,1,0,37,20,0,0,0,0,0,0,0,0
56,108,91,71,94,0,0,18,28,0,0,0,0,0,41,2,0,0,0,0,0,0,0,0,0,0
61,77,76,71,94,2,3,14,32,0,0,0,0,0,0,0,0,0,0,0,0,0,0,0,0,0
60,117,76,71,94,0,0,0,0,42,5,0,16,28,0,0,0,0,0,0,0,0,0,0,0,0
100,77,76,71,94,0,1,2,69,22,0,0,0,0,0,0,0,0,0,0,0,0,0,0,0,0
56,101,76,71,94,5,5,0,0,0,23,38,0,0,0,0,0,0,0,0,0,0,0,0,0,0
19,94,82,76,94,0,0,0,0,0,3,1,12,8,0,0,0,0,2,6,0,0,0,0,0,0
63,80,79,79,94,0,0,4,5,35,12,0,0,0,0,0,0,0,0,1,7,0,0,0,0,0
72,79,82,71,94,0,0,19,44,0,0,1,1,0,0,1,5,0,0,0,0,0,0,0,0,0
86,121,76,71,94,0,0,0,0,13,40,71,0,0,0,0,0,0,0,0,0,0,0,0,0,0
78,77,76,71,94,14,53,0,0,2,1,0,0,0,0,0,0,0,0,0,0,0,0,0,0,0
26,115,76,119,107,0,0,0,5,4,0,0,19,25,0,0,0,0,0,0,0,13,26,1,0,0
115,117,80,71,94,0,34,74,0,0,0,0,0,31,13,0,0,0,0,0,0,0,0,0,0,0
200,77,76,71,94,71,32,87,47,0,0,0,0,0,0,0,0,0,0,0,0,0,0,0,0,0
109,77,76,71,94,0,64,31,6,0,0,0,0,0,0,0,0,0,0,0,0,0,0,0,0,0
188,77,76,71,94,0,77,69,41,0,0,0,0,0,0,0,0,0,0,0,0,0,0,0,0,0
87,84,138,81,150,0,0,16,63,0,0,0,0,0,0,0,30,27,0,0,0,0,0,0,27,9
79,77,76,71,94,50,14,1,3,2,0,0,0,0,0,0,0,0,0,0,0,0,0,0,0,0
95,77,76,71,94,4,2,63,18,0,0,0,0,0,0,0,0,0,0,0,0,0,0,0,0,0
93,80,79,74,94,0,0,0,42,40,1,6,0,0,0,0,0,0,0,4,0,0,0,0,0,0
67,77,76,71,94,5,5,7,42,0,0,0,0,0,0,0,0,0,0,0,0,0,0,0,0,0
45,94,76,71,94,2,4,0,0,0,21,25,0,0,0,0,0,0,0,0,0,0,0,0,0,0
64,133,76,71,94,0,1,4,17,0,29,16,9,35,0,0,0,0,0,0,0,0,0,0,0,0
35,121,76,71,94,0,0,3,5,1,0,1,59,0,0,0,0,0,0,0,0,0,0,0,0,0
18,77,84,88,94,0,2,3,0,0,0,0,0,0,0,0,0,0,0,7,11,0,0,0,0,0
84,123,76,71,94,0,0,2,17,43,2,0,51,9,0,0,0,0,0,0,0,0,0,0,0,0
15,110,88,76,97,0,2,0,0,0,0,0,0,6,37,0,0,0,0,0,0,0,3,2,0,0
35,77,76,71,94,0,0,1,18,4,0,0,0,0,0,0,0,0,0,0,0,0,0,0,0,0
115,77,79,73,97,19,44,0,18,28,0,0,0,0,0,0,0,0,2,1,0,0,0,0,2,0
78,77,76,71,94,42,24,4,0,0,0,0,0,0,0,0,0,0,0,0,0,0,0,0,0,0
74,81,79,71,94,0,6,56,0,2,0,0,0,0,5,2,0,0,0,0,0,0,0,0,0,0
60,82,76,71,94,0,0,25,24,0,0,0,5,1,0,0,0,0,0,0,0,0,0,0,0,0
119,115,76,71,94,0,0,37,51,5,0,25,35,0,0,0,0,0,0,0,0,0,0,0,0,0
71,81,79,72,94,0,0,2,0,46,19,0,0,0,0,0,0,0,2,0,0,0,0,0,0,0
102,94,76,71,94,0,0,3,40,25,18,27,0,0,0,0,0,0,0,0,0,0,0,0,0,0
62,91,76,71,94,0,0,42,5,0,0,0,20,0,0,0,0,0,0,0,0,0,0,0,0,0
78,78,76,71,94,3,0,0,3,60,5,0,0,0,0,0,0,0,0,0,0,0,0,0,0,0
80,77,77,72,94,6,59,2,1,2,1,0,0,0,0,0,0,0,1,1,0,0,0,0,0,0
131,78,76,71,94,0,23,23,24,55,1,2,0,0,0,0,0,0,0,0,0,0,0,0,0,0
75,78,76,71,94,1,33,31,0,1,0,0,0,1,0,0,0,0,0,0,0,0,0,0,0,0
74,77,76,76,94,1,2,12,50,0,0,0,0,0,0,0,0,0,0,0,0,3,1,0,0,0
45,90,76,73,101,0,0,0,1,2,34,11,0,0,0,0,0,0,0,0,0,0,0,0,5,0
74,77,76,71,94,0,0,45,20,0,0,0,0,0,0,0,0,0,0,0,0,0,0,0,0,0
15,157,93,71,94,0,0,2,0,0,0,0,0,43,52,0,0,0,0,0,0,0,0,0,0,0
74,77,76,71,94,0,0,44,21,0,0,0,0,0,0,0,0,0,0,0,0,0,0,0,0,0
89,78,103,141,94,0,1,79,0,0,1,0,0,1,1,0,0,0,0,15,53,0,0,0,0,0
60,97,76,71,94,0,7,2,0,0,40,21,0,0,0,0,0,0,0,0,0,0,0,0,0,0
60,84,96,71,94,0,0,1,11,37,0,0,6,0,0,0,11,7,0,0,0,0,0,0,0,0
34,77,76,75,157,0,6,14,0,1,2,0,0,0,0,0,0,0,0,0,0,0,0,0,11,24
118,106,78,72,94,0,0,2,40,39,2,59,0,0,0,0,0,0,1,1,0,0,0,0,0,0
132,77,76,71,94,37,45,44,0,0,0,0,0,0,0,0,0,0,0,0,0,0,0,0,0,0
50,103,79,71,94,0,0,1,1,0,23,38,0,0,0,5,0,0,0,0,0,0,0,0,0,0
114,77,76,71,94,0,0,68,40,0,0,0,0,0,0,0,0,0,0,0,0,0,0,0,0,0
56,77,76,115,115,0,0,32,14,0,0,0,0,0,0,0,0,0,0,0,0,2,35,3,1,0
90,87,78,76,94,0,1,0,23,24,44,0,0,0,0,0,0,0,0,0,4,0,0,0,0,0
70,77,76,71,94,0,0,4,25,32,0,0,0,0,0,0,0,0,0,0,0,0,0,0,0,0
97,80,77,71,94,18,28,0,0,36,10,0,0,1,1,0,0,0,0,0,0,0,0,0,0,0
104,115,98,71,94,0,0,0,2,57,52,0,0,0,18,25,0,0,0,0,0,0,0,0,0,0
20,113,76,76,95,0,0,0,0,0,0,0,28,16,0,0,0,0,0,0,0,2,2,0,0,0
69,158,107,71,94,0,0,2,1,35,11,11,34,0,50,24,0,0,0,0,0,0,0,0,0,0
59,81,77,71,94,2,1,0,5,41,0,0,0,2,2,0,0,0,0,0,0,0,0,0,0,0
19,119,99,71,94,0,0,0,1,6,0,0,0,0,54,4,2,1,0,0,0,0,0,0,0,0
14,77,186,116,94,0,0,0,1,0,0,0,0,0,0,0,0,38,39,41,0,0,0,0,0,0
73,77,91,81,94,0,44,19,0,1,2,0,0,0,0,0,0,0,10,9,0,0,0,0,0,0
65,86,83,71,94,0,0,0,0,31,32,2,0,0,0,0,4,3,0,0,0,0,0,0,0,0
61,77,76,71,94,1,15,32,0,3,0,0,0,0,0,0,0,0,0,0,0,0,0,0,0,0
87,77,78,95,94,0,0,0,79,0,0,0,0,0,0,0,0,0,0,0,3,14,0,0,0,0
68,83,76,75,98,0,2,1,0,37,25,0,0,0,0,0,0,0,0,0,0,0,1,4,0,0
17,77,118,83,95,0,1,0,1,1,0,0,0,0,0,0,0,9,32,0,0,0,0,0,0,1
63,77,76,71,94,37,9,0,0,7,0,0,0,0,0,0,0,0,0,0,0,0,0,0,0,0
148,77,76,71,95,0,0,0,99,45,0,0,0,0,0,0,0,0,0,0,0,0,0,0,0,1
101,95,77,72,94,2,3,41,5,0,50,12,0,0,0,0,0,0,0,0,1,0,0,0,0,0
66,77,77,71,94,0,1,2,27,27,0,0,0,0,1,1,0,0,0,0,0,0,0,0,0,0
62,77,76,71,94,0,0,2,27,23,0,0,0,0,0,0,0,0,0,0,0,0,0,0,0,0
98,93,78,71,94,0,0,0,28,18,58,4,0,0,0,0,0,0,1,0,0,0,0,0,0,0
79,93,76,71,94,1,2,5,0,14,64,1,0,0,0,0,0,0,0,0,0,0,0,0,0,0
54,84,82,71,94,0,1,0,2,23,23,0,0,0,0,1,5,0,0,0,0,0,0,0,0,0
108,90,123,118,94,31,31,0,0,0,51,2,0,0,0,0,0,0,11,59,0,0,0,0,0,0
156,85,76,71,94,0,0,11,66,49,36,0,0,0,0,0,0,0,0,0,0,0,0,0,0,0
80,86,76,85,107,0,0,2,1,39,39,0,0,0,0,0,0,0,0,0,0,0,6,11,0,0
149,87,76,71,94,63,18,0,0,47,10,17,0,0,0,0,0,0,0,0,0,0,0,0,0,0
13,165,130,71,94,0,0,0,0,0,0,0,0,15,63,54,0,0,0,0,0,0,0,0,0,0
90,101,76,71,94,0,0,12,50,0,0,34,10,0,0,0,0,0,0,0,0,0,0,0,0,0
71,77,76,76,97,0,6,56,0,0,0,0,0,0,0,0,0,0,0,0,0,0,4,1,0,0
70,77,76,78,95,2,17,41,0,0,0,0,0,0,0,0,0,0,0,0,0,3,3,0,0,0
130,81,78,71,95,0,14,32,16,63,0,0,0,3,2,0,0,1,0,0,0,0,0,0,1,0
103,177,76,71,94,0,0,0,0,73,6,14,50,56,0,0,0,0,0,0,0,0,0,0,0,0
59,91,122,79,97,0,1,1,0,1,61,0,0,0,0,0,0,21,20,0,0,0,0,0,1,1
122,79,76,71,94,9,37,12,50,3,5,1,0,0,0,0,0,0,0,0,0,0,0,0,0,0
129,95,76,71,94,0,25,40,0,3,75,0,0,0,0,0,0,0,0,0,0,0,0,0,0,0
115,92,76,71,94,0,0,55,24,0,29,16,0,0,0,0,0,0,0,0,0,0,0,0,0,0
117,77,76,71,94,0,0,67,44,0,0,0,0,0,0,0,0,0,0,0,0,0,0,0,0,0
48,85,158,80,94,0,0,0,0,12,34,0,0,0,0,0,0,49,22,0,0,0,1,0,0,0
77,118,97,71,94,0,37,25,4,2,0,0,0,0,51,8,0,0,0,0,0,0,0,0,0,0
18,134,109,74,94,0,0,0,0,0,0,1,17,29,0,22,20,0,0,0,0,2,0,0,0,0
78,77,83,72,94,40,27,0,0,3,0,0,0,0,0,0,0,4,2,0,0,0,0,0,0,0
61,93,110,92,94,0,0,0,5,2,55,6,0,0,0,0,0,0,24,16,0,0,0,0,0,0
87,77,78,80,94,0,0,55,24,0,0,0,0,0,0,0,0,0,0,0,6,1,0,0,0,0
99,94,76,71,94,0,3,0,50,12,18,27,0,0,0,0,0,0,0,0,0,0,0,0,0,0
18,77,129,111,94,0,0,0,5,0,0,0,0,0,0,0,0,0,29,40,0,0,0,0,0,0
93,98,76,71,94,0,0,0,37,9,35,26,0,0,0,0,0,0,0,0,0,0,0,0,0,0
117,77,83,75,94,0,2,34,74,0,0,0,0,0,0,0,0,0,5,3,0,0,0,0,0,0
13,117,80,105,121,0,0,0,0,0,0,0,0,34,10,0,0,0,0,0,0,0,18,19,0,0
72,83,76,74,94,1,1,0,0,49,13,5,1,0,0,0,0,0,0,0,0,1,1,0,0,0
114,77,76,71,95,0,0,12,82,14,0,0,0,0,0,0,0,0,0,0,0,0,0,0,1,0
74,77,77,71,94,0,0,0,32,33,0,0,0,0,0,1,0,0,0,0,0,0,0,0,0,0
79,116,76,71,94,0,0,0,0,46,0,35,30,0,0,0,0,0,0,0,0,0,0,0,0,0
115,77,76,71,94,31,40,37,0,0,0,0,0,0,0,0,0,0,0,0,0,0,0,0,0,0
106,89,76,71,94,1,2,1,0,56,51,0,0,0,0,0,0,0,0,0,0,0,0,0,0,0
69,165,76,71,94,0,0,0,0,0,10,76,59,6,0,0,0,0,0,0,0,0,0,0,0,0
75,77,76,71,94,1,0,0,65,0,0,0,0,0,0,0,0,0,0,0,0,0,0,0,0,0
71,81,81,71,94,0,19,44,0,0,0,0,0,0,6,0,0,2,0,0,0,0,0,0,0,0
60,77,78,71,94,0,1,11,37,1,0,0,0,0,0,0,0,1,0,0,0,0,0,0,0,0
130,77,76,71,94,37,72,16,0,0,0,0,0,0,0,0,0,0,0,0,0,0,0,0,0,0
82,77,76,71,94,0,0,24,49,1,0,0,0,0,0,0,0,0,0,0,0,0,0,0,0,0
78,77,76,71,94,1,5,57,7,0,0,0,0,0,0,0,0,0,0,0,0,0,0,0,0,0
100,77,76,71,94,46,0,41,5,0,0,0,0,0,0,0,0,0,0,0,0,0,0,0,0,0
66,128,76,71,94,37,12,1,0,0,0,0,31,29,0,0,0,0,0,0,0,0,0,0,0,0
42,99,76,71,94,0,0,3,6,0,0,43,2,0,0,0,0,0,0,0,0,0,0,0,0,0
82,85,76,71,94,0,0,0,50,12,5,15,0,0,0,0,0,0,0,0,0,0,0,0,0,0
15,77,79,93,135,0,2,0,0,0,0,0,0,0,0,0,2,0,0,0,0,0,0,24,12,0
78,77,76,115,110,23,46,0,0,0,0,0,0,0,0,0,0,0,0,0,0,4,34,0,0,0
18,91,82,71,94,4,1,0,0,0,0,0,0,2,18,0,0,0,0,0,0,0,0,0,0,0
47,100,115,71,94,0,0,2,1,0,42,4,0,0,0,5,38,0,0,0,0,0,0,0,0,0
67,89,76,71,94,0,2,7,0,11,50,0,0,0,0,0,0,0,0,0,0,0,0,0,0,0
56,111,87,71,94,0,0,37,9,0,0,0,0,10,34,0,0,0,0,0,0,0,0,0,0,0
156,81,76,71,94,37,11,1,25,66,17,0,0,0,0,0,0,0,0,0,0,0,0,0,0,0
25,94,78,72,95,0,0,3,2,0,0,10,10,3,4,0,0,0,0,0,0,0,0,0,1,0
72,107,76,71,94,2,19,28,0,0,0,11,34,0,0,0,0,0,0,0,0,0,0,0,0,0
130,77,76,71,94,56,6,0,6,56,0,0,0,0,0,0,0,0,0,0,0,0,0,0,0,0
67,78,76,71,94,2,7,32,15,0,1,2,0,0,0,0,0,0,0,0,0,0,0,0,0,0
75,77,76,71,94,0,1,3,50,12,0,0,0,0,0,0,0,0,0,0,0,0,0,0,0,0
147,80,76,71,94,0,0,1,50,82,14,0,0,0,0,0,0,0,0,0,0,0,0,0,0,0
80,77,76,71,94,3,5,0,12,50,1,1,0,0,0,0,0,0,0,0,0,0,0,0,0,0
43,98,76,71,94,2,0,4,2,0,4,41,0,0,0,0,0,0,0,0,0,0,0,0,0,0
90,77,76,71,94,0,0,0,65,17,1,1,0,0,0,0,0,0,0,0,0,0,0,0,0,0
147,80,76,71,94,0,63,16,31,31,1,2,1,2,0,0,0,0,0,0,0,0,0,0,0,0
48,93,119,73,95,0,0,0,0,13,32,0,0,0,0,0,33,9,0,0,0,0,1,2,0,0
99,83,76,74,95,3,3,0,23,43,25,0,0,0,0,0,0,0,0,0,0,0,2,0,0,0
84,78,76,71,94,0,5,25,37,4,6,0,0,0,0,0,0,0,0,0,0,0,0,0,0,0
47,142,79,71,94,0,0,0,0,0,21,40,0,35,9,0,0,0,0,0,0,0,0,0,0,0
94,97,76,83,110,0,0,0,5,41,40,21,0,0,0,0,0,0,0,0,0,0,0,16,0,0
62,77,76,71,94,32,14,2,1,2,0,0,0,0,0,0,0,0,0,0,0,0,0,0,0,0
77,78,76,71,94,0,12,50,0,1,7,0,0,0,0,0,0,0,0,0,0,0,0,0,0,0
117,77,76,71,94,0,37,27,14,32,0,0,0,0,0,0,0,0,0,0,0,0,0,0,0,0
32,79,114,87,94,0,0,0,3,10,11,0,0,0,0,0,0,0,39,2,0,0,0,0,0,0
18,111,108,71,94,0,1,4,0,0,0,0,0,0,24,34,1,2,0,0,0,0,0,0,0,0
119,77,76,71,94,2,0,46,26,39,0,0,0,0,0,0,0,0,0,0,0,0,0,0,0,0
59,96,76,71,94,0,0,14,7,2,11,34,0,0,0,0,0,0,0,0,0,0,0,0,0,0
161,77,76,71,94,95,63,0,0,0,0,0,0,0,0,0,0,0,0,0,0,0,0,0,0,0
80,105,78,71,94,0,0,0,0,21,46,33,0,0,0,2,1,0,0,0,0,0,0,0,0,0
63,77,78,76,94,0,0,42,11,0,0,0,0,0,0,0,0,0,0,0,4,0,0,0,0,0
59,97,76,71,94,0,0,0,5,3,40,21,0,0,0,0,0,0,0,0,0,0,0,0,0,0
45,98,76,71,94,0,2,5,2,3,1,44,0,0,0,0,0,0,0,0,0,0,0,0,0,0
59,89,76,82,149,0,0,0,0,10,52,0,0,0,0,0,0,0,0,0,0,0,0,0,29,6
92,105,76,71,94,3,30,19,0,0,7,54,0,0,0,0,0,0,0,0,0,0,0,0,0,0
51,100,76,71,94,0,0,1,2,0,27,34,0,0,0,0,0,0,0,0,0,0,0,0,0,0
76,77,76,71,94,0,33,34,0,0,0,0,0,0,0,0,0,0,0,0,0,0,0,0,0,0
117,77,76,71,94,0,49,0,6,56,0,0,0,0,0,0,0,0,0,0,0,0,0,0,0,0
93,83,76,75,96,0,0,0,32,35,25,0,0,0,0,0,0,0,0,0,0,0,4,0,0,0
24,107,92,71,94,0,0,2,10,0,0,0,0,0,37,7,0,0,0,0,0,0,0,0,0,0
68,83,86,131,94,0,0,3,0,37,25,0,0,0,0,0,0,0,0,1,28,19,0,0,0,0
71,77,76,74,94,0,50,12,0,0,0,0,0,0,0,0,0,0,0,0,0,2,0,0,0,0
75,78,77,74,94,0,37,25,1,1,1,2,0,0,0,0,0,0,0,0,2,1,0,0,0,0
56,77,76,72,171,0,0,32,14,0,0,0,0,0,0,0,0,0,0,0,0,0,0,0,4,37
95,82,76,71,94,0,0,1,0,71,20,0,0,0,0,0,0,0,0,0,0,0,0,0,0,0
94,98,76,71,94,42,5,0,0,0,37,24,0,0,0,0,0,0,0,0,0,0,0,0,0,0
75,77,77,72,94,1,65,0,1,1,0,0,0,0,0,0,0,0,0,1,1,0,0,0,0,0
79,77,76,71,94,25,40,3,2,0,0,0,0,0,0,0,0,0,0,0,0,0,0,0,0,0
80,77,76,71,94,0,0,0,44,28,0,0,0,0,0,0,0,0,0,0,0,0,0,0,0,0
136,77,76,71,94,0,63,47,20,0,0,0,0,0,0,0,0,0,0,0,0,0,0,0,0,0
51,84,85,73,94,0,0,1,1,14,31,0,0,0,0,0,0,4,5,0,0,0,0,0,0,0
22,77,83,131,94,0,0,6,3,0,0,0,0,0,0,0,0,0,0,0,21,24,0,0,0,0
71,82,108,94,94,1,1,0,2,40,23,0,0,0,0,0,0,0,19,22,0,0,0,0,0,0
77,77,76,71,94,3,25,39,1,0,0,0,0,0,0,0,0,0,0,0,0,0,0,0,0,0
65,92,76,71,94,22,1,1,2,0,27,19,0,0,0,0,0,0,0,0,0,0,0,0,0,0
47,92,78,71,94,1,1,0,0,2,43,0,0,2,4,0,0,0,0,0,0,0,0,0,0,0
61,78,83,71,94,0,9,38,2,3,0,0,0,0,0,0,4,2,0,0,0,0,0,0,0,0
65,111,76,71,94,5,42,0,0,0,0,0,37,7,0,0,0,0,0,0,0,0,0,0,0,0
74,84,78,71,94,0,56,8,0,0,0,0,0,4,4,0,0,0,0,0,0,0,0,0,0,0
59,77,76,74,96,20,29,0,0,0,0,0,0,0,0,0,0,0,0,0,0,0,2,0,1,0
74,77,76,72,96,19,44,0,0,1,1,0,0,0,0,0,0,0,0,0,0,0,0,1,1,0
71,77,81,72,94,0,0,0,62,0,0,0,0,0,0,0,0,1,4,0,0,0,0,0,0,0
74,77,109,92,94,1,52,12,0,0,0,0,0,0,0,0,0,0,24,17,0,0,0,0,0,0
53,122,95,71,94,0,0,0,0,35,11,0,0,0,57,2,0,0,0,0,0,0,0,0,0,0
74,77,76,71,94,0,0,25,40,0,0,0,0,0,0,0,0,0,0,0,0,0,0,0,0,0
35,97,78,128,106,0,0,0,0,0,5,40,0,0,0,0,0,1,0,0,0,20,25,0,0,0
96,96,90,82,94,0,32,14,0,0,45,16,0,0,0,0,0,0,7,11,0,0,0,0,0,0
56,89,76,71,94,2,2,0,0,3,50,0,0,0,0,0,0,0,0,0,0,0,0,0,0,0
116,121,76,71,94,0,0,25,37,0,6,86,1,0,0,0,0,0,0,0,0,0,0,0,0,0
59,97,78,126,94,8,1,0,0,0,39,22,0,0,0,0,0,0,0,0,6,33,0,0,0,0
74,81,77,71,94,0,0,62,1,1,0,0,0,4,1,0,0,0,0,0,0,0,0,0,0,0
79,77,76,71,94,0,25,42,0,2,2,1,0,0,0,0,0,0,0,0,0,0,0,0,0,0
91,77,76,77,94,0,60,23,0,0,0,0,0,0,0,0,0,0,0,0,0,3,1,0,0,0
76,77,76,71,94,0,0,37,24,6,0,0,0,0,0,0,0,0,0,0,0,0,0,0,0,0
49,91,76,71,94,0,4,0,2,1,31,15,0,0,0,0,0,0,0,0,0,0,0,0,0,0
74,77,76,71,94,6,56,1,2,0,0,0,0,0,0,0,0,0,0,0,0,0,0,0,0,0
147,81,76,71,94,0,0,0,30,100,18,0,0,0,0,0,0,0,0,0,0,0,0,0,0,0
117,77,152,86,94,25,40,1,46,0,0,0,0,0,0,0,0,30,41,0,0,0,0,0,0,0
74,114,102,71,94,44,20,2,0,0,0,0,0,0,36,23,0,0,0,0,0,0,0,0,0,0
63,88,76,71,94,0,2,1,1,14,48,0,0,0,0,0,0,0,0,0,0,0,0,0,0,0
71,133,79,71,94,0,0,44,19,0,0,0,0,52,7,0,0,0,0,0,0,0,0,0,0,0
56,92,96,113,94,0,0,0,5,41,0,0,0,4,15,0,0,0,0,6,34,0,0,0,0,0
110,96,84,71,94,1,29,18,0,35,26,0,0,0,14,5,0,0,0,0,0,0,0,0,0,0
56,79,80,71,94,0,0,0,46,0,0,0,0,0,0,4,1,0,0,0,0,0,0,0,0,0
80,99,76,71,94,0,0,0,10,39,1,45,0,0,0,0,0,0,0,0,0,0,0,0,0,0
16,118,79,71,94,0,0,1,2,0,0,0,0,36,8,0,0,0,0,0,0,0,0,0,0,0
74,77,91,112,94,44,19,0,0,2,0,0,0,0,0,0,0,0,0,7,33,0,0,0,0,0
59,77,76,71,94,28,18,0,2,0,0,0,0,0,0,0,0,0,0,0,0,0,0,0,0,0
58,77,76,71,94,0,0,0,23,23,3,0,0,0,0,0,0,0,0,0,0,0,0,0,0,0
115,82,76,71,94,0,25,37,0,40,6,2,5,0,0,0,0,0,0,0,0,0,0,0,0,0
57,78,80,73,94,37,9,0,0,0,0,1,1,0,0,0,0,0,3,2,0,0,0,0,0,0
78,78,76,71,94,1,34,32,0,0,0,2,1,0,0,0,0,0,0,0,0,0,0,0,0,0
68,77,76,71,94,16,38,5,0,0,0,0,0,0,0,0,0,0,0,0,0,0,0,0,0,0
113,80,76,71,94,0,0,25,39,32,14,0,0,0,0,0,0,0,0,0,0,0,0,0,0,0
91,77,76,72,106,0,2,9,71,0,0,0,0,0,0,0,0,0,0,0,0,0,0,0,3,4
59,77,77,74,94,0,29,20,0,0,0,0,0,0,0,1,0,0,0,0,1,2,0,0,0,0
116,103,76,71,94,0,14,51,28,0,0,26,19,0,0,0,0,0,0,0,0,0,0,0,0,0
59,96,80,71,94,0,0,0,0,5,58,0,0,0,6,1,1,0,0,0,0,0,0,0,0,0
97,88,76,71,94,0,0,0,24,31,47,0,0,0,0,0,0,0,0,0,0,0,0,0,0,0
103,121,76,71,94,0,37,25,0,2,1,50,26,0,0,0,0,0,0,0,0,0,0,0,0,0
130,77,76,71,94,0,46,0,55,24,0,0,0,0,0,0,0,0,0,0,0,0,0,0,0,0
58,82,76,73,171,0,46,0,0,0,0,1,5,2,0,0,0,0,0,0,0,0,0,0,5,36
37,98,77,74,94,0,1,1,0,0,1,44,0,0,0,0,0,0,0,0,1,1,0,0,0,0
64,77,76,71,94,0,0,16,33,5,2,0,0,0,0,0,0,0,0,0,0,0,0,0,0,0
61,78,76,71,94,0,3,4,0,39,7,0,0,0,0,0,0,0,0,0,0,0,0,0,0,0
78,78,76,71,94,44,19,0,2,2,3,0,0,0,0,0,0,0,0,0,0,0,0,0,0,0
46,92,79,74,94,0,0,1,3,1,30,15,0,0,0,0,0,0,1,3,0,0,0,0,0,0
74,85,137,71,94,0,62,2,1,0,0,0,0,0,0,0,34,22,0,0,0,0,0,0,0,0
92,77,76,71,94,0,16,65,2,2,0,0,0,0,0,0,0,0,0,0,0,0,0,0,0,0
61,77,76,71,94,25,24,0,0,0,2,0,0,0,0,0,0,0,0,0,0,0,0,0,0,0
65,77,76,71,94,0,0,37,16,2,0,0,0,0,0,0,0,0,0,0,0,0,0,0,0,0
61,90,76,71,94,0,2,1,0,8,54,0,0,0,0,0,0,0,0,0,0,0,0,0,0,0
55,97,78,71,94,0,2,0,0,0,47,14,0,0,1,2,0,0,0,0,0,0,0,0,0,0
59,77,76,101,126,0,11,37,0,0,0,0,0,0,0,0,0,0,0,0,0,0,8,29,0,0
115,77,76,71,94,18,28,0,62,0,0,0,0,0,0,0,0,0,0,0,0,0,0,0,0,0
93,89,76,71,94,5,42,0,2,5,40,5,0,0,0,0,0,0,0,0,0,0,0,0,0,0
89,91,76,71,94,6,42,1,2,0,31,15,0,0,0,0,0,0,0,0,0,0,0,0,0,0
103,96,77,71,94,0,2,0,0,53,54,0,0,4,2,0,0,0,0,0,0,0,0,0,0,0
111,114,79,75,94,0,0,0,0,4,125,13,0,0,0,0,0,0,0,3,2,0,0,0,0,0
36,79,79,97,94,0,0,0,18,5,0,0,2,0,0,0,0,0,2,1,2,16,0,0,0,0
123,77,76,71,94,0,12,57,2,45,1,0,0,0,0,0,0,0,0,0,0,0,0,0,0,0
53,97,86,76,94,0,0,0,0,0,50,12,0,0,0,2,6,1,0,0,4,0,0,0,0,0
61,77,76,71,94,0,0,0,50,0,0,0,0,0,0,0,0,0,0,0,0,0,0,0,0,0
151,77,76,76,101,0,16,76,54,1,0,0,0,0,0,0,0,0,0,0,0,0,0,6,1,0
74,77,119,83,95,20,46,0,0,0,0,0,0,0,0,0,0,13,28,0,0,0,1,2,0,0
98,114,76,71,94,3,2,2,0,0,91,31,0,0,0,0,0,0,0,0,0,0,0,0,0,0
114,77,77,72,94,0,0,0,59,49,0,0,0,0,0,0,0,0,0,1,0,0,0,0,0,0
18,110,107,74,100,0,0,2,2,1,0,0,0,0,20,38,0,0,0,0,0,0,0,3,3,0
38,98,77,74,94,0,2,1,0,0,3,42,0,0,0,0,0,0,0,0,1,2,0,0,0,0
145,77,76,71,94,0,0,47,44,50,0,0,0,0,0,0,0,0,0,0,0,0,0,0,0,0
77,100,78,71,94,0,46,0,0,0,0,42,3,0,0,0,1,0,0,0,0,0,0,0,0,0
39,111,79,72,95,0,0,0,0,0,0,49,12,0,2,0,0,0,1,1,0,0,0,0,0,1
62,77,76,71,94,0,42,5,1,6,0,0,0,0,0,0,0,0,0,0,0,0,0,0,0,0
63,85,80,71,94,0,2,1,0,42,12,0,0,0,6,2,0,0,0,0,0,0,0,0,0,0
75,113,108,71,94,0,0,1,0,57,7,4,0,0,15,43,0,0,0,0,0,0,0,0,0,0
72,77,108,94,95,0,0,0,44,19,0,0,0,0,0,0,0,0,21,20,0,0,0,1,0,0
47,108,78,71,94,0,0,0,4,1,1,60,0,0,2,1,0,0,0,0,0,0,0,0,0,0
72,80,81,74,94,31,31,0,0,0,0,0,2,1,0,2,1,0,0,4,1,0,0,0,0,0
76,77,76,71,94,0,0,0,17,51,0,0,0,0,0,0,0,0,0,0,0,0,0,0,0,0
56,137,93,79,98,0,5,41,0,0,0,0,0,24,51,0,0,0,0,0,2,0,3,3,0,0
100,92,76,71,94,1,1,0,12,50,27,19,0,0,0,0,0,0,0,0,0,0,0,0,0,0
87,92,76,71,94,0,15,34,0,0,28,17,0,0,0,0,0,0,0,0,0,0,0,0,0,0
89,106,111,71,94,0,1,25,55,0,0,0,0,0,5,53,0,0,0,0,0,0,0,0,0,0
80,81,76,71,94,0,0,5,1,52,19,0,0,0,0,0,0,0,0,0,0,0,0,0,0,0
87,77,122,78,94,0,0,0,16,63,0,0,0,0,0,0,0,22,19,0,0,0,0,0,0,0
91,151,76,71,94,8,12,0,0,62,0,0,0,75,0,0,0,0,0,0,0,0,0,0,0,0
42,93,91,86,94,0,1,2,0,0,22,23,0,0,0,0,0,1,3,16,2,0,0,0,0,0
117,78,76,71,94,56,6,46,0,0,2,1,0,0,0,0,0,0,0,0,0,0,0,0,0,0
13,128,86,76,94,0,0,0,0,0,0,0,0,31,28,0,0,0,0,0,2,2,0,0,0,0
56,77,82,122,94,46,0,0,0,0,0,0,0,0,0,0,0,0,0,0,17,22,0,0,0,0
76,83,76,71,94,0,0,19,44,0,1,6,5,0,0,0,0,0,0,0,0,0,0,0,0,0
19,79,135,71,94,0,2,5,0,0,0,0,1,0,0,0,7,42,0,0,0,0,0,0,0,0
65,77,76,72,97,28,20,7,0,0,0,0,0,0,0,0,0,0,0,0,0,0,0,1,2,0
45,92,76,71,94,0,0,0,2,1,32,15,0,0,0,0,0,0,0,0,0,0,0,0,0,0
23,124,90,73,95,0,0,4,6,0,0,0,0,15,44,0,0,0,0,0,0,0,0,2,0,0
97,97,76,71,94,0,0,2,1,30,71,6,0,0,0,0,0,0,0,0,0,0,0,0,0,0
61,77,154,84,94,2,0,0,34,15,0,0,0,0,0,0,0,36,35,0,0,0,0,0,0,0
56,77,76,92,99,0,0,0,32,14,0,0,0,0,0,0,0,0,0,0,0,6,11,0,0,0
22,88,134,71,94,5,4,0,0,0,0,0,0,0,0,0,44,13,0,0,0,0,0,0,0,0
72,104,79,71,94,0,0,23,23,0,0,24,20,0,0,0,2,0,0,0,0,0,0,0,0,0
100,93,77,71,94,12,50,0,0,0,31,15,0,1,1,0,0,0,0,0,0,0,0,0,0,0
57,119,86,71,94,0,0,0,18,28,1,0,0,20,31,0,0,0,0,0,0,0,0,0,0,0
63,82,76,71,94,0,0,1,46,5,0,0,6,1,0,0,0,0,0,0,0,0,0,0,0,0
75,82,76,71,94,0,31,31,0,0,0,8,1,1,0,0,0,0,0,0,0,0,0,0,0,0
67,81,78,78,94,0,0,0,0,46,16,0,0,0,0,0,0,0,0,0,5,1,0,0,0,0
81,114,76,71,94,0,0,0,2,23,23,58,4,0,0,0,0,0,0,0,0,0,0,0,0,0
66,87,76,71,94,0,0,5,0,20,41,0,0,0,0,0,0,0,0,0,0,0,0,0,0,0
59,79,76,71,94,0,3,1,2,37,9,0,0,0,0,0,0,0,0,0,0,0,0,0,0,0
59,98,76,71,94,0,5,4,0,0,37,24,0,0,0,0,0,0,0,0,0,0,0,0,0,0
75,80,78,72,94,0,0,0,12,50,5,1,3,0,0,0,0,0,1,1,0,0,0,0,0,0
56,77,76,76,97,0,28,18,0,0,0,0,0,0,0,0,0,0,0,0,0,0,2,3,0,0
31,104,76,71,94,0,0,1,1,0,0,24,21,0,0,0,0,0,0,0,0,0,0,0,0,0
59,80,76,73,101,0,0,0,32,14,0,5,1,0,0,0,0,0,0,0,0,0,0,0,5,0
69,119,76,71,94,0,0,0,30,19,1,1,38,14,0,0,0,0,0,0,0,0,0,0,0,0
161,78,78,71,94,0,32,63,63,0,0,0,0,0,0,2,0,0,0,0,0,0,0,0,0,0
102,78,76,132,101,2,1,28,18,42,5,1,0,0,0,0,0,0,0,0,0,30,15,0,0,0
18,103,115,71,94,1,2,0,1,2,0,0,0,0,0,49,8,0,0,0,0,0,0,0,0,0
70,83,81,73,100,0,0,0,3,46,16,0,0,0,0,3,3,0,0,0,0,0,0,1,4,0
99,77,76,71,94,0,0,32,28,32,0,0,0,0,0,0,0,0,0,0,0,0,0,0,0,0
52,178,88,79,94,0,0,0,0,0,14,64,0,47,28,0,0,0,0,2,6,0,0,0,0,0
84,77,76,71,94,19,53,2,1,1,0,0,0,0,0,0,0,0,0,0,0,0,0,0,0,0
61,77,76,71,94,5,46,0,0,0,0,0,0,0,0,0,0,0,0,0,0,0,0,0,0,0
79,77,76,71,94,0,10,60,0,0,0,0,0,0,0,0,0,0,0,0,0,0,0,0,0,0
49,100,76,71,103,1,0,0,0,0,28,33,0,0,0,0,0,0,0,0,0,0,0,0,0,4
65,84,76,71,94,0,0,32,22,0,0,0,5,3,0,0,0,0,0,0,0,0,0,0,0,0
110,98,76,71,94,0,2,25,37,0,35,26,0,0,0,0,0,0,0,0,0,0,0,0,0,0
71,78,81,71,94,0,0,19,44,0,0,0,0,0,0,2,2,1,0,0,0,0,0,0,0,0
88,105,76,71,94,0,0,2,57,6,0,17,28,0,0,0,0,0,0,0,0,0,0,0,0,0
77,77,76,71,94,44,19,3,2,0,0,0,0,0,0,0,0,0,0,0,0,0,0,0,0,0
63,77,76,71,94,3,11,39,0,0,0,0,0,0,0,0,0,0,0,0,0,0,0,0,0,0
75,79,80,78,94,0,44,19,0,0,3,4,0,0,0,0,0,0,0,3,4,0,0,0,0,0
68,84,76,71,94,0,0,0,3,34,29,0,0,0,0,0,0,0,0,0,0,0,0,0,0,0
59,118,98,71,94,0,0,26,23,0,0,0,0,0,50,9,0,0,0,0,0,0,0,0,0,0
73,103,76,71,94,0,23,23,0,0,0,27,18,0,0,0,0,0,0,0,0,0,0,0,0,0
73,81,77,73,99,0,4,1,0,49,13,0,0,0,1,0,0,0,0,0,0,0,0,1,2,1
79,77,76,71,94,0,31,31,4,3,0,0,0,0,0,0,0,0,0,0,0,0,0,0,0,0
55,82,76,71,94,5,0,0,0,24,22,0,0,0,0,0,0,0,0,0,0,0,0,0,0,0
60,78,76,71,94,2,42,5,0,0,1,2,0,0,0,0,0,0,0,0,0,0,0,0,0,0
57,112,118,71,94,0,1,4,0,7,47,0,0,0,0,41,16,0,0,0,0,0,0,0,0,0
109,77,76,71,94,28,28,0,32,14,0,0,0,0,0,0,0,0,0,0,0,0,0,0,0,0
56,130,87,73,94,37,9,0,0,0,0,0,0,38,21,0,1,2,0,0,2,0,0,0,0,0
65,77,76,75,97,5,5,0,28,18,0,0,0,0,0,0,0,0,0,0,0,0,1,3,0,0
18,112,108,73,94,0,0,0,1,3,0,0,0,11,33,0,0,12,7,0,0,0,0,0,0,0
73,77,78,82,94,6,56,0,0,1,0,0,0,0,0,0,0,0,1,0,1,7,0,0,0,0
59,77,76,71,94,0,2,47,0,0,0,0,0,0,0,0,0,0,0,0,0,0,0,0,0,0
15,93,127,71,94,0,0,0,2,0,0,0,0,0,0,10,48,0,0,0,0,0,0,0,0,0
40,77,108,93,94,0,2,5,15,6,0,0,0,0,0,0,0,0,21,20,0,0,0,0,0,0
55,98,76,71,94,0,0,1,4,0,36,25,0,0,0,0,0,0,0,0,0,0,0,0,0,0
59,104,96,71,94,2,1,0,23,23,0,0,0,0,23,20,0,0,0,0,0,0,0,0,0,0
53,98,76,71,94,0,0,0,0,3,36,26,0,0,0,0,0,0,0,0,0,0,0,0,0,0
127,99,80,78,94,0,62,5,0,0,66,12,0,0,0,0,0,0,0,4,4,0,0,0,0,0
61,79,76,74,94,0,0,0,28,18,6,2,0,0,0,0,0,0,0,0,0,1,1,0,0,0
85,77,77,71,94,1,1,1,23,50,0,0,0,0,1,0,0,0,0,0,0,0,0,0,0,0
96,80,76,71,94,3,24,56,0,0,4,5,0,0,0,0,0,0,0,0,0,0,0,0,0,0
99,93,76,71,94,0,28,18,0,0,58,4,0,0,0,0,0,0,0,0,0,0,0,0,0,0
82,77,76,71,94,0,0,2,66,5,0,0,0,0,0,0,0,0,0,0,0,0,0,0,0,0
70,82,78,71,94,44,14,3,0,0,0,0,0,2,4,0,0,0,0,0,0,0,0,0,0,0
56,127,110,71,94,0,0,0,0,3,45,17,0,0,8,50,0,0,0,0,0,0,0,0,0,0
53,111,81,78,94,0,0,0,0,0,15,62,0,0,0,0,0,0,0,6,2,0,0,0,0,0
60,77,108,93,94,0,0,0,5,44,2,1,0,0,0,0,0,0,21,20,0,0,0,0,0,0
59,77,80,78,94,23,23,2,0,0,0,0,0,0,0,0,0,0,0,4,4,0,0,0,0,0
35,107,76,71,94,0,2,0,0,0,0,31,21,0,0,0,0,0,0,0,0,0,0,0,0,0
94,77,79,71,94,8,75,1,1,1,0,0,0,0,0,0,2,1,0,0,0,0,0,0,0,0
155,91,76,82,94,0,0,7,41,59,58,0,0,0,0,0,0,0,0,0,0,7,1,0,0,0
58,79,78,81,94,0,0,0,37,9,2,0,0,0,3,0,0,0,0,0,4,4,0,0,0,0
81,77,76,71,94,3,7,1,6,56,0,0,0,0,0,0,0,0,0,0,0,0,0,0,0,0
56,126,89,79,152,28,18,0,0,0,0,0,0,22,37,0,1,0,0,0,0,0,0,0,23,13
97,86,76,71,94,0,0,0,0,60,39,0,0,0,0,0,0,0,0,0,0,0,0,0,0,0
77,77,76,71,94,0,1,2,45,20,0,1,0,0,0,0,0,0,0,0,0,0,0,0,0,0
69,77,76,71,94,0,2,0,15,42,0,0,0,0,0,0,0,0,0,0,0,0,0,0,0,0
62,91,76,71,94,1,1,0,3,2,59,0,0,0,0,0,0,0,0,0,0,0,0,0,0,0
63,113,76,71,94,0,0,0,0,36,9,0,37,7,0,0,0,0,0,0,0,0,0,0,0,0
66,77,76,72,94,2,22,32,0,0,0,0,0,0,0,0,0,0,0,0,0,0,1,0,0,0
34,77,77,77,94,19,2,1,0,0,0,0,0,0,0,0,0,0,0,0,1,3,0,0,0,0
66,77,78,71,94,0,1,5,14,36,1,0,0,0,0,0,1,0,0,0,0,0,0,0,0,0
99,77,76,71,94,0,0,46,41,5,0,0,0,0,0,0,0,0,0,0,0,0,0,0,0,0
88,149,76,71,94,32,16,0,0,0,0,60,3,42,0,0,0,0,0,0,0,0,0,0,0,0
101,90,76,71,94,0,0,0,19,43,35,10,0,0,0,0,0,0,0,0,0,0,0,0,0,0
76,77,77,71,94,50,12,4,0,0,0,0,0,0,0,0,0,0,1,0,0,0,0,0,0,0
65,116,76,71,94,0,0,3,46,0,0,1,25,21,0,0,0,0,0,0,0,0,0,0,0,0
74,77,76,75,98,1,2,50,12,0,0,0,0,0,0,0,0,0,0,0,0,0,1,4,1,0
54,84,122,84,147,0,0,0,0,37,9,0,0,0,0,0,23,19,0,0,0,0,0,0,34,2
89,77,76,71,94,0,0,0,72,10,0,0,0,0,0,0,0,0,0,0,0,0,0,0,0,0
20,77,76,93,138,0,1,3,3,0,0,0,0,0,0,0,0,0,0,0,0,0,0,22,15,0
75,102,76,71,94,0,0,41,5,0,1,33,12,0,0,0,0,0,0,0,0,0,0,0,0,0
26,124,76,72,99,0,0,1,1,0,0,0,46,14,0,0,0,0,0,0,0,0,0,0,4,0
60,106,76,71,94,0,0,0,0,3,35,42,0,0,0,0,0,0,0,0,0,0,0,0,0,0
114,77,76,71,94,14,32,0,43,19,0,0,0,0,0,0,0,0,0,0,0,0,0,0,0,0
13,131,104,71,94,0,0,0,0,0,0,0,0,15,37,26,0,0,0,0,0,0,0,0,0,0
18,125,88,71,94,0,0,0,3,2,0,0,0,22,37,0,0,0,0,0,0,0,0,0,0,0
79,113,76,71,94,0,62,0,0,0,0,0,31,14,0,0,0,0,0,0,0,0,0,0,0,0
75,101,76,71,94,0,0,5,41,0,0,37,8,0,0,0,0,0,0,0,0,0,0,0,0,0
74,112,86,73,94,0,3,0,19,43,0,0,0,15,29,0,0,0,0,0,2,0,0,0,0,0
82,77,76,71,94,0,3,50,15,6,0,0,0,0,0,0,0,0,0,0,0,0,0,0,0,0
73,110,89,71,94,37,26,0,0,0,0,0,0,5,38,0,0,0,1,0,0,0,0,0,0,0
62,79,76,71,94,14,32,2,1,1,1,5,0,0,0,0,0,0,0,0,0,0,0,0,0,0
90,77,76,71,94,0,0,57,25,0,0,0,0,0,0,0,0,0,0,0,0,0,0,0,0,0
13,77,78,80,159,0,0,0,0,0,0,0,0,0,0,0,0,0,0,0,5,1,0,0,6,29
90,120,76,71,94,2,1,0,43,19,0,9,53,0,0,0,0,0,0,0,0,0,0,0,0,0
79,77,76,71,94,2,62,6,0,0,0,0,0,0,0,0,0,0,0,0,0,0,0,0,0,0
59,110,107,71,94,0,0,14,33,2,0,0,0,0,20,38,0,0,0,0,0,0,0,0,0,0
35,149,95,71,94,0,0,0,1,4,4,21,24,0,58,0,0,0,0,0,0,0,0,0,0,0
58,77,97,74,94,0,0,5,42,1,0,0,0,0,0,0,0,9,9,0,0,0,0,0,0,0
63,77,76,71,94,0,0,14,35,4,0,0,0,0,0,0,0,0,0,0,0,0,0,0,0,0
74,77,76,74,94,0,0,21,44,0,0,0,0,0,0,0,0,0,0,0,0,1,2,0,0,0
105,93,76,71,94,0,0,0,0,54,54,7,0,0,0,0,0,0,0,0,0,0,0,0,0,0
78,80,76,71,94,2,0,0,6,56,2,5,0,0,0,0,0,0,0,0,0,0,0,0,0,0
99,77,76,71,94,32,14,18,28,0,0,0,0,0,0,0,0,0,0,0,0,0,0,0,0,0
33,132,76,78,103,0,0,1,0,0,0,2,74,0,0,0,0,0,0,0,0,0,4,3,1,1
81,77,76,71,94,2,3,65,3,0,0,0,0,0,0,0,0,0,0,0,0,0,0,0,0,0
22,94,79,71,94,0,7,2,0,0,0,0,0,10,10,0,0,0,0,0,0,0,0,0,0,0
79,77,77,72,95,0,5,57,8,0,0,0,0,0,0,0,0,0,0,1,0,0,0,1,0,0
63,77,76,71,94,0,46,0,2,4,1,0,0,0,0,0,0,0,0,0,0,0,0,0,0,0
40,138,76,71,94,0,0,2,0,0,5,40,11,33,0,0,0,0,0,0,0,0,0,0,0,0
91,78,76,71,94,0,55,24,2,1,2,1,0,0,0,0,0,0,0,0,0,0,0,0,0,0
85,94,76,74,94,0,3,0,0,25,61,4,0,0,0,0,0,0,0,0,0,2,0,0,0,0
83,112,76,71,94,0,0,17,4,0,36,54,0,0,0,0,0,0,0,0,0,0,0,0,0,0
56,95,77,74,94,1,1,0,0,0,50,12,0,0,0,0,0,0,0,0,2,0,0,0,0,0
82,94,76,71,94,0,0,0,0,27,59,5,0,0,0,0,0,0,0,0,0,0,0,0,0,0
71,110,88,71,94,0,50,12,0,0,0,0,0,7,37,0,0,0,0,0,0,0,0,0,0,0
21,174,90,71,94,0,0,0,0,0,0,0,36,40,44,0,0,0,0,0,0,0,0,0,0,0
73,79,76,82,94,62,1,0,0,0,0,0,2,1,0,0,0,0,0,0,0,6,2,0,0,0
76,77,76,72,94,2,9,56,0,0,0,0,0,0,0,0,0,0,0,0,0,0,1,0,0,0
71,118,78,71,94,0,6,56,0,0,0,0,0,38,6,0,0,0,0,0,0,0,0,0,0,0
18,90,131,71,94,0,1,2,0,2,1,0,0,0,0,0,53,4,0,0,0,0,0,0,0,0
