,scaled_input_RevolvingUtilizationOfUnsecuredLines,scaled_input_age,scaled_input_NumberOfTime30-59DaysPastDueNotWorse,scaled_input_DebtRatio,scaled_input_MonthlyIncome,scaled_input_NumberOfOpenCreditLinesAndLoans,scaled_input_NumberOfTimes90DaysLate,scaled_input_NumberRealEstateLoansOrLines,scaled_input_NumberOfTime60-89DaysPastDueNotWorse,scaled_input_NumberOfDependents,scaled_input_target,origin_input_RevolvingUtilizationOfUnsecuredLines,origin_input_age,origin_input_NumberOfTime30-59DaysPastDueNotWorse,origin_input_DebtRatio,origin_input_MonthlyIncome,origin_input_NumberOfOpenCreditLinesAndLoans,origin_input_NumberOfTimes90DaysLate,origin_input_NumberRealEstateLoansOrLines,origin_input_NumberOfTime60-89DaysPastDueNotWorse,origin_input_NumberOfDependents,origin_input_target,running_time,Found,ground_truth,prediction,scaled_cf_RevolvingUtilizationOfUnsecuredLines,scaled_cf_age,scaled_cf_NumberOfTime30-59DaysPastDueNotWorse,scaled_cf_DebtRatio,scaled_cf_MonthlyIncome,scaled_cf_NumberOfOpenCreditLinesAndLoans,scaled_cf_NumberOfTimes90DaysLate,scaled_cf_NumberRealEstateLoansOrLines,scaled_cf_NumberOfTime60-89DaysPastDueNotWorse,scaled_cf_NumberOfDependents,scaled_cf_target,origin_cf_RevolvingUtilizationOfUnsecuredLines,origin_cf_age,origin_cf_NumberOfTime30-59DaysPastDueNotWorse,origin_cf_DebtRatio,origin_cf_MonthlyIncome,origin_cf_NumberOfOpenCreditLinesAndLoans,origin_cf_NumberOfTimes90DaysLate,origin_cf_NumberRealEstateLoansOrLines,origin_cf_NumberOfTime60-89DaysPastDueNotWorse,origin_cf_NumberOfDependents,origin_cf_target
0,3.6865245727272725e-05,0.20512820512820512,0.0,1.4647191906683179e-05,0.03796,0.17307692307692307,0.0,0.06896551724137931,0.0,0.25,N,0.811035406,37.0,0.0,0.366663155,9490.0,9.0,0.0,2.0,0.0,2.0,N,22.194391012191772,N,Y,N,,,,,,,,,,,,,,,,,,,,,,
0,3.6865245727272725e-05,0.20512820512820512,0.0,1.4647191906683179e-05,0.03796,0.17307692307692307,0.0,0.06896551724137931,0.0,0.25,N,0.811035406,37.0,0.0,0.366663155,9490.0,9.0,0.0,2.0,0.0,2.0,N,22.116610050201416,N,Y,N,,,,,,,,,,,,,,,,,,,,,,
0,3.6865245727272725e-05,0.20512820512820512,0.0,1.4647191906683179e-05,0.03796,0.17307692307692307,0.0,0.06896551724137931,0.0,0.25,N,0.811035406,37.0,0.0,0.366663155,9490.0,9.0,0.0,2.0,0.0,2.0,N,22.55983591079712,N,Y,N,,,,,,,,,,,,,,,,,,,,,,
0,3.6865245727272725e-05,0.20512820512820512,0.0,1.4647191906683179e-05,0.03796,0.17307692307692307,0.0,0.06896551724137931,0.0,0.25,N,0.811035406,37.0,0.0,0.366663155,9490.0,9.0,0.0,2.0,0.0,2.0,N,21.933430194854736,N,Y,N,,,,,,,,,,,,,,,,,,,,,,
0,3.6865245727272725e-05,0.20512820512820512,0.0,1.4647191906683179e-05,0.03796,0.17307692307692307,0.0,0.06896551724137931,0.0,0.25,N,0.811035406,37.0,0.0,0.366663155,9490.0,9.0,0.0,2.0,0.0,2.0,N,22.260569095611572,N,Y,N,,,,,,,,,,,,,,,,,,,,,,
0,4.231160527272727e-05,0.23076923076923078,0.01020408163265306,3.564832792713618e-05,0.0136,0.17307692307692307,0.0,0.06896551724137931,0.0,0.25,Y,0.930855316,39.0,1.0,0.892384593,3400.0,9.0,0.0,2.0,0.0,2.0,Y,21.80593204498291,Y,Y,Y,0.0,0.0,0.0,0.0,0.0,0.0,0.0,0.0,0.0,0.0,N,0.0,21.000002,0.0,0.0,0.0,0.0,0.0,0.0,0.0,0.0,N
0,4.231160527272727e-05,0.23076923076923078,0.01020408163265306,3.564832792713618e-05,0.0136,0.17307692307692307,0.0,0.06896551724137931,0.0,0.25,Y,0.930855316,39.0,1.0,0.892384593,3400.0,9.0,0.0,2.0,0.0,2.0,Y,21.8725368976593,Y,Y,Y,0.0,0.0,0.0,0.0,0.0,0.0,0.0,0.0,0.0,0.0,N,0.0,21.000002,0.0,0.0,0.0,0.0,0.0,0.0,0.0,0.0,N
0,4.231160527272727e-05,0.23076923076923078,0.01020408163265306,3.564832792713618e-05,0.0136,0.17307692307692307,0.0,0.06896551724137931,0.0,0.25,Y,0.930855316,39.0,1.0,0.892384593,3400.0,9.0,0.0,2.0,0.0,2.0,Y,21.97892999649048,Y,Y,Y,0.0,0.0,0.0,0.0,0.0,0.0,0.0,0.0,0.0,0.0,N,0.0,21.000002,0.0,0.0,0.0,0.0,0.0,0.0,0.0,0.0,N
0,4.231160527272727e-05,0.23076923076923078,0.01020408163265306,3.564832792713618e-05,0.0136,0.17307692307692307,0.0,0.06896551724137931,0.0,0.25,Y,0.930855316,39.0,1.0,0.892384593,3400.0,9.0,0.0,2.0,0.0,2.0,Y,21.841922998428345,Y,Y,Y,0.0,0.0,0.0,0.0,0.0,0.0,0.0,0.0,0.0,0.0,N,0.0,21.000002,0.0,0.0,0.0,0.0,0.0,0.0,0.0,0.0,N
0,4.231160527272727e-05,0.23076923076923078,0.01020408163265306,3.564832792713618e-05,0.0136,0.17307692307692307,0.0,0.06896551724137931,0.0,0.25,Y,0.930855316,39.0,1.0,0.892384593,3400.0,9.0,0.0,2.0,0.0,2.0,Y,21.84240484237671,Y,Y,Y,0.0,0.0,0.0,0.0,0.0,0.0,0.0,0.0,0.0,0.0,N,0.0,21.000002,0.0,0.0,0.0,0.0,0.0,0.0,0.0,0.0,N
0,8.634636727272726e-06,0.0641025641025641,0.0,3.9851434506451484e-05,0.01,0.11538461538461539,0.0,0.06896551724137931,0.0,0.0,N,0.189962008,26.0,0.0,0.99760096,2500.0,6.0,0.0,2.0,0.0,0.0,N,21.887758255004883,N,N,N,,,,,,,,,,,,,,,,,,,,,,
0,8.634636727272726e-06,0.0641025641025641,0.0,3.9851434506451484e-05,0.01,0.11538461538461539,0.0,0.06896551724137931,0.0,0.0,N,0.189962008,26.0,0.0,0.99760096,2500.0,6.0,0.0,2.0,0.0,0.0,N,22.049248933792114,N,N,N,,,,,,,,,,,,,,,,,,,,,,
0,8.634636727272726e-06,0.0641025641025641,0.0,3.9851434506451484e-05,0.01,0.11538461538461539,0.0,0.06896551724137931,0.0,0.0,N,0.189962008,26.0,0.0,0.99760096,2500.0,6.0,0.0,2.0,0.0,0.0,N,22.087369918823242,N,N,N,,,,,,,,,,,,,,,,,,,,,,
0,8.634636727272726e-06,0.0641025641025641,0.0,3.9851434506451484e-05,0.01,0.11538461538461539,0.0,0.06896551724137931,0.0,0.0,N,0.189962008,26.0,0.0,0.99760096,2500.0,6.0,0.0,2.0,0.0,0.0,N,22.111736059188843,N,N,N,,,,,,,,,,,,,,,,,,,,,,
0,8.634636727272726e-06,0.0641025641025641,0.0,3.9851434506451484e-05,0.01,0.11538461538461539,0.0,0.06896551724137931,0.0,0.0,N,0.189962008,26.0,0.0,0.99760096,2500.0,6.0,0.0,2.0,0.0,0.0,N,22.12107801437378,N,N,N,,,,,,,,,,,,,,,,,,,,,,
0,4.4281098409090906e-05,0.43589743589743585,0.01020408163265306,2.2578505652538646e-05,0.018,0.13461538461538464,0.0,0.06896551724137931,0.0,0.0,N,0.974184165,55.0,1.0,0.565207732,4500.0,7.000000000000001,0.0,2.0,0.0,0.0,N,22.149081707000732,N,Y,N,,,,,,,,,,,,,,,,,,,,,,
0,4.4281098409090906e-05,0.43589743589743585,0.01020408163265306,2.2578505652538646e-05,0.018,0.13461538461538464,0.0,0.06896551724137931,0.0,0.0,N,0.974184165,55.0,1.0,0.565207732,4500.0,7.000000000000001,0.0,2.0,0.0,0.0,N,22.363919973373413,N,Y,N,,,,,,,,,,,,,,,,,,,,,,
0,4.4281098409090906e-05,0.43589743589743585,0.01020408163265306,2.2578505652538646e-05,0.018,0.13461538461538464,0.0,0.06896551724137931,0.0,0.0,N,0.974184165,55.0,1.0,0.565207732,4500.0,7.000000000000001,0.0,2.0,0.0,0.0,N,22.60182499885559,N,Y,N,,,,,,,,,,,,,,,,,,,,,,
0,4.4281098409090906e-05,0.43589743589743585,0.01020408163265306,2.2578505652538646e-05,0.018,0.13461538461538464,0.0,0.06896551724137931,0.0,0.0,N,0.974184165,55.0,1.0,0.565207732,4500.0,7.000000000000001,0.0,2.0,0.0,0.0,N,22.164607048034668,N,Y,N,,,,,,,,,,,,,,,,,,,,,,
0,4.4281098409090906e-05,0.43589743589743585,0.01020408163265306,2.2578505652538646e-05,0.018,0.13461538461538464,0.0,0.06896551724137931,0.0,0.0,N,0.974184165,55.0,1.0,0.565207732,4500.0,7.000000000000001,0.0,2.0,0.0,0.0,N,22.415765047073364,N,Y,N,,,,,,,,,,,,,,,,,,,,,,
0,1.4940663636363634e-07,0.282051282051282,0.0,6.717409339671633e-06,0.013864,0.3269230769230769,0.0,0.034482758620689655,0.0,0.25,N,0.003286946,42.99999999999999,0.0,0.168156908,3466.0,17.0,0.0,1.0,0.0,2.0,N,23.030898809432983,N,N,N,,,,,,,,,,,,,,,,,,,,,,
0,1.4940663636363634e-07,0.282051282051282,0.0,6.717409339671633e-06,0.013864,0.3269230769230769,0.0,0.034482758620689655,0.0,0.25,N,0.003286946,42.99999999999999,0.0,0.168156908,3466.0,17.0,0.0,1.0,0.0,2.0,N,22.299354076385498,N,N,N,,,,,,,,,,,,,,,,,,,,,,
0,1.4940663636363634e-07,0.282051282051282,0.0,6.717409339671633e-06,0.013864,0.3269230769230769,0.0,0.034482758620689655,0.0,0.25,N,0.003286946,42.99999999999999,0.0,0.168156908,3466.0,17.0,0.0,1.0,0.0,2.0,N,22.3427152633667,N,N,N,,,,,,,,,,,,,,,,,,,,,,
0,1.4940663636363634e-07,0.282051282051282,0.0,6.717409339671633e-06,0.013864,0.3269230769230769,0.0,0.034482758620689655,0.0,0.25,N,0.003286946,42.99999999999999,0.0,0.168156908,3466.0,17.0,0.0,1.0,0.0,2.0,N,23.42916989326477,N,N,N,,,,,,,,,,,,,,,,,,,,,,
0,1.4940663636363634e-07,0.282051282051282,0.0,6.717409339671633e-06,0.013864,0.3269230769230769,0.0,0.034482758620689655,0.0,0.25,N,0.003286946,42.99999999999999,0.0,0.168156908,3466.0,17.0,0.0,1.0,0.0,2.0,N,22.634732723236084,N,N,N,,,,,,,,,,,,,,,,,,,,,,
0,4.545454090909091e-05,0.38461538461538464,0.01020408163265306,0.0,0.024716,0.038461538461538464,0.0,0.0,0.01020408163265306,0.0,Y,0.9999999,51.0,1.0,0.0,6179.0,2.0,0.0,0.0,1.0,0.0,Y,22.55359387397766,Y,Y,Y,0.0,0.0,0.0,0.0,0.0,0.0,0.0,0.0,0.0,0.0,N,0.0,21.000002,0.0,0.0,0.0,0.0,0.0,0.0,0.0,0.0,N
0,4.545454090909091e-05,0.38461538461538464,0.01020408163265306,0.0,0.024716,0.038461538461538464,0.0,0.0,0.01020408163265306,0.0,Y,0.9999999,51.0,1.0,0.0,6179.0,2.0,0.0,0.0,1.0,0.0,Y,22.338096141815186,Y,Y,Y,0.0,0.0,0.0,0.0,0.0,0.0,0.0,0.0,0.0,0.0,N,0.0,21.000002,0.0,0.0,0.0,0.0,0.0,0.0,0.0,0.0,N
0,4.545454090909091e-05,0.38461538461538464,0.01020408163265306,0.0,0.024716,0.038461538461538464,0.0,0.0,0.01020408163265306,0.0,Y,0.9999999,51.0,1.0,0.0,6179.0,2.0,0.0,0.0,1.0,0.0,Y,22.51593804359436,Y,Y,Y,0.0,0.0,0.0,0.0,0.0,0.0,0.0,0.0,0.0,0.0,N,0.0,21.000002,0.0,0.0,0.0,0.0,0.0,0.0,0.0,0.0,N
0,4.545454090909091e-05,0.38461538461538464,0.01020408163265306,0.0,0.024716,0.038461538461538464,0.0,0.0,0.01020408163265306,0.0,Y,0.9999999,51.0,1.0,0.0,6179.0,2.0,0.0,0.0,1.0,0.0,Y,23.342246770858765,Y,Y,Y,0.0,0.0,0.0,0.0,0.0,0.0,0.0,0.0,0.0,0.0,N,0.0,21.000002,0.0,0.0,0.0,0.0,0.0,0.0,0.0,0.0,N
0,4.545454090909091e-05,0.38461538461538464,0.01020408163265306,0.0,0.024716,0.038461538461538464,0.0,0.0,0.01020408163265306,0.0,Y,0.9999999,51.0,1.0,0.0,6179.0,2.0,0.0,0.0,1.0,0.0,Y,23.464478969573975,Y,Y,Y,0.0,0.0,0.0,0.0,0.0,0.0,0.0,0.0,0.0,0.0,N,0.0,21.000002,0.0,0.0,0.0,0.0,0.0,0.0,0.0,0.0,N
0,3.984734249999999e-05,0.48717948717948717,0.0,1.5980382734790078e-05,0.021664,0.2692307692307693,0.0,0.0,0.0,0.0,N,0.8766415349999999,59.0,0.0,0.40003692100000005,5416.0,14.000000000000002,0.0,0.0,0.0,0.0,N,23.89007306098938,N,Y,N,,,,,,,,,,,,,,,,,,,,,,
0,3.984734249999999e-05,0.48717948717948717,0.0,1.5980382734790078e-05,0.021664,0.2692307692307693,0.0,0.0,0.0,0.0,N,0.8766415349999999,59.0,0.0,0.40003692100000005,5416.0,14.000000000000002,0.0,0.0,0.0,0.0,N,23.99923610687256,N,Y,N,,,,,,,,,,,,,,,,,,,,,,
0,3.984734249999999e-05,0.48717948717948717,0.0,1.5980382734790078e-05,0.021664,0.2692307692307693,0.0,0.0,0.0,0.0,N,0.8766415349999999,59.0,0.0,0.40003692100000005,5416.0,14.000000000000002,0.0,0.0,0.0,0.0,N,23.829580068588257,N,Y,N,,,,,,,,,,,,,,,,,,,,,,
0,3.984734249999999e-05,0.48717948717948717,0.0,1.5980382734790078e-05,0.021664,0.2692307692307693,0.0,0.0,0.0,0.0,N,0.8766415349999999,59.0,0.0,0.40003692100000005,5416.0,14.000000000000002,0.0,0.0,0.0,0.0,N,23.892253160476685,N,Y,N,,,,,,,,,,,,,,,,,,,,,,
0,3.984734249999999e-05,0.48717948717948717,0.0,1.5980382734790078e-05,0.021664,0.2692307692307693,0.0,0.0,0.0,0.0,N,0.8766415349999999,59.0,0.0,0.40003692100000005,5416.0,14.000000000000002,0.0,0.0,0.0,0.0,N,23.817179918289185,N,Y,N,,,,,,,,,,,,,,,,,,,,,,
0,3.566244763636363e-05,0.4743589743589744,0.02040816326530612,8.37980829305317e-06,0.0212,0.09615384615384616,0.0,0.0,0.0,0.0,Y,0.784573848,58.00000000000001,2.0,0.209771741,5300.0,5.0,0.0,0.0,0.0,0.0,Y,23.82935118675232,Y,N,Y,0.0,0.0,0.0,0.0,0.0,0.0,0.0,0.0,0.0,0.0,N,0.0,21.000002,0.0,0.0,0.0,0.0,0.0,0.0,0.0,0.0,N
0,3.566244763636363e-05,0.4743589743589744,0.02040816326530612,8.37980829305317e-06,0.0212,0.09615384615384616,0.0,0.0,0.0,0.0,Y,0.784573848,58.00000000000001,2.0,0.209771741,5300.0,5.0,0.0,0.0,0.0,0.0,Y,23.852267026901245,Y,N,Y,0.0,0.0,0.0,0.0,0.0,0.0,0.0,0.0,0.0,0.0,N,0.0,21.000002,0.0,0.0,0.0,0.0,0.0,0.0,0.0,0.0,N
0,3.566244763636363e-05,0.4743589743589744,0.02040816326530612,8.37980829305317e-06,0.0212,0.09615384615384616,0.0,0.0,0.0,0.0,Y,0.784573848,58.00000000000001,2.0,0.209771741,5300.0,5.0,0.0,0.0,0.0,0.0,Y,23.789059162139893,Y,N,Y,0.0,0.0,0.0,0.0,0.0,0.0,0.0,0.0,0.0,0.0,N,0.0,21.000002,0.0,0.0,0.0,0.0,0.0,0.0,0.0,0.0,N
0,3.566244763636363e-05,0.4743589743589744,0.02040816326530612,8.37980829305317e-06,0.0212,0.09615384615384616,0.0,0.0,0.0,0.0,Y,0.784573848,58.00000000000001,2.0,0.209771741,5300.0,5.0,0.0,0.0,0.0,0.0,Y,23.435657024383545,Y,N,Y,0.0,0.0,0.0,0.0,0.0,0.0,0.0,0.0,0.0,0.0,N,0.0,21.000002,0.0,0.0,0.0,0.0,0.0,0.0,0.0,0.0,N
0,3.566244763636363e-05,0.4743589743589744,0.02040816326530612,8.37980829305317e-06,0.0212,0.09615384615384616,0.0,0.0,0.0,0.0,Y,0.784573848,58.00000000000001,2.0,0.209771741,5300.0,5.0,0.0,0.0,0.0,0.0,Y,22.928985118865967,Y,N,Y,0.0,0.0,0.0,0.0,0.0,0.0,0.0,0.0,0.0,0.0,N,0.0,21.000002,0.0,0.0,0.0,0.0,0.0,0.0,0.0,0.0,N
0,1.5865534318181817e-05,0.0641025641025641,0.0,6.3807787320736625e-06,0.032,0.11538461538461539,0.0,0.034482758620689655,0.0,0.0,N,0.349041755,26.0,0.0,0.159730034,8000.000000000001,6.0,0.0,1.0,0.0,0.0,N,23.29007911682129,N,N,N,,,,,,,,,,,,,,,,,,,,,,
0,1.5865534318181817e-05,0.0641025641025641,0.0,6.3807787320736625e-06,0.032,0.11538461538461539,0.0,0.034482758620689655,0.0,0.0,N,0.349041755,26.0,0.0,0.159730034,8000.000000000001,6.0,0.0,1.0,0.0,0.0,N,23.250728845596313,N,N,N,,,,,,,,,,,,,,,,,,,,,,
0,1.5865534318181817e-05,0.0641025641025641,0.0,6.3807787320736625e-06,0.032,0.11538461538461539,0.0,0.034482758620689655,0.0,0.0,N,0.349041755,26.0,0.0,0.159730034,8000.000000000001,6.0,0.0,1.0,0.0,0.0,N,23.167752027511597,N,N,N,,,,,,,,,,,,,,,,,,,,,,
0,1.5865534318181817e-05,0.0641025641025641,0.0,6.3807787320736625e-06,0.032,0.11538461538461539,0.0,0.034482758620689655,0.0,0.0,N,0.349041755,26.0,0.0,0.159730034,8000.000000000001,6.0,0.0,1.0,0.0,0.0,N,23.2634379863739,N,N,N,,,,,,,,,,,,,,,,,,,,,,
0,1.5865534318181817e-05,0.0641025641025641,0.0,6.3807787320736625e-06,0.032,0.11538461538461539,0.0,0.034482758620689655,0.0,0.0,N,0.349041755,26.0,0.0,0.159730034,8000.000000000001,6.0,0.0,1.0,0.0,0.0,N,23.232188940048218,N,N,N,,,,,,,,,,,,,,,,,,,,,,
0,1.7721269954545455e-05,0.6794871794871795,0.0,8.762336995166381e-06,0.032,0.23076923076923078,0.0,0.0,0.0,0.0,N,0.38986793900000005,74.0,0.0,0.21934758200000004,8000.000000000001,12.0,0.0,0.0,0.0,0.0,N,23.186779975891113,N,Y,N,,,,,,,,,,,,,,,,,,,,,,
0,1.7721269954545455e-05,0.6794871794871795,0.0,8.762336995166381e-06,0.032,0.23076923076923078,0.0,0.0,0.0,0.0,N,0.38986793900000005,74.0,0.0,0.21934758200000004,8000.000000000001,12.0,0.0,0.0,0.0,0.0,N,23.18441081047058,N,Y,N,,,,,,,,,,,,,,,,,,,,,,
0,1.7721269954545455e-05,0.6794871794871795,0.0,8.762336995166381e-06,0.032,0.23076923076923078,0.0,0.0,0.0,0.0,N,0.38986793900000005,74.0,0.0,0.21934758200000004,8000.000000000001,12.0,0.0,0.0,0.0,0.0,N,23.071976900100708,N,Y,N,,,,,,,,,,,,,,,,,,,,,,
0,1.7721269954545455e-05,0.6794871794871795,0.0,8.762336995166381e-06,0.032,0.23076923076923078,0.0,0.0,0.0,0.0,N,0.38986793900000005,74.0,0.0,0.21934758200000004,8000.000000000001,12.0,0.0,0.0,0.0,0.0,N,23.186933040618896,N,Y,N,,,,,,,,,,,,,,,,,,,,,,
0,1.7721269954545455e-05,0.6794871794871795,0.0,8.762336995166381e-06,0.032,0.23076923076923078,0.0,0.0,0.0,0.0,N,0.38986793900000005,74.0,0.0,0.21934758200000004,8000.000000000001,12.0,0.0,0.0,0.0,0.0,N,23.1763117313385,N,Y,N,,,,,,,,,,,,,,,,,,,,,,
0,1.592054018181818e-05,0.21794871794871795,0.01020408163265306,3.315894910717853e-05,0.01,0.19230769230769232,0.0,0.0,0.01020408163265306,0.0,Y,0.350251884,38.0,1.0,0.8300679730000001,2500.0,10.0,0.0,0.0,1.0,0.0,Y,23.076942920684814,Y,Y,Y,0.0,0.0,0.0,0.0,0.0,0.0,0.0,0.0,0.0,0.0,N,0.0,21.000002,0.0,0.0,0.0,0.0,0.0,0.0,0.0,0.0,N
0,1.592054018181818e-05,0.21794871794871795,0.01020408163265306,3.315894910717853e-05,0.01,0.19230769230769232,0.0,0.0,0.01020408163265306,0.0,Y,0.350251884,38.0,1.0,0.8300679730000001,2500.0,10.0,0.0,0.0,1.0,0.0,Y,22.809161901474,Y,Y,Y,0.0,0.0,0.0,0.0,0.0,0.0,0.0,0.0,0.0,0.0,N,0.0,21.000002,0.0,0.0,0.0,0.0,0.0,0.0,0.0,0.0,N
0,1.592054018181818e-05,0.21794871794871795,0.01020408163265306,3.315894910717853e-05,0.01,0.19230769230769232,0.0,0.0,0.01020408163265306,0.0,Y,0.350251884,38.0,1.0,0.8300679730000001,2500.0,10.0,0.0,0.0,1.0,0.0,Y,22.76500391960144,Y,Y,Y,0.0,0.0,0.0,0.0,0.0,0.0,0.0,0.0,0.0,0.0,N,0.0,21.000002,0.0,0.0,0.0,0.0,0.0,0.0,0.0,0.0,N
0,1.592054018181818e-05,0.21794871794871795,0.01020408163265306,3.315894910717853e-05,0.01,0.19230769230769232,0.0,0.0,0.01020408163265306,0.0,Y,0.350251884,38.0,1.0,0.8300679730000001,2500.0,10.0,0.0,0.0,1.0,0.0,Y,22.759033679962158,Y,Y,Y,0.0,0.0,0.0,0.0,0.0,0.0,0.0,0.0,0.0,0.0,N,0.0,21.000002,0.0,0.0,0.0,0.0,0.0,0.0,0.0,0.0,N
0,1.592054018181818e-05,0.21794871794871795,0.01020408163265306,3.315894910717853e-05,0.01,0.19230769230769232,0.0,0.0,0.01020408163265306,0.0,Y,0.350251884,38.0,1.0,0.8300679730000001,2500.0,10.0,0.0,0.0,1.0,0.0,Y,22.929285764694214,Y,Y,Y,0.0,0.0,0.0,0.0,0.0,0.0,0.0,0.0,0.0,0.0,N,0.0,21.000002,0.0,0.0,0.0,0.0,0.0,0.0,0.0,0.0,N
0,2.4926235136363635e-05,0.4102564102564103,0.01020408163265306,1.1184443734270762e-06,0.016139999999999998,0.15384615384615385,0.0,0.0,0.0,0.25,N,0.548377173,53.00000000000001,1.0,0.027998018,4034.9999999999995,8.0,0.0,0.0,0.0,2.0,N,22.99146819114685,Y,N,N,0.0,0.0,0.0,1.0,1.0,0.0,0.0,0.0,0.0,0.0,Y,0.0,21.000002,0.0,25033.0,250000.0,0.0,0.0,0.0,0.0,0.0,Y
0,2.4926235136363635e-05,0.4102564102564103,0.01020408163265306,1.1184443734270762e-06,0.016139999999999998,0.15384615384615385,0.0,0.0,0.0,0.25,N,0.548377173,53.00000000000001,1.0,0.027998018,4034.9999999999995,8.0,0.0,0.0,0.0,2.0,N,23.13306474685669,Y,N,N,0.0,0.0,0.0,1.0,1.0,0.0,0.0,0.0,0.0,0.0,Y,0.0,21.000002,0.0,25033.0,250000.0,0.0,0.0,0.0,0.0,0.0,Y
0,2.4926235136363635e-05,0.4102564102564103,0.01020408163265306,1.1184443734270762e-06,0.016139999999999998,0.15384615384615385,0.0,0.0,0.0,0.25,N,0.548377173,53.00000000000001,1.0,0.027998018,4034.9999999999995,8.0,0.0,0.0,0.0,2.0,N,23.058706998825073,Y,N,N,0.0,0.0,0.0,1.0,1.0,0.0,0.0,0.0,0.0,0.0,Y,0.0,21.000002,0.0,25033.0,250000.0,0.0,0.0,0.0,0.0,0.0,Y
0,2.4926235136363635e-05,0.4102564102564103,0.01020408163265306,1.1184443734270762e-06,0.016139999999999998,0.15384615384615385,0.0,0.0,0.0,0.25,N,0.548377173,53.00000000000001,1.0,0.027998018,4034.9999999999995,8.0,0.0,0.0,0.0,2.0,N,22.948718786239624,Y,N,N,0.0,0.0,0.0,1.0,1.0,0.0,0.0,0.0,0.0,0.0,Y,0.0,21.000002,0.0,25033.0,250000.0,0.0,0.0,0.0,0.0,0.0,Y
0,2.4926235136363635e-05,0.4102564102564103,0.01020408163265306,1.1184443734270762e-06,0.016139999999999998,0.15384615384615385,0.0,0.0,0.0,0.25,N,0.548377173,53.00000000000001,1.0,0.027998018,4034.9999999999995,8.0,0.0,0.0,0.0,2.0,N,23.100464820861816,Y,N,N,0.0,0.0,0.0,1.0,1.0,0.0,0.0,0.0,0.0,0.0,Y,0.0,21.000002,0.0,25033.0,250000.0,0.0,0.0,0.0,0.0,0.0,Y
0,4.545454090909091e-05,0.051282051282051266,0.0,1.1727180921184038e-06,0.0063999999999999994,0.019230769230769232,0.02040816326530612,0.0,0.0,0.125,Y,0.9999999,25.0,0.0,0.029356652,1600.0,1.0,2.0,0.0,0.0,1.0,Y,22.94696307182312,Y,Y,Y,0.0,0.0,0.0,0.0,0.0,0.0,0.0,0.0,0.0,0.0,N,0.0,21.000002,0.0,0.0,0.0,0.0,0.0,0.0,0.0,0.0,N
0,4.545454090909091e-05,0.051282051282051266,0.0,1.1727180921184038e-06,0.0063999999999999994,0.019230769230769232,0.02040816326530612,0.0,0.0,0.125,Y,0.9999999,25.0,0.0,0.029356652,1600.0,1.0,2.0,0.0,0.0,1.0,Y,23.04557180404663,Y,Y,Y,0.0,0.0,0.0,0.0,0.0,0.0,0.0,0.0,0.0,0.0,N,0.0,21.000002,0.0,0.0,0.0,0.0,0.0,0.0,0.0,0.0,N
0,4.545454090909091e-05,0.051282051282051266,0.0,1.1727180921184038e-06,0.0063999999999999994,0.019230769230769232,0.02040816326530612,0.0,0.0,0.125,Y,0.9999999,25.0,0.0,0.029356652,1600.0,1.0,2.0,0.0,0.0,1.0,Y,23.011872053146362,Y,Y,Y,0.0,0.0,0.0,0.0,0.0,0.0,0.0,0.0,0.0,0.0,N,0.0,21.000002,0.0,0.0,0.0,0.0,0.0,0.0,0.0,0.0,N
0,4.545454090909091e-05,0.051282051282051266,0.0,1.1727180921184038e-06,0.0063999999999999994,0.019230769230769232,0.02040816326530612,0.0,0.0,0.125,Y,0.9999999,25.0,0.0,0.029356652,1600.0,1.0,2.0,0.0,0.0,1.0,Y,23.110894203186035,Y,Y,Y,0.0,0.0,0.0,0.0,0.0,0.0,0.0,0.0,0.0,0.0,N,0.0,21.000002,0.0,0.0,0.0,0.0,0.0,0.0,0.0,0.0,N
0,4.545454090909091e-05,0.051282051282051266,0.0,1.1727180921184038e-06,0.0063999999999999994,0.019230769230769232,0.02040816326530612,0.0,0.0,0.125,Y,0.9999999,25.0,0.0,0.029356652,1600.0,1.0,2.0,0.0,0.0,1.0,Y,23.084888219833374,Y,Y,Y,0.0,0.0,0.0,0.0,0.0,0.0,0.0,0.0,0.0,0.0,N,0.0,21.000002,0.0,0.0,0.0,0.0,0.0,0.0,0.0,0.0,N
0,3.1100125e-06,0.6794871794871795,0.0,6.548732872608158e-07,0.01,0.25,0.0,0.0,0.0,0.0,N,0.068420275,74.0,0.0,0.016393443,2500.0,13.0,0.0,0.0,0.0,0.0,N,23.269099950790405,N,Y,N,,,,,,,,,,,,,,,,,,,,,,
0,3.1100125e-06,0.6794871794871795,0.0,6.548732872608158e-07,0.01,0.25,0.0,0.0,0.0,0.0,N,0.068420275,74.0,0.0,0.016393443,2500.0,13.0,0.0,0.0,0.0,0.0,N,22.923537969589233,N,Y,N,,,,,,,,,,,,,,,,,,,,,,
0,3.1100125e-06,0.6794871794871795,0.0,6.548732872608158e-07,0.01,0.25,0.0,0.0,0.0,0.0,N,0.068420275,74.0,0.0,0.016393443,2500.0,13.0,0.0,0.0,0.0,0.0,N,23.551554203033447,N,Y,N,,,,,,,,,,,,,,,,,,,,,,
0,3.1100125e-06,0.6794871794871795,0.0,6.548732872608158e-07,0.01,0.25,0.0,0.0,0.0,0.0,N,0.068420275,74.0,0.0,0.016393443,2500.0,13.0,0.0,0.0,0.0,0.0,N,23.425768852233887,N,Y,N,,,,,,,,,,,,,,,,,,,,,,
0,3.1100125e-06,0.6794871794871795,0.0,6.548732872608158e-07,0.01,0.25,0.0,0.0,0.0,0.0,N,0.068420275,74.0,0.0,0.016393443,2500.0,13.0,0.0,0.0,0.0,0.0,N,23.14988613128662,N,Y,N,,,,,,,,,,,,,,,,,,,,,,
0,3.1521418636363633e-06,0.6025641025641026,0.0,3.850531298685735e-07,0.060168,0.13461538461538464,0.0,0.0,0.0,0.125,N,0.069347121,68.0,0.0,0.009639035,15042.0,7.000000000000001,0.0,0.0,0.0,1.0,N,23.65092706680298,N,N,N,,,,,,,,,,,,,,,,,,,,,,
0,3.1521418636363633e-06,0.6025641025641026,0.0,3.850531298685735e-07,0.060168,0.13461538461538464,0.0,0.0,0.0,0.125,N,0.069347121,68.0,0.0,0.009639035,15042.0,7.000000000000001,0.0,0.0,0.0,1.0,N,28.793651819229126,N,N,N,,,,,,,,,,,,,,,,,,,,,,
0,3.1521418636363633e-06,0.6025641025641026,0.0,3.850531298685735e-07,0.060168,0.13461538461538464,0.0,0.0,0.0,0.125,N,0.069347121,68.0,0.0,0.009639035,15042.0,7.000000000000001,0.0,0.0,0.0,1.0,N,25.236948013305664,N,N,N,,,,,,,,,,,,,,,,,,,,,,
0,3.1521418636363633e-06,0.6025641025641026,0.0,3.850531298685735e-07,0.060168,0.13461538461538464,0.0,0.0,0.0,0.125,N,0.069347121,68.0,0.0,0.009639035,15042.0,7.000000000000001,0.0,0.0,0.0,1.0,N,27.060377836227417,N,N,N,,,,,,,,,,,,,,,,,,,,,,
0,3.1521418636363633e-06,0.6025641025641026,0.0,3.850531298685735e-07,0.060168,0.13461538461538464,0.0,0.0,0.0,0.125,N,0.069347121,68.0,0.0,0.009639035,15042.0,7.000000000000001,0.0,0.0,0.0,1.0,N,26.672438144683838,N,N,N,,,,,,,,,,,,,,,,,,,,,,
0,0.0,0.5769230769230769,0.0,1.7235019414373026e-05,0.017499999999999998,0.19230769230769232,0.0,0.034482758620689655,0.0,0.0,N,0.0,66.0,0.0,0.43144424099999995,4375.0,10.0,0.0,1.0,0.0,0.0,N,26.586190938949585,N,N,N,,,,,,,,,,,,,,,,,,,,,,
0,0.0,0.5769230769230769,0.0,1.7235019414373026e-05,0.017499999999999998,0.19230769230769232,0.0,0.034482758620689655,0.0,0.0,N,0.0,66.0,0.0,0.43144424099999995,4375.0,10.0,0.0,1.0,0.0,0.0,N,25.375703811645508,N,N,N,,,,,,,,,,,,,,,,,,,,,,
0,0.0,0.5769230769230769,0.0,1.7235019414373026e-05,0.017499999999999998,0.19230769230769232,0.0,0.034482758620689655,0.0,0.0,N,0.0,66.0,0.0,0.43144424099999995,4375.0,10.0,0.0,1.0,0.0,0.0,N,28.061077117919922,N,N,N,,,,,,,,,,,,,,,,,,,,,,
0,0.0,0.5769230769230769,0.0,1.7235019414373026e-05,0.017499999999999998,0.19230769230769232,0.0,0.034482758620689655,0.0,0.0,N,0.0,66.0,0.0,0.43144424099999995,4375.0,10.0,0.0,1.0,0.0,0.0,N,27.395915031433105,N,N,N,,,,,,,,,,,,,,,,,,,,,,
0,0.0,0.5769230769230769,0.0,1.7235019414373026e-05,0.017499999999999998,0.19230769230769232,0.0,0.034482758620689655,0.0,0.0,N,0.0,66.0,0.0,0.43144424099999995,4375.0,10.0,0.0,1.0,0.0,0.0,N,26.569716930389404,N,N,N,,,,,,,,,,,,,,,,,,,,,,
0,3.675658290909091e-05,0.38461538461538464,0.02040816326530612,2.1724758518755243e-06,0.020664,0.13461538461538464,0.0,0.0,0.0,0.0,Y,0.808644824,51.0,2.0,0.054383588000000004,5166.0,7.000000000000001,0.0,0.0,0.0,0.0,Y,26.053754091262817,Y,Y,Y,0.0,0.0,0.0,0.0,0.0,0.0,0.0,0.0,0.0,0.0,N,0.0,21.000002,0.0,0.0,0.0,0.0,0.0,0.0,0.0,0.0,N
0,3.675658290909091e-05,0.38461538461538464,0.02040816326530612,2.1724758518755243e-06,0.020664,0.13461538461538464,0.0,0.0,0.0,0.0,Y,0.808644824,51.0,2.0,0.054383588000000004,5166.0,7.000000000000001,0.0,0.0,0.0,0.0,Y,25.657705068588257,Y,Y,Y,0.0,0.0,0.0,0.0,0.0,0.0,0.0,0.0,0.0,0.0,N,0.0,21.000002,0.0,0.0,0.0,0.0,0.0,0.0,0.0,0.0,N
0,3.675658290909091e-05,0.38461538461538464,0.02040816326530612,2.1724758518755243e-06,0.020664,0.13461538461538464,0.0,0.0,0.0,0.0,Y,0.808644824,51.0,2.0,0.054383588000000004,5166.0,7.000000000000001,0.0,0.0,0.0,0.0,Y,23.95578694343567,Y,Y,Y,0.0,0.0,0.0,0.0,0.0,0.0,0.0,0.0,0.0,0.0,N,0.0,21.000002,0.0,0.0,0.0,0.0,0.0,0.0,0.0,0.0,N
0,3.675658290909091e-05,0.38461538461538464,0.02040816326530612,2.1724758518755243e-06,0.020664,0.13461538461538464,0.0,0.0,0.0,0.0,Y,0.808644824,51.0,2.0,0.054383588000000004,5166.0,7.000000000000001,0.0,0.0,0.0,0.0,Y,23.9263699054718,Y,Y,Y,0.0,0.0,0.0,0.0,0.0,0.0,0.0,0.0,0.0,0.0,N,0.0,21.000002,0.0,0.0,0.0,0.0,0.0,0.0,0.0,0.0,N
0,3.675658290909091e-05,0.38461538461538464,0.02040816326530612,2.1724758518755243e-06,0.020664,0.13461538461538464,0.0,0.0,0.0,0.0,Y,0.808644824,51.0,2.0,0.054383588000000004,5166.0,7.000000000000001,0.0,0.0,0.0,0.0,Y,24.545398235321045,Y,Y,Y,0.0,0.0,0.0,0.0,0.0,0.0,0.0,0.0,0.0,0.0,N,0.0,21.000002,0.0,0.0,0.0,0.0,0.0,0.0,0.0,0.0,N
0,8.723783181818182e-07,0.16666666666666669,0.030612244897959183,7.102216554148524e-06,0.014799999999999999,0.11538461538461539,0.030612244897959183,0.0,0.0,0.0,Y,0.019192323,34.0,3.0,0.177789787,3700.0,6.0,3.0,0.0,0.0,0.0,Y,24.416913986206055,Y,Y,Y,0.0,0.0,0.0,0.0,0.0,0.0,0.0,0.0,0.0,0.0,N,0.0,21.000002,0.0,0.0,0.0,0.0,0.0,0.0,0.0,0.0,N
0,8.723783181818182e-07,0.16666666666666669,0.030612244897959183,7.102216554148524e-06,0.014799999999999999,0.11538461538461539,0.030612244897959183,0.0,0.0,0.0,Y,0.019192323,34.0,3.0,0.177789787,3700.0,6.0,3.0,0.0,0.0,0.0,Y,24.67637825012207,Y,Y,Y,0.0,0.0,0.0,0.0,0.0,0.0,0.0,0.0,0.0,0.0,N,0.0,21.000002,0.0,0.0,0.0,0.0,0.0,0.0,0.0,0.0,N
0,8.723783181818182e-07,0.16666666666666669,0.030612244897959183,7.102216554148524e-06,0.014799999999999999,0.11538461538461539,0.030612244897959183,0.0,0.0,0.0,Y,0.019192323,34.0,3.0,0.177789787,3700.0,6.0,3.0,0.0,0.0,0.0,Y,26.511101961135864,Y,Y,Y,0.0,0.0,0.0,0.0,0.0,0.0,0.0,0.0,0.0,0.0,N,0.0,21.000002,0.0,0.0,0.0,0.0,0.0,0.0,0.0,0.0,N
0,8.723783181818182e-07,0.16666666666666669,0.030612244897959183,7.102216554148524e-06,0.014799999999999999,0.11538461538461539,0.030612244897959183,0.0,0.0,0.0,Y,0.019192323,34.0,3.0,0.177789787,3700.0,6.0,3.0,0.0,0.0,0.0,Y,26.670870065689087,Y,Y,Y,0.0,0.0,0.0,0.0,0.0,0.0,0.0,0.0,0.0,0.0,N,0.0,21.000002,0.0,0.0,0.0,0.0,0.0,0.0,0.0,0.0,N
0,8.723783181818182e-07,0.16666666666666669,0.030612244897959183,7.102216554148524e-06,0.014799999999999999,0.11538461538461539,0.030612244897959183,0.0,0.0,0.0,Y,0.019192323,34.0,3.0,0.177789787,3700.0,6.0,3.0,0.0,0.0,0.0,Y,26.531386137008667,Y,Y,Y,0.0,0.0,0.0,0.0,0.0,0.0,0.0,0.0,0.0,0.0,N,0.0,21.000002,0.0,0.0,0.0,0.0,0.0,0.0,0.0,0.0,N
0,3.8272715863636356e-05,0.2948717948717949,0.0,2.1131124076219393e-05,0.017252,0.15384615384615385,0.0,0.034482758620689655,0.0,0.125,N,0.8419997489999999,44.0,0.0,0.528975429,4313.0,8.0,0.0,1.0,0.0,1.0,N,24.25683617591858,N,N,N,,,,,,,,,,,,,,,,,,,,,,
0,3.8272715863636356e-05,0.2948717948717949,0.0,2.1131124076219393e-05,0.017252,0.15384615384615385,0.0,0.034482758620689655,0.0,0.125,N,0.8419997489999999,44.0,0.0,0.528975429,4313.0,8.0,0.0,1.0,0.0,1.0,N,25.88632607460022,N,N,N,,,,,,,,,,,,,,,,,,,,,,
0,3.8272715863636356e-05,0.2948717948717949,0.0,2.1131124076219393e-05,0.017252,0.15384615384615385,0.0,0.034482758620689655,0.0,0.125,N,0.8419997489999999,44.0,0.0,0.528975429,4313.0,8.0,0.0,1.0,0.0,1.0,N,24.571649074554443,N,N,N,,,,,,,,,,,,,,,,,,,,,,
0,3.8272715863636356e-05,0.2948717948717949,0.0,2.1131124076219393e-05,0.017252,0.15384615384615385,0.0,0.034482758620689655,0.0,0.125,N,0.8419997489999999,44.0,0.0,0.528975429,4313.0,8.0,0.0,1.0,0.0,1.0,N,25.43209195137024,N,N,N,,,,,,,,,,,,,,,,,,,,,,
0,3.8272715863636356e-05,0.2948717948717949,0.0,2.1131124076219393e-05,0.017252,0.15384615384615385,0.0,0.034482758620689655,0.0,0.125,N,0.8419997489999999,44.0,0.0,0.528975429,4313.0,8.0,0.0,1.0,0.0,1.0,N,27.13806414604187,N,N,N,,,,,,,,,,,,,,,,,,,,,,
0,3.097961881818181e-05,0.4230769230769231,0.0,2.574642575799944e-05,0.021599999999999998,0.2884615384615385,0.0,0.034482758620689655,0.0,0.25,N,0.6815516139999999,54.0,0.0,0.644510276,5400.0,15.0,0.0,1.0,0.0,2.0,N,25.446835041046143,N,N,N,,,,,,,,,,,,,,,,,,,,,,
0,3.097961881818181e-05,0.4230769230769231,0.0,2.574642575799944e-05,0.021599999999999998,0.2884615384615385,0.0,0.034482758620689655,0.0,0.25,N,0.6815516139999999,54.0,0.0,0.644510276,5400.0,15.0,0.0,1.0,0.0,2.0,N,25.022212982177734,N,N,N,,,,,,,,,,,,,,,,,,,,,,
0,3.097961881818181e-05,0.4230769230769231,0.0,2.574642575799944e-05,0.021599999999999998,0.2884615384615385,0.0,0.034482758620689655,0.0,0.25,N,0.6815516139999999,54.0,0.0,0.644510276,5400.0,15.0,0.0,1.0,0.0,2.0,N,26.471264123916626,N,N,N,,,,,,,,,,,,,,,,,,,,,,
0,3.097961881818181e-05,0.4230769230769231,0.0,2.574642575799944e-05,0.021599999999999998,0.2884615384615385,0.0,0.034482758620689655,0.0,0.25,N,0.6815516139999999,54.0,0.0,0.644510276,5400.0,15.0,0.0,1.0,0.0,2.0,N,25.67940592765808,N,N,N,,,,,,,,,,,,,,,,,,,,,,
0,3.097961881818181e-05,0.4230769230769231,0.0,2.574642575799944e-05,0.021599999999999998,0.2884615384615385,0.0,0.034482758620689655,0.0,0.25,N,0.6815516139999999,54.0,0.0,0.644510276,5400.0,15.0,0.0,1.0,0.0,2.0,N,25.55285406112671,N,N,N,,,,,,,,,,,,,,,,,,,,,,
