,scaled_input_X1,scaled_input_X2,scaled_input_X3,scaled_input_X4,scaled_input_X5,scaled_input_X6,scaled_input_X7,scaled_input_X8,scaled_input_X9,scaled_input_X10,scaled_input_target,origin_input_X1,origin_input_X2,origin_input_X3,origin_input_X4,origin_input_X5,origin_input_X6,origin_input_X7,origin_input_X8,origin_input_X9,origin_input_X10,origin_input_target,running_time,Found,ground_truth,prediction,scaled_cf_X1,scaled_cf_X2,scaled_cf_X3,scaled_cf_X4,scaled_cf_X5,scaled_cf_X6,scaled_cf_X7,scaled_cf_X8,scaled_cf_X9,scaled_cf_X10,scaled_cf_target,origin_cf_X1,origin_cf_X2,origin_cf_X3,origin_cf_X4,origin_cf_X5,origin_cf_X6,origin_cf_X7,origin_cf_X8,origin_cf_X9,origin_cf_X10,origin_cf_target
0,0.2731366648062038,0.16666666666666669,0.3333332882490918,0.04294918038103205,0.2596899542358566,0.06814668313526408,0.9094487733907585,0.7440941831108666,0.31102362742209116,0.07124930789272141,N,8.589754104614258,0.5361273288726807,2.937938928604126,0.2822873890399933,0.4803136885166168,0.3110460042953491,8.629097938537598,9.560568809509276,2.0640358924865723,0.3858948051929474,N,14.056048154830933,N,N,N,,,,,,,,,,,,,,,,,,,,,,
0,0.2731366648062038,0.16666666666666669,0.3333332882490918,0.04294918038103205,0.2596899542358566,0.06814668313526408,0.9094487733907585,0.7440941831108666,0.31102362742209116,0.07124930789272141,N,8.589754104614258,0.5361273288726807,2.937938928604126,0.2822873890399933,0.4803136885166168,0.3110460042953491,8.629097938537598,9.560568809509276,2.0640358924865723,0.3858948051929474,N,14.054656028747559,N,N,N,,,,,,,,,,,,,,,,,,,,,,
0,0.2731366648062038,0.16666666666666669,0.3333332882490918,0.04294918038103205,0.2596899542358566,0.06814668313526408,0.9094487733907585,0.7440941831108666,0.31102362742209116,0.07124930789272141,N,8.589754104614258,0.5361273288726807,2.937938928604126,0.2822873890399933,0.4803136885166168,0.3110460042953491,8.629097938537598,9.560568809509276,2.0640358924865723,0.3858948051929474,N,14.044649124145508,N,N,N,,,,,,,,,,,,,,,,,,,,,,
0,0.2731366648062038,0.16666666666666669,0.3333332882490918,0.04294918038103205,0.2596899542358566,0.06814668313526408,0.9094487733907585,0.7440941831108666,0.31102362742209116,0.07124930789272141,N,8.589754104614258,0.5361273288726807,2.937938928604126,0.2822873890399933,0.4803136885166168,0.3110460042953491,8.629097938537598,9.560568809509276,2.0640358924865723,0.3858948051929474,N,14.036340951919556,N,N,N,,,,,,,,,,,,,,,,,,,,,,
0,0.2731366648062038,0.16666666666666669,0.3333332882490918,0.04294918038103205,0.2596899542358566,0.06814668313526408,0.9094487733907585,0.7440941831108666,0.31102362742209116,0.07124930789272141,N,8.589754104614258,0.5361273288726807,2.937938928604126,0.2822873890399933,0.4803136885166168,0.3110460042953491,8.629097938537598,9.560568809509276,2.0640358924865723,0.3858948051929474,N,14.066767930984497,N,N,N,,,,,,,,,,,,,,,,,,,,,,
0,0.6623318128385557,0.8944442690329724,0.2121212436801812,0.23622053970618379,0.35788114108053515,0.6321484279875477,0.7244094108305462,0.8897638742069726,0.7125984775308877,0.18460680118822786,N,11.36847972869873,2.877216100692749,1.8695980310440063,1.552580952644348,1.784021973609924,2.8853530883789062,6.873394012451172,11.432220458984377,4.728993892669678,0.9998525977134703,N,14.06003713607788,N,N,N,,,,,,,,,,,,,,,,,,,,,,
0,0.6623318128385557,0.8944442690329724,0.2121212436801812,0.23622053970618379,0.35788114108053515,0.6321484279875477,0.7244094108305462,0.8897638742069726,0.7125984775308877,0.18460680118822786,N,11.36847972869873,2.877216100692749,1.8695980310440063,1.552580952644348,1.784021973609924,2.8853530883789062,6.873394012451172,11.432220458984377,4.728993892669678,0.9998525977134703,N,14.048955917358398,N,N,N,,,,,,,,,,,,,,,,,,,,,,
0,0.6623318128385557,0.8944442690329724,0.2121212436801812,0.23622053970618379,0.35788114108053515,0.6321484279875477,0.7244094108305462,0.8897638742069726,0.7125984775308877,0.18460680118822786,N,11.36847972869873,2.877216100692749,1.8695980310440063,1.552580952644348,1.784021973609924,2.8853530883789062,6.873394012451172,11.432220458984377,4.728993892669678,0.9998525977134703,N,14.055263996124268,N,N,N,,,,,,,,,,,,,,,,,,,,,,
0,0.6623318128385557,0.8944442690329724,0.2121212436801812,0.23622053970618379,0.35788114108053515,0.6321484279875477,0.7244094108305462,0.8897638742069726,0.7125984775308877,0.18460680118822786,N,11.36847972869873,2.877216100692749,1.8695980310440063,1.552580952644348,1.784021973609924,2.8853530883789062,6.873394012451172,11.432220458984377,4.728993892669678,0.9998525977134703,N,14.06844425201416,N,N,N,,,,,,,,,,,,,,,,,,,,,,
0,0.6623318128385557,0.8944442690329724,0.2121212436801812,0.23622053970618379,0.35788114108053515,0.6321484279875477,0.7244094108305462,0.8897638742069726,0.7125984775308877,0.18460680118822786,N,11.36847972869873,2.877216100692749,1.8695980310440063,1.552580952644348,1.784021973609924,2.8853530883789062,6.873394012451172,11.432220458984377,4.728993892669678,0.9998525977134703,N,14.049757957458496,N,N,N,,,,,,,,,,,,,,,,,,,,,,
0,0.8524260071995035,0.1888888604771716,0.30303032106399963,0.6721545893046884,0.58268736107506,0.3285091333123767,0.9291338226536371,0.7755903144825689,0.33070864302968805,0.20189620006361794,N,12.725689888000488,0.6076108813285828,2.670854091644287,4.417797088623047,4.768828868865966,1.4994339942932127,8.815875053405762,9.965250015258787,2.1946709156036377,1.0934940576553345,N,14.073037147521973,N,N,N,,,,,,,,,,,,,,,,,,,,,,
0,0.8524260071995035,0.1888888604771716,0.30303032106399963,0.6721545893046884,0.58268736107506,0.3285091333123767,0.9291338226536371,0.7755903144825689,0.33070864302968805,0.20189620006361794,N,12.725689888000488,0.6076108813285828,2.670854091644287,4.417797088623047,4.768828868865966,1.4994339942932127,8.815875053405762,9.965250015258787,2.1946709156036377,1.0934940576553345,N,14.08712387084961,N,N,N,,,,,,,,,,,,,,,,,,,,,,
0,0.8524260071995035,0.1888888604771716,0.30303032106399963,0.6721545893046884,0.58268736107506,0.3285091333123767,0.9291338226536371,0.7755903144825689,0.33070864302968805,0.20189620006361794,N,12.725689888000488,0.6076108813285828,2.670854091644287,4.417797088623047,4.768828868865966,1.4994339942932127,8.815875053405762,9.965250015258787,2.1946709156036377,1.0934940576553345,N,14.099149942398071,N,N,N,,,,,,,,,,,,,,,,,,,,,,
0,0.8524260071995035,0.1888888604771716,0.30303032106399963,0.6721545893046884,0.58268736107506,0.3285091333123767,0.9291338226536371,0.7755903144825689,0.33070864302968805,0.20189620006361794,N,12.725689888000488,0.6076108813285828,2.670854091644287,4.417797088623047,4.768828868865966,1.4994339942932127,8.815875053405762,9.965250015258787,2.1946709156036377,1.0934940576553345,N,14.05626106262207,N,N,N,,,,,,,,,,,,,,,,,,,,,,
0,0.8524260071995035,0.1888888604771716,0.30303032106399963,0.6721545893046884,0.58268736107506,0.3285091333123767,0.9291338226536371,0.7755903144825689,0.33070864302968805,0.20189620006361794,N,12.725689888000488,0.6076108813285828,2.670854091644287,4.417797088623047,4.768828868865966,1.4994339942932127,8.815875053405762,9.965250015258787,2.1946709156036377,1.0934940576553345,N,14.060742139816284,N,N,N,,,,,,,,,,,,,,,,,,,,,,
0,0.0725362765200267,0.016666666203432132,0.3333332882490918,0.04795991423796852,0.2596899542358566,0.05479837250893397,0.7322834305356977,0.7480311716983353,0.5354330855762495,0.0730618938256151,N,7.157533168792725,0.053612731397151905,2.937938928604126,0.3152208924293518,0.4803136885166168,0.2501195073127746,6.9481048583984375,9.611153602600098,3.553277015686035,0.3957119882106781,N,14.076775789260864,N,N,N,,,,,,,,,,,,,,,,,,,,,,
0,0.0725362765200267,0.016666666203432132,0.3333332882490918,0.04795991423796852,0.2596899542358566,0.05479837250893397,0.7322834305356977,0.7480311716983353,0.5354330855762495,0.0730618938256151,N,7.157533168792725,0.053612731397151905,2.937938928604126,0.3152208924293518,0.4803136885166168,0.2501195073127746,6.9481048583984375,9.611153602600098,3.553277015686035,0.3957119882106781,N,14.243894100189209,N,N,N,,,,,,,,,,,,,,,,,,,,,,
0,0.0725362765200267,0.016666666203432132,0.3333332882490918,0.04795991423796852,0.2596899542358566,0.05479837250893397,0.7322834305356977,0.7480311716983353,0.5354330855762495,0.0730618938256151,N,7.157533168792725,0.053612731397151905,2.937938928604126,0.3152208924293518,0.4803136885166168,0.2501195073127746,6.9481048583984375,9.611153602600098,3.553277015686035,0.3957119882106781,N,14.089236974716187,N,N,N,,,,,,,,,,,,,,,,,,,,,,
0,0.0725362765200267,0.016666666203432132,0.3333332882490918,0.04795991423796852,0.2596899542358566,0.05479837250893397,0.7322834305356977,0.7480311716983353,0.5354330855762495,0.0730618938256151,N,7.157533168792725,0.053612731397151905,2.937938928604126,0.3152208924293518,0.4803136885166168,0.2501195073127746,6.9481048583984375,9.611153602600098,3.553277015686035,0.3957119882106781,N,14.107708930969238,N,N,N,,,,,,,,,,,,,,,,,,,,,,
0,0.0725362765200267,0.016666666203432132,0.3333332882490918,0.04795991423796852,0.2596899542358566,0.05479837250893397,0.7322834305356977,0.7480311716983353,0.5354330855762495,0.0730618938256151,N,7.157533168792725,0.053612731397151905,2.937938928604126,0.3152208924293518,0.4803136885166168,0.2501195073127746,6.9481048583984375,9.611153602600098,3.553277015686035,0.3957119882106781,N,14.124753713607788,N,N,N,,,,,,,,,,,,,,,,,,,,,,
0,0.40870449477081283,0.8138887493008865,0.06060606286027268,0.236936238992632,0.24031011198033644,0.22270612569350878,0.8228346068895159,0.9409445031721104,0.6614172860593761,0.846068033892369,Y,9.557663917541504,2.6180880069732666,0.5341708064079285,1.557284951210022,0.22300280630588523,1.0165109634399414,7.807279109954834,12.08981990814209,4.389341831207275,4.582406044006348,Y,29.84109377861023,Y,Y,Y,1.0,1.0,1.0,1.0,1.0,1.0,1.0,1.0,1.0,1.0,N,13.77932,3.216764,8.813818,6.572591,10.30959,4.56436,9.488273,12.8486,6.636267,5.41612,N
0,0.40870449477081283,0.8138887493008865,0.06060606286027268,0.236936238992632,0.24031011198033644,0.22270612569350878,0.8228346068895159,0.9409445031721104,0.6614172860593761,0.846068033892369,Y,9.557663917541504,2.6180880069732666,0.5341708064079285,1.557284951210022,0.22300280630588523,1.0165109634399414,7.807279109954834,12.08981990814209,4.389341831207275,4.582406044006348,Y,29.797125101089478,Y,Y,Y,1.0,1.0,1.0,1.0,1.0,1.0,1.0,1.0,1.0,1.0,N,13.77932,3.216764,8.813818,6.572591,10.30959,4.56436,9.488273,12.8486,6.636267,5.41612,N
0,0.40870449477081283,0.8138887493008865,0.06060606286027268,0.236936238992632,0.24031011198033644,0.22270612569350878,0.8228346068895159,0.9409445031721104,0.6614172860593761,0.846068033892369,Y,9.557663917541504,2.6180880069732666,0.5341708064079285,1.557284951210022,0.22300280630588523,1.0165109634399414,7.807279109954834,12.08981990814209,4.389341831207275,4.582406044006348,Y,29.91278600692749,Y,Y,Y,1.0,1.0,1.0,1.0,1.0,1.0,1.0,1.0,1.0,1.0,N,13.77932,3.216764,8.813818,6.572591,10.30959,4.56436,9.488273,12.8486,6.636267,5.41612,N
0,0.40870449477081283,0.8138887493008865,0.06060606286027268,0.236936238992632,0.24031011198033644,0.22270612569350878,0.8228346068895159,0.9409445031721104,0.6614172860593761,0.846068033892369,Y,9.557663917541504,2.6180880069732666,0.5341708064079285,1.557284951210022,0.22300280630588523,1.0165109634399414,7.807279109954834,12.08981990814209,4.389341831207275,4.582406044006348,Y,29.93683409690857,Y,Y,Y,1.0,1.0,1.0,1.0,1.0,1.0,1.0,1.0,1.0,1.0,N,13.77932,3.216764,8.813818,6.572591,10.30959,4.56436,9.488273,12.8486,6.636267,5.41612,N
0,0.40870449477081283,0.8138887493008865,0.06060606286027268,0.236936238992632,0.24031011198033644,0.22270612569350878,0.8228346068895159,0.9409445031721104,0.6614172860593761,0.846068033892369,Y,9.557663917541504,2.6180880069732666,0.5341708064079285,1.557284951210022,0.22300280630588523,1.0165109634399414,7.807279109954834,12.08981990814209,4.389341831207275,4.582406044006348,Y,29.87686800956726,Y,Y,Y,1.0,1.0,1.0,1.0,1.0,1.0,1.0,1.0,1.0,1.0,N,13.77932,3.216764,8.813818,6.572591,10.30959,4.56436,9.488273,12.8486,6.636267,5.41612,N
0,0.6078041127025043,0.4222221456341147,0.28787876984509125,0.3192555319963649,0.42248069831642077,0.17282561025691492,0.9448818620639399,0.9291339085296275,0.4606298969315873,0.44046292677674465,N,10.979169845581056,1.3581889867782593,2.53731107711792,2.0983359813690186,2.641726016998291,0.7888383269309998,8.965296745300293,11.938070297241213,3.0568630695343018,2.3856000900268555,N,14.101260900497437,N,N,N,,,,,,,,,,,,,,,,,,,,,,
0,0.6078041127025043,0.4222221456341147,0.28787876984509125,0.3192555319963649,0.42248069831642077,0.17282561025691492,0.9448818620639399,0.9291339085296275,0.4606298969315873,0.44046292677674465,N,10.979169845581056,1.3581889867782593,2.53731107711792,2.0983359813690186,2.641726016998291,0.7888383269309998,8.965296745300293,11.938070297241213,3.0568630695343018,2.3856000900268555,N,14.106865882873535,N,N,N,,,,,,,,,,,,,,,,,,,,,,
0,0.6078041127025043,0.4222221456341147,0.28787876984509125,0.3192555319963649,0.42248069831642077,0.17282561025691492,0.9448818620639399,0.9291339085296275,0.4606298969315873,0.44046292677674465,N,10.979169845581056,1.3581889867782593,2.53731107711792,2.0983359813690186,2.641726016998291,0.7888383269309998,8.965296745300293,11.938070297241213,3.0568630695343018,2.3856000900268555,N,14.14098310470581,N,N,N,,,,,,,,,,,,,,,,,,,,,,
0,0.6078041127025043,0.4222221456341147,0.28787876984509125,0.3192555319963649,0.42248069831642077,0.17282561025691492,0.9448818620639399,0.9291339085296275,0.4606298969315873,0.44046292677674465,N,10.979169845581056,1.3581889867782593,2.53731107711792,2.0983359813690186,2.641726016998291,0.7888383269309998,8.965296745300293,11.938070297241213,3.0568630695343018,2.3856000900268555,N,14.105844974517822,N,N,N,,,,,,,,,,,,,,,,,,,,,,
0,0.6078041127025043,0.4222221456341147,0.28787876984509125,0.3192555319963649,0.42248069831642077,0.17282561025691492,0.9448818620639399,0.9291339085296275,0.4606298969315873,0.44046292677674465,N,10.979169845581056,1.3581889867782593,2.53731107711792,2.0983359813690186,2.641726016998291,0.7888383269309998,8.965296745300293,11.938070297241213,3.0568630695343018,2.3856000900268555,N,14.123039960861206,N,N,N,,,,,,,,,,,,,,,,,,,,,,
0,0.6028010996076468,0.32499989252959105,0.030303031430136337,0.0,0.22351424554975557,0.2149781914358488,0.8779526945701528,0.9330705259971733,0.5905511149068771,0.26129388338719783,Y,10.94344997406006,1.0454479455947876,0.2670854032039642,0.0,0.0,0.9812378883361816,8.330254554748535,11.98865032196045,3.9190549850463863,1.415199041366577,Y,29.844230890274048,Y,Y,Y,1.0,1.0,1.0,1.0,1.0,1.0,1.0,1.0,1.0,1.0,N,13.77932,3.216764,8.813818,6.572591,10.30959,4.56436,9.488273,12.8486,6.636267,5.41612,N
0,0.6028010996076468,0.32499989252959105,0.030303031430136337,0.0,0.22351424554975557,0.2149781914358488,0.8779526945701528,0.9330705259971733,0.5905511149068771,0.26129388338719783,Y,10.94344997406006,1.0454479455947876,0.2670854032039642,0.0,0.0,0.9812378883361816,8.330254554748535,11.98865032196045,3.9190549850463863,1.415199041366577,Y,29.86772608757019,Y,Y,Y,1.0,1.0,1.0,1.0,1.0,1.0,1.0,1.0,1.0,1.0,N,13.77932,3.216764,8.813818,6.572591,10.30959,4.56436,9.488273,12.8486,6.636267,5.41612,N
0,0.6028010996076468,0.32499989252959105,0.030303031430136337,0.0,0.22351424554975557,0.2149781914358488,0.8779526945701528,0.9330705259971733,0.5905511149068771,0.26129388338719783,Y,10.94344997406006,1.0454479455947876,0.2670854032039642,0.0,0.0,0.9812378883361816,8.330254554748535,11.98865032196045,3.9190549850463863,1.415199041366577,Y,29.889312982559204,Y,Y,Y,1.0,1.0,1.0,1.0,1.0,1.0,1.0,1.0,1.0,1.0,N,13.77932,3.216764,8.813818,6.572591,10.30959,4.56436,9.488273,12.8486,6.636267,5.41612,N
0,0.6028010996076468,0.32499989252959105,0.030303031430136337,0.0,0.22351424554975557,0.2149781914358488,0.8779526945701528,0.9330705259971733,0.5905511149068771,0.26129388338719783,Y,10.94344997406006,1.0454479455947876,0.2670854032039642,0.0,0.0,0.9812378883361816,8.330254554748535,11.98865032196045,3.9190549850463863,1.415199041366577,Y,29.884907960891724,Y,Y,Y,1.0,1.0,1.0,1.0,1.0,1.0,1.0,1.0,1.0,1.0,N,13.77932,3.216764,8.813818,6.572591,10.30959,4.56436,9.488273,12.8486,6.636267,5.41612,N
0,0.6028010996076468,0.32499989252959105,0.030303031430136337,0.0,0.22351424554975557,0.2149781914358488,0.8779526945701528,0.9330705259971733,0.5905511149068771,0.26129388338719783,Y,10.94344997406006,1.0454479455947876,0.2670854032039642,0.0,0.0,0.9812378883361816,8.330254554748535,11.98865032196045,3.9190549850463863,1.415199041366577,Y,29.852269172668457,Y,Y,Y,1.0,1.0,1.0,1.0,1.0,1.0,1.0,1.0,1.0,1.0,N,13.77932,3.216764,8.813818,6.572591,10.30959,4.56436,9.488273,12.8486,6.636267,5.41612,N
0,0.5842918879792572,0.1888888604771716,0.19696969246127283,0.13600572653743304,0.23514215584122444,0.5773499118328294,0.9173227930959099,0.83858235455402,0.42913386477411025,0.5131064363049566,Y,10.81130027770996,0.6076108813285828,1.7360550165176392,0.8939099907875061,0.15438659489154816,2.635232925415039,8.703808784484863,10.774609565734863,2.847846984863281,2.7790460586547847,Y,29.928691864013672,Y,Y,Y,1.0,1.0,1.0,1.0,1.0,1.0,1.0,1.0,1.0,1.0,N,13.77932,3.216764,8.813818,6.572591,10.30959,4.56436,9.488273,12.8486,6.636267,5.41612,N
0,0.5842918879792572,0.1888888604771716,0.19696969246127283,0.13600572653743304,0.23514215584122444,0.5773499118328294,0.9173227930959099,0.83858235455402,0.42913386477411025,0.5131064363049566,Y,10.81130027770996,0.6076108813285828,1.7360550165176392,0.8939099907875061,0.15438659489154816,2.635232925415039,8.703808784484863,10.774609565734863,2.847846984863281,2.7790460586547847,Y,29.890735864639282,Y,Y,Y,1.0,1.0,1.0,1.0,1.0,1.0,1.0,1.0,1.0,1.0,N,13.77932,3.216764,8.813818,6.572591,10.30959,4.56436,9.488273,12.8486,6.636267,5.41612,N
0,0.5842918879792572,0.1888888604771716,0.19696969246127283,0.13600572653743304,0.23514215584122444,0.5773499118328294,0.9173227930959099,0.83858235455402,0.42913386477411025,0.5131064363049566,Y,10.81130027770996,0.6076108813285828,1.7360550165176392,0.8939099907875061,0.15438659489154816,2.635232925415039,8.703808784484863,10.774609565734863,2.847846984863281,2.7790460586547847,Y,29.809684991836548,Y,Y,Y,1.0,1.0,1.0,1.0,1.0,1.0,1.0,1.0,1.0,1.0,N,13.77932,3.216764,8.813818,6.572591,10.30959,4.56436,9.488273,12.8486,6.636267,5.41612,N
0,0.5842918879792572,0.1888888604771716,0.19696969246127283,0.13600572653743304,0.23514215584122444,0.5773499118328294,0.9173227930959099,0.83858235455402,0.42913386477411025,0.5131064363049566,Y,10.81130027770996,0.6076108813285828,1.7360550165176392,0.8939099907875061,0.15438659489154816,2.635232925415039,8.703808784484863,10.774609565734863,2.847846984863281,2.7790460586547847,Y,29.777545928955078,Y,Y,Y,1.0,1.0,1.0,1.0,1.0,1.0,1.0,1.0,1.0,1.0,N,13.77932,3.216764,8.813818,6.572591,10.30959,4.56436,9.488273,12.8486,6.636267,5.41612,N
0,0.5842918879792572,0.1888888604771716,0.19696969246127283,0.13600572653743304,0.23514215584122444,0.5773499118328294,0.9173227930959099,0.83858235455402,0.42913386477411025,0.5131064363049566,Y,10.81130027770996,0.6076108813285828,1.7360550165176392,0.8939099907875061,0.15438659489154816,2.635232925415039,8.703808784484863,10.774609565734863,2.847846984863281,2.7790460586547847,Y,29.755539178848267,Y,Y,Y,1.0,1.0,1.0,1.0,1.0,1.0,1.0,1.0,1.0,1.0,N,13.77932,3.216764,8.813818,6.572591,10.30959,4.56436,9.488273,12.8486,6.636267,5.41612,N
0,0.29564788618856486,0.4222221456341147,0.19696969246127283,0.25769503694285184,0.2777778141904489,0.04636785692608259,0.9251968128010614,0.9448819371034862,0.5236220690263694,0.14974902554728747,N,8.750476837158203,1.3581889867782593,1.7360550165176392,1.693724036216736,0.7204706072807309,0.2116395980119705,8.778519630432129,12.140410423278809,3.47489595413208,0.8110587000846863,N,14.047849893569946,N,N,N,,,,,,,,,,,,,,,,,,,,,,
0,0.29564788618856486,0.4222221456341147,0.19696969246127283,0.25769503694285184,0.2777778141904489,0.04636785692608259,0.9251968128010614,0.9448819371034862,0.5236220690263694,0.14974902554728747,N,8.750476837158203,1.3581889867782593,1.7360550165176392,1.693724036216736,0.7204706072807309,0.2116395980119705,8.778519630432129,12.140410423278809,3.47489595413208,0.8110587000846863,N,14.101374387741089,N,N,N,,,,,,,,,,,,,,,,,,,,,,
0,0.29564788618856486,0.4222221456341147,0.19696969246127283,0.25769503694285184,0.2777778141904489,0.04636785692608259,0.9251968128010614,0.9448819371034862,0.5236220690263694,0.14974902554728747,N,8.750476837158203,1.3581889867782593,1.7360550165176392,1.693724036216736,0.7204706072807309,0.2116395980119705,8.778519630432129,12.140410423278809,3.47489595413208,0.8110587000846863,N,14.081037044525146,N,N,N,,,,,,,,,,,,,,,,,,,,,,
0,0.29564788618856486,0.4222221456341147,0.19696969246127283,0.25769503694285184,0.2777778141904489,0.04636785692608259,0.9251968128010614,0.9448819371034862,0.5236220690263694,0.14974902554728747,N,8.750476837158203,1.3581889867782593,1.7360550165176392,1.693724036216736,0.7204706072807309,0.2116395980119705,8.778519630432129,12.140410423278809,3.47489595413208,0.8110587000846863,N,14.071599006652832,N,N,N,,,,,,,,,,,,,,,,,,,,,,
0,0.29564788618856486,0.4222221456341147,0.19696969246127283,0.25769503694285184,0.2777778141904489,0.04636785692608259,0.9251968128010614,0.9448819371034862,0.5236220690263694,0.14974902554728747,N,8.750476837158203,1.3581889867782593,1.7360550165176392,1.693724036216736,0.7204706072807309,0.2116395980119705,8.778519630432129,12.140410423278809,3.47489595413208,0.8110587000846863,N,14.088554382324219,N,N,N,,,,,,,,,,,,,,,,,,,,,,
0,0.32666349517534143,0.9472220974577246,0.5454545454545455,0.0644237728387151,0.2984496477253638,0.14135168280252822,0.48818897044227283,0.6377950459053078,0.6377953248128349,0.2264360857361675,Y,8.971918106079102,3.046989917755127,4.807537078857422,0.4234310984611511,0.9949355721473695,0.6451799869537354,4.632070064544678,8.19477367401123,4.232580184936523,1.2264050245285034,Y,29.910011053085327,Y,Y,Y,1.0,1.0,1.0,1.0,1.0,1.0,1.0,1.0,1.0,1.0,N,13.77932,3.216764,8.813818,6.572591,10.30959,4.56436,9.488273,12.8486,6.636267,5.41612,N
0,0.32666349517534143,0.9472220974577246,0.5454545454545455,0.0644237728387151,0.2984496477253638,0.14135168280252822,0.48818897044227283,0.6377950459053078,0.6377953248128349,0.2264360857361675,Y,8.971918106079102,3.046989917755127,4.807537078857422,0.4234310984611511,0.9949355721473695,0.6451799869537354,4.632070064544678,8.19477367401123,4.232580184936523,1.2264050245285034,Y,29.85565185546875,Y,Y,Y,1.0,1.0,1.0,1.0,1.0,1.0,1.0,1.0,1.0,1.0,N,13.77932,3.216764,8.813818,6.572591,10.30959,4.56436,9.488273,12.8486,6.636267,5.41612,N
0,0.32666349517534143,0.9472220974577246,0.5454545454545455,0.0644237728387151,0.2984496477253638,0.14135168280252822,0.48818897044227283,0.6377950459053078,0.6377953248128349,0.2264360857361675,Y,8.971918106079102,3.046989917755127,4.807537078857422,0.4234310984611511,0.9949355721473695,0.6451799869537354,4.632070064544678,8.19477367401123,4.232580184936523,1.2264050245285034,Y,29.834796905517578,Y,Y,Y,1.0,1.0,1.0,1.0,1.0,1.0,1.0,1.0,1.0,1.0,N,13.77932,3.216764,8.813818,6.572591,10.30959,4.56436,9.488273,12.8486,6.636267,5.41612,N
0,0.32666349517534143,0.9472220974577246,0.5454545454545455,0.0644237728387151,0.2984496477253638,0.14135168280252822,0.48818897044227283,0.6377950459053078,0.6377953248128349,0.2264360857361675,Y,8.971918106079102,3.046989917755127,4.807537078857422,0.4234310984611511,0.9949355721473695,0.6451799869537354,4.632070064544678,8.19477367401123,4.232580184936523,1.2264050245285034,Y,29.832130908966064,Y,Y,Y,1.0,1.0,1.0,1.0,1.0,1.0,1.0,1.0,1.0,1.0,N,13.77932,3.216764,8.813818,6.572591,10.30959,4.56436,9.488273,12.8486,6.636267,5.41612,N
0,0.32666349517534143,0.9472220974577246,0.5454545454545455,0.0644237728387151,0.2984496477253638,0.14135168280252822,0.48818897044227283,0.6377950459053078,0.6377953248128349,0.2264360857361675,Y,8.971918106079102,3.046989917755127,4.807537078857422,0.4234310984611511,0.9949355721473695,0.6451799869537354,4.632070064544678,8.19477367401123,4.232580184936523,1.2264050245285034,Y,29.88953685760498,Y,Y,Y,1.0,1.0,1.0,1.0,1.0,1.0,1.0,1.0,1.0,1.0,N,13.77932,3.216764,8.813818,6.572591,10.30959,4.56436,9.488273,12.8486,6.636267,5.41612,N
0,0.45022529587803406,0.047222210486947684,0.3787878337036373,0.088761629478598,0.2829457703295609,0.44485030907871653,0.7480315202014237,0.7007871602007433,0.4527558978738704,0.2367539757045584,Y,9.854108810424805,0.1519027054309845,3.338567018508911,0.5833938717842102,0.7890868186950682,2.030457019805908,7.097527027130127,9.004134178161621,3.0046091079711914,1.2822879552841189,Y,29.809698820114136,Y,Y,Y,1.0,1.0,1.0,1.0,1.0,1.0,1.0,1.0,1.0,1.0,N,13.77932,3.216764,8.813818,6.572591,10.30959,4.56436,9.488273,12.8486,6.636267,5.41612,N
0,0.45022529587803406,0.047222210486947684,0.3787878337036373,0.088761629478598,0.2829457703295609,0.44485030907871653,0.7480315202014237,0.7007871602007433,0.4527558978738704,0.2367539757045584,Y,9.854108810424805,0.1519027054309845,3.338567018508911,0.5833938717842102,0.7890868186950682,2.030457019805908,7.097527027130127,9.004134178161621,3.0046091079711914,1.2822879552841189,Y,29.978983163833618,Y,Y,Y,1.0,1.0,1.0,1.0,1.0,1.0,1.0,1.0,1.0,1.0,N,13.77932,3.216764,8.813818,6.572591,10.30959,4.56436,9.488273,12.8486,6.636267,5.41612,N
0,0.45022529587803406,0.047222210486947684,0.3787878337036373,0.088761629478598,0.2829457703295609,0.44485030907871653,0.7480315202014237,0.7007871602007433,0.4527558978738704,0.2367539757045584,Y,9.854108810424805,0.1519027054309845,3.338567018508911,0.5833938717842102,0.7890868186950682,2.030457019805908,7.097527027130127,9.004134178161621,3.0046091079711914,1.2822879552841189,Y,29.88033175468445,Y,Y,Y,1.0,1.0,1.0,1.0,1.0,1.0,1.0,1.0,1.0,1.0,N,13.77932,3.216764,8.813818,6.572591,10.30959,4.56436,9.488273,12.8486,6.636267,5.41612,N
0,0.45022529587803406,0.047222210486947684,0.3787878337036373,0.088761629478598,0.2829457703295609,0.44485030907871653,0.7480315202014237,0.7007871602007433,0.4527558978738704,0.2367539757045584,Y,9.854108810424805,0.1519027054309845,3.338567018508911,0.5833938717842102,0.7890868186950682,2.030457019805908,7.097527027130127,9.004134178161621,3.0046091079711914,1.2822879552841189,Y,29.87145686149597,Y,Y,Y,1.0,1.0,1.0,1.0,1.0,1.0,1.0,1.0,1.0,1.0,N,13.77932,3.216764,8.813818,6.572591,10.30959,4.56436,9.488273,12.8486,6.636267,5.41612,N
0,0.45022529587803406,0.047222210486947684,0.3787878337036373,0.088761629478598,0.2829457703295609,0.44485030907871653,0.7480315202014237,0.7007871602007433,0.4527558978738704,0.2367539757045584,Y,9.854108810424805,0.1519027054309845,3.338567018508911,0.5833938717842102,0.7890868186950682,2.030457019805908,7.097527027130127,9.004134178161621,3.0046091079711914,1.2822879552841189,Y,29.84721803665161,Y,Y,Y,1.0,1.0,1.0,1.0,1.0,1.0,1.0,1.0,1.0,1.0,N,13.77932,3.216764,8.813818,6.572591,10.30959,4.56436,9.488273,12.8486,6.636267,5.41612,N
0,0.3976989345538967,0.42500010747040895,0.2575757756094542,0.0644237728387151,0.23772613391078046,0.48939147153562146,0.9370078423587885,0.9409445031721104,0.49212589316245486,0.3587562564781197,Y,9.479087829589844,1.3671250343322754,2.270226001739502,0.4234310984611511,0.18869470059871687,2.2337589263916016,8.890585899353027,12.08981990814209,3.265878915786743,1.9430669546127322,Y,29.94575786590576,Y,N,Y,1.0,1.0,1.0,1.0,1.0,1.0,1.0,1.0,1.0,1.0,N,13.77932,3.216764,8.813818,6.572591,10.30959,4.56436,9.488273,12.8486,6.636267,5.41612,N
0,0.3976989345538967,0.42500010747040895,0.2575757756094542,0.0644237728387151,0.23772613391078046,0.48939147153562146,0.9370078423587885,0.9409445031721104,0.49212589316245486,0.3587562564781197,Y,9.479087829589844,1.3671250343322754,2.270226001739502,0.4234310984611511,0.18869470059871687,2.2337589263916016,8.890585899353027,12.08981990814209,3.265878915786743,1.9430669546127322,Y,29.841946125030518,Y,N,Y,1.0,1.0,1.0,1.0,1.0,1.0,1.0,1.0,1.0,1.0,N,13.77932,3.216764,8.813818,6.572591,10.30959,4.56436,9.488273,12.8486,6.636267,5.41612,N
0,0.3976989345538967,0.42500010747040895,0.2575757756094542,0.0644237728387151,0.23772613391078046,0.48939147153562146,0.9370078423587885,0.9409445031721104,0.49212589316245486,0.3587562564781197,Y,9.479087829589844,1.3671250343322754,2.270226001739502,0.4234310984611511,0.18869470059871687,2.2337589263916016,8.890585899353027,12.08981990814209,3.265878915786743,1.9430669546127322,Y,29.888351917266846,Y,N,Y,1.0,1.0,1.0,1.0,1.0,1.0,1.0,1.0,1.0,1.0,N,13.77932,3.216764,8.813818,6.572591,10.30959,4.56436,9.488273,12.8486,6.636267,5.41612,N
0,0.3976989345538967,0.42500010747040895,0.2575757756094542,0.0644237728387151,0.23772613391078046,0.48939147153562146,0.9370078423587885,0.9409445031721104,0.49212589316245486,0.3587562564781197,Y,9.479087829589844,1.3671250343322754,2.270226001739502,0.4234310984611511,0.18869470059871687,2.2337589263916016,8.890585899353027,12.08981990814209,3.265878915786743,1.9430669546127322,Y,29.905063152313232,Y,N,Y,1.0,1.0,1.0,1.0,1.0,1.0,1.0,1.0,1.0,1.0,N,13.77932,3.216764,8.813818,6.572591,10.30959,4.56436,9.488273,12.8486,6.636267,5.41612,N
0,0.3976989345538967,0.42500010747040895,0.2575757756094542,0.0644237728387151,0.23772613391078046,0.48939147153562146,0.9370078423587885,0.9409445031721104,0.49212589316245486,0.3587562564781197,Y,9.479087829589844,1.3671250343322754,2.270226001739502,0.4234310984611511,0.18869470059871687,2.2337589263916016,8.890585899353027,12.08981990814209,3.265878915786743,1.9430669546127322,Y,29.936476945877075,Y,N,Y,1.0,1.0,1.0,1.0,1.0,1.0,1.0,1.0,1.0,1.0,N,13.77932,3.216764,8.813818,6.572591,10.30959,4.56436,9.488273,12.8486,6.636267,5.41612,N
0,0.6548273599832554,0.1805555493790953,0.12121216629636275,0.2734431599824778,0.36046518873320926,0.5484052340553962,0.8976377438330313,0.8818898228080507,0.5118110524764894,0.12200222574833644,Y,11.314900398254396,0.5808045864105225,1.0683419704437256,1.7972300052642822,1.8183310031890867,2.503118991851806,8.5170316696167,11.331049919128418,3.396514892578125,0.6607787013053894,Y,29.942280054092407,Y,Y,Y,1.0,1.0,1.0,1.0,1.0,1.0,1.0,1.0,1.0,1.0,N,13.77932,3.216764,8.813818,6.572591,10.30959,4.56436,9.488273,12.8486,6.636267,5.41612,N
0,0.6548273599832554,0.1805555493790953,0.12121216629636275,0.2734431599824778,0.36046518873320926,0.5484052340553962,0.8976377438330313,0.8818898228080507,0.5118110524764894,0.12200222574833644,Y,11.314900398254396,0.5808045864105225,1.0683419704437256,1.7972300052642822,1.8183310031890867,2.503118991851806,8.5170316696167,11.331049919128418,3.396514892578125,0.6607787013053894,Y,29.92599606513977,Y,Y,Y,1.0,1.0,1.0,1.0,1.0,1.0,1.0,1.0,1.0,1.0,N,13.77932,3.216764,8.813818,6.572591,10.30959,4.56436,9.488273,12.8486,6.636267,5.41612,N
0,0.6548273599832554,0.1805555493790953,0.12121216629636275,0.2734431599824778,0.36046518873320926,0.5484052340553962,0.8976377438330313,0.8818898228080507,0.5118110524764894,0.12200222574833644,Y,11.314900398254396,0.5808045864105225,1.0683419704437256,1.7972300052642822,1.8183310031890867,2.503118991851806,8.5170316696167,11.331049919128418,3.396514892578125,0.6607787013053894,Y,29.873752117156982,Y,Y,Y,1.0,1.0,1.0,1.0,1.0,1.0,1.0,1.0,1.0,1.0,N,13.77932,3.216764,8.813818,6.572591,10.30959,4.56436,9.488273,12.8486,6.636267,5.41612,N
0,0.6548273599832554,0.1805555493790953,0.12121216629636275,0.2734431599824778,0.36046518873320926,0.5484052340553962,0.8976377438330313,0.8818898228080507,0.5118110524764894,0.12200222574833644,Y,11.314900398254396,0.5808045864105225,1.0683419704437256,1.7972300052642822,1.8183310031890867,2.503118991851806,8.5170316696167,11.331049919128418,3.396514892578125,0.6607787013053894,Y,29.897495985031128,Y,Y,Y,1.0,1.0,1.0,1.0,1.0,1.0,1.0,1.0,1.0,1.0,N,13.77932,3.216764,8.813818,6.572591,10.30959,4.56436,9.488273,12.8486,6.636267,5.41612,N
0,0.6548273599832554,0.1805555493790953,0.12121216629636275,0.2734431599824778,0.36046518873320926,0.5484052340553962,0.8976377438330313,0.8818898228080507,0.5118110524764894,0.12200222574833644,Y,11.314900398254396,0.5808045864105225,1.0683419704437256,1.7972300052642822,1.8183310031890867,2.503118991851806,8.5170316696167,11.331049919128418,3.396514892578125,0.6607787013053894,Y,29.842190742492676,Y,Y,Y,1.0,1.0,1.0,1.0,1.0,1.0,1.0,1.0,1.0,1.0,N,13.77932,3.216764,8.813818,6.572591,10.30959,4.56436,9.488273,12.8486,6.636267,5.41612,N
0,0.43421725686214574,0.19999996664711447,0.36363639068690856,0.30350755405542856,0.5387597451156916,0.12308555427998098,0.9409448522113643,0.7362202059359296,0.2598424539138844,0.1649470036652082,Y,9.739816665649414,0.6433526873588562,3.2050249576568604,1.994830965995789,4.185591220855712,0.5618067979812622,8.92794132232666,9.459399223327637,1.72438395023346,0.8933727741241455,Y,29.95456099510193,Y,Y,Y,1.0,1.0,1.0,1.0,1.0,1.0,1.0,1.0,1.0,1.0,N,13.77932,3.216764,8.813818,6.572591,10.30959,4.56436,9.488273,12.8486,6.636267,5.41612,N
0,0.43421725686214574,0.19999996664711447,0.36363639068690856,0.30350755405542856,0.5387597451156916,0.12308555427998098,0.9409448522113643,0.7362202059359296,0.2598424539138844,0.1649470036652082,Y,9.739816665649414,0.6433526873588562,3.2050249576568604,1.994830965995789,4.185591220855712,0.5618067979812622,8.92794132232666,9.459399223327637,1.72438395023346,0.8933727741241455,Y,29.895963191986084,Y,Y,Y,1.0,1.0,1.0,1.0,1.0,1.0,1.0,1.0,1.0,1.0,N,13.77932,3.216764,8.813818,6.572591,10.30959,4.56436,9.488273,12.8486,6.636267,5.41612,N
0,0.43421725686214574,0.19999996664711447,0.36363639068690856,0.30350755405542856,0.5387597451156916,0.12308555427998098,0.9409448522113643,0.7362202059359296,0.2598424539138844,0.1649470036652082,Y,9.739816665649414,0.6433526873588562,3.2050249576568604,1.994830965995789,4.185591220855712,0.5618067979812622,8.92794132232666,9.459399223327637,1.72438395023346,0.8933727741241455,Y,29.896326780319214,Y,Y,Y,1.0,1.0,1.0,1.0,1.0,1.0,1.0,1.0,1.0,1.0,N,13.77932,3.216764,8.813818,6.572591,10.30959,4.56436,9.488273,12.8486,6.636267,5.41612,N
0,0.43421725686214574,0.19999996664711447,0.36363639068690856,0.30350755405542856,0.5387597451156916,0.12308555427998098,0.9409448522113643,0.7362202059359296,0.2598424539138844,0.1649470036652082,Y,9.739816665649414,0.6433526873588562,3.2050249576568604,1.994830965995789,4.185591220855712,0.5618067979812622,8.92794132232666,9.459399223327637,1.72438395023346,0.8933727741241455,Y,29.89826798439026,Y,Y,Y,1.0,1.0,1.0,1.0,1.0,1.0,1.0,1.0,1.0,1.0,N,13.77932,3.216764,8.813818,6.572591,10.30959,4.56436,9.488273,12.8486,6.636267,5.41612,N
0,0.43421725686214574,0.19999996664711447,0.36363639068690856,0.30350755405542856,0.5387597451156916,0.12308555427998098,0.9409448522113643,0.7362202059359296,0.2598424539138844,0.1649470036652082,Y,9.739816665649414,0.6433526873588562,3.2050249576568604,1.994830965995789,4.185591220855712,0.5618067979812622,8.92794132232666,9.459399223327637,1.72438395023346,0.8933727741241455,Y,30.14272379875183,Y,Y,Y,1.0,1.0,1.0,1.0,1.0,1.0,1.0,1.0,1.0,1.0,N,13.77932,3.216764,8.813818,6.572591,10.30959,4.56436,9.488273,12.8486,6.636267,5.41612,N
0,0.3016509676065088,0.2499999629412383,0.30303032106399963,0.12884752754009401,0.2622739412838795,0.11690317030947152,0.9685039211793942,0.803148937698911,0.30708664585653733,0.17331288478589507,N,8.793336868286133,0.8041908740997314,2.670854091644287,0.8468620777130127,0.5146219134330752,0.533588171005249,9.18942928314209,10.319339752197266,2.037909030914306,0.9386833906173706,N,14.100127935409546,N,N,N,,,,,,,,,,,,,,,,,,,,,,
0,0.3016509676065088,0.2499999629412383,0.30303032106399963,0.12884752754009401,0.2622739412838795,0.11690317030947152,0.9685039211793942,0.803148937698911,0.30708664585653733,0.17331288478589507,N,8.793336868286133,0.8041908740997314,2.670854091644287,0.8468620777130127,0.5146219134330752,0.533588171005249,9.18942928314209,10.319339752197266,2.037909030914306,0.9386833906173706,N,14.09117579460144,N,N,N,,,,,,,,,,,,,,,,,,,,,,
0,0.3016509676065088,0.2499999629412383,0.30303032106399963,0.12884752754009401,0.2622739412838795,0.11690317030947152,0.9685039211793942,0.803148937698911,0.30708664585653733,0.17331288478589507,N,8.793336868286133,0.8041908740997314,2.670854091644287,0.8468620777130127,0.5146219134330752,0.533588171005249,9.18942928314209,10.319339752197266,2.037909030914306,0.9386833906173706,N,14.078522205352783,N,N,N,,,,,,,,,,,,,,,,,,,,,,
0,0.3016509676065088,0.2499999629412383,0.30303032106399963,0.12884752754009401,0.2622739412838795,0.11690317030947152,0.9685039211793942,0.803148937698911,0.30708664585653733,0.17331288478589507,N,8.793336868286133,0.8041908740997314,2.670854091644287,0.8468620777130127,0.5146219134330752,0.533588171005249,9.18942928314209,10.319339752197266,2.037909030914306,0.9386833906173706,N,14.104737758636475,N,N,N,,,,,,,,,,,,,,,,,,,,,,
0,0.3016509676065088,0.2499999629412383,0.30303032106399963,0.12884752754009401,0.2622739412838795,0.11690317030947152,0.9685039211793942,0.803148937698911,0.30708664585653733,0.17331288478589507,N,8.793336868286133,0.8041908740997314,2.670854091644287,0.8468620777130127,0.5146219134330752,0.533588171005249,9.18942928314209,10.319339752197266,2.037909030914306,0.9386833906173706,N,14.129111051559448,N,N,N,,,,,,,,,,,,,,,,,,,,,,
0,0.6728364706631152,0.7805555790261046,0.16666669822563573,0.18468150329787553,0.3165374740107054,0.3342700605516604,0.7480315202014237,0.9488185545710323,0.7519685087460816,0.12716118173757684,N,11.443479537963867,2.5108630657196045,1.4689699411392212,1.2138359546661377,1.2350920438766482,1.5257289409637451,7.097527027130127,12.190990447998049,4.990263938903809,0.6887202262878418,N,14.124419927597046,N,N,N,,,,,,,,,,,,,,,,,,,,,,
0,0.6728364706631152,0.7805555790261046,0.16666669822563573,0.18468150329787553,0.3165374740107054,0.3342700605516604,0.7480315202014237,0.9488185545710323,0.7519685087460816,0.12716118173757684,N,11.443479537963867,2.5108630657196045,1.4689699411392212,1.2138359546661377,1.2350920438766482,1.5257289409637451,7.097527027130127,12.190990447998049,4.990263938903809,0.6887202262878418,N,14.117891788482666,N,N,N,,,,,,,,,,,,,,,,,,,,,,
0,0.6728364706631152,0.7805555790261046,0.16666669822563573,0.18468150329787553,0.3165374740107054,0.3342700605516604,0.7480315202014237,0.9488185545710323,0.7519685087460816,0.12716118173757684,N,11.443479537963867,2.5108630657196045,1.4689699411392212,1.2138359546661377,1.2350920438766482,1.5257289409637451,7.097527027130127,12.190990447998049,4.990263938903809,0.6887202262878418,N,14.121112823486328,N,N,N,,,,,,,,,,,,,,,,,,,,,,
0,0.6728364706631152,0.7805555790261046,0.16666669822563573,0.18468150329787553,0.3165374740107054,0.3342700605516604,0.7480315202014237,0.9488185545710323,0.7519685087460816,0.12716118173757684,N,11.443479537963867,2.5108630657196045,1.4689699411392212,1.2138359546661377,1.2350920438766482,1.5257289409637451,7.097527027130127,12.190990447998049,4.990263938903809,0.6887202262878418,N,14.140177965164185,N,N,N,,,,,,,,,,,,,,,,,,,,,,
0,0.6728364706631152,0.7805555790261046,0.16666669822563573,0.18468150329787553,0.3165374740107054,0.3342700605516604,0.7480315202014237,0.9488185545710323,0.7519685087460816,0.12716118173757684,N,11.443479537963867,2.5108630657196045,1.4689699411392212,1.2138359546661377,1.2350920438766482,1.5257289409637451,7.097527027130127,12.190990447998049,4.990263938903809,0.6887202262878418,N,14.127040147781372,N,N,N,,,,,,,,,,,,,,,,,,,,,,
0,0.6373195524176657,0.29722221975163815,0.2121212436801812,0.236936238992632,0.34625328129294236,0.0379373217551697,0.956692891621667,0.8740158456331134,0.41338586665867655,0.24010030174072516,Y,11.189900398254396,0.956093728542328,1.8695980310440063,1.557284951210022,1.62963604927063,0.1731595993041992,9.077363014221191,11.229880332946776,2.7433390617370605,1.3004120588302612,Y,29.943339109420776,Y,Y,Y,1.0,1.0,1.0,1.0,1.0,1.0,1.0,1.0,1.0,1.0,N,13.77932,3.216764,8.813818,6.572591,10.30959,4.56436,9.488273,12.8486,6.636267,5.41612,N
0,0.6373195524176657,0.29722221975163815,0.2121212436801812,0.236936238992632,0.34625328129294236,0.0379373217551697,0.956692891621667,0.8740158456331134,0.41338586665867655,0.24010030174072516,Y,11.189900398254396,0.956093728542328,1.8695980310440063,1.557284951210022,1.62963604927063,0.1731595993041992,9.077363014221191,11.229880332946776,2.7433390617370605,1.3004120588302612,Y,30.052087783813477,Y,Y,Y,1.0,1.0,1.0,1.0,1.0,1.0,1.0,1.0,1.0,1.0,N,13.77932,3.216764,8.813818,6.572591,10.30959,4.56436,9.488273,12.8486,6.636267,5.41612,N
0,0.6373195524176657,0.29722221975163815,0.2121212436801812,0.236936238992632,0.34625328129294236,0.0379373217551697,0.956692891621667,0.8740158456331134,0.41338586665867655,0.24010030174072516,Y,11.189900398254396,0.956093728542328,1.8695980310440063,1.557284951210022,1.62963604927063,0.1731595993041992,9.077363014221191,11.229880332946776,2.7433390617370605,1.3004120588302612,Y,29.998677015304565,Y,Y,Y,1.0,1.0,1.0,1.0,1.0,1.0,1.0,1.0,1.0,1.0,N,13.77932,3.216764,8.813818,6.572591,10.30959,4.56436,9.488273,12.8486,6.636267,5.41612,N
0,0.6373195524176657,0.29722221975163815,0.2121212436801812,0.236936238992632,0.34625328129294236,0.0379373217551697,0.956692891621667,0.8740158456331134,0.41338586665867655,0.24010030174072516,Y,11.189900398254396,0.956093728542328,1.8695980310440063,1.557284951210022,1.62963604927063,0.1731595993041992,9.077363014221191,11.229880332946776,2.7433390617370605,1.3004120588302612,Y,30.04011583328247,Y,Y,Y,1.0,1.0,1.0,1.0,1.0,1.0,1.0,1.0,1.0,1.0,N,13.77932,3.216764,8.813818,6.572591,10.30959,4.56436,9.488273,12.8486,6.636267,5.41612,N
0,0.6373195524176657,0.29722221975163815,0.2121212436801812,0.236936238992632,0.34625328129294236,0.0379373217551697,0.956692891621667,0.8740158456331134,0.41338586665867655,0.24010030174072516,Y,11.189900398254396,0.956093728542328,1.8695980310440063,1.557284951210022,1.62963604927063,0.1731595993041992,9.077363014221191,11.229880332946776,2.7433390617370605,1.3004120588302612,Y,29.94767999649048,Y,Y,Y,1.0,1.0,1.0,1.0,1.0,1.0,1.0,1.0,1.0,1.0,N,13.77932,3.216764,8.813818,6.572591,10.30959,4.56436,9.488273,12.8486,6.636267,5.41612,N
0,0.6528272233370825,0.11944444691502856,0.16666669822563573,0.2147459155081624,0.2596899542358566,0.39960650979711265,0.8740157852284234,0.8543303831278788,0.5039370534187725,0.18697721084090252,N,11.300620079040527,0.3842245936393738,1.4689699411392212,1.4114370346069336,0.4803136885166168,1.8239480257034304,8.292900085449219,10.97694969177246,3.344260931015014,1.0126910209655762,N,14.130867958068848,N,N,N,,,,,,,,,,,,,,,,,,,,,,
0,0.6528272233370825,0.11944444691502856,0.16666669822563573,0.2147459155081624,0.2596899542358566,0.39960650979711265,0.8740157852284234,0.8543303831278788,0.5039370534187725,0.18697721084090252,N,11.300620079040527,0.3842245936393738,1.4689699411392212,1.4114370346069336,0.4803136885166168,1.8239480257034304,8.292900085449219,10.97694969177246,3.344260931015014,1.0126910209655762,N,14.090564966201782,N,N,N,,,,,,,,,,,,,,,,,,,,,,
0,0.6528272233370825,0.11944444691502856,0.16666669822563573,0.2147459155081624,0.2596899542358566,0.39960650979711265,0.8740157852284234,0.8543303831278788,0.5039370534187725,0.18697721084090252,N,11.300620079040527,0.3842245936393738,1.4689699411392212,1.4114370346069336,0.4803136885166168,1.8239480257034304,8.292900085449219,10.97694969177246,3.344260931015014,1.0126910209655762,N,14.112498998641968,N,N,N,,,,,,,,,,,,,,,,,,,,,,
0,0.6528272233370825,0.11944444691502856,0.16666669822563573,0.2147459155081624,0.2596899542358566,0.39960650979711265,0.8740157852284234,0.8543303831278788,0.5039370534187725,0.18697721084090252,N,11.300620079040527,0.3842245936393738,1.4689699411392212,1.4114370346069336,0.4803136885166168,1.8239480257034304,8.292900085449219,10.97694969177246,3.344260931015014,1.0126910209655762,N,14.15123200416565,N,N,N,,,,,,,,,,,,,,,,,,,,,,
0,0.6528272233370825,0.11944444691502856,0.16666669822563573,0.2147459155081624,0.2596899542358566,0.39960650979711265,0.8740157852284234,0.8543303831278788,0.5039370534187725,0.18697721084090252,N,11.300620079040527,0.3842245936393738,1.4689699411392212,1.4114370346069336,0.4803136885166168,1.8239480257034304,8.292900085449219,10.97694969177246,3.344260931015014,1.0126910209655762,N,14.117325067520142,N,N,N,,,,,,,,,,,,,,,,,,,,,,
0,0.5827917187076425,0.1638888715948001,0.4545454545454546,0.13600572653743304,0.34883724813941475,0.29956442941752837,0.8897637241278799,0.6417321087167609,0.19291342599668138,0.3848299152690773,N,10.800589561462402,0.5271918177604675,4.006280899047852,0.8939099907875061,1.663944005966186,1.367319941520691,8.442320823669434,8.245359420776367,1.2802250385284424,2.084285020828247,N,14.123153924942017,N,N,N,,,,,,,,,,,,,,,,,,,,,,
0,0.5827917187076425,0.1638888715948001,0.4545454545454546,0.13600572653743304,0.34883724813941475,0.29956442941752837,0.8897637241278799,0.6417321087167609,0.19291342599668138,0.3848299152690773,N,10.800589561462402,0.5271918177604675,4.006280899047852,0.8939099907875061,1.663944005966186,1.367319941520691,8.442320823669434,8.245359420776367,1.2802250385284424,2.084285020828247,N,14.09795093536377,N,N,N,,,,,,,,,,,,,,,,,,,,,,
0,0.5827917187076425,0.1638888715948001,0.4545454545454546,0.13600572653743304,0.34883724813941475,0.29956442941752837,0.8897637241278799,0.6417321087167609,0.19291342599668138,0.3848299152690773,N,10.800589561462402,0.5271918177604675,4.006280899047852,0.8939099907875061,1.663944005966186,1.367319941520691,8.442320823669434,8.245359420776367,1.2802250385284424,2.084285020828247,N,14.102936744689941,N,N,N,,,,,,,,,,,,,,,,,,,,,,
0,0.5827917187076425,0.1638888715948001,0.4545454545454546,0.13600572653743304,0.34883724813941475,0.29956442941752837,0.8897637241278799,0.6417321087167609,0.19291342599668138,0.3848299152690773,N,10.800589561462402,0.5271918177604675,4.006280899047852,0.8939099907875061,1.663944005966186,1.367319941520691,8.442320823669434,8.245359420776367,1.2802250385284424,2.084285020828247,N,14.105557203292847,N,N,N,,,,,,,,,,,,,,,,,,,,,,
0,0.5827917187076425,0.1638888715948001,0.4545454545454546,0.13600572653743304,0.34883724813941475,0.29956442941752837,0.8897637241278799,0.6417321087167609,0.19291342599668138,0.3848299152690773,N,10.800589561462402,0.5271918177604675,4.006280899047852,0.8939099907875061,1.663944005966186,1.367319941520691,8.442320823669434,8.245359420776367,1.2802250385284424,2.084285020828247,N,14.171836853027344,N,N,N,,,,,,,,,,,,,,,,,,,,,,
0,0.6468241419191386,0.11111110802288097,0.12121216629636275,0.15175376795904616,0.2067183791191747,0.680904836809509,0.8700786748650013,0.8779524631006594,0.5393701030684126,0.29447851802014485,N,11.257760047912598,0.3574182093143463,1.0683419704437256,0.9974154233932495,-0.22300280630588523,3.107894897460937,8.25554370880127,11.280460357666016,3.5794041156768794,1.5949310064315798,N,14.241422653198242,N,N,N,,,,,,,,,,,,,,,,,,,,,,
0,0.6468241419191386,0.11111110802288097,0.12121216629636275,0.15175376795904616,0.2067183791191747,0.680904836809509,0.8700786748650013,0.8779524631006594,0.5393701030684126,0.29447851802014485,N,11.257760047912598,0.3574182093143463,1.0683419704437256,0.9974154233932495,-0.22300280630588523,3.107894897460937,8.25554370880127,11.280460357666016,3.5794041156768794,1.5949310064315798,N,14.261993885040283,N,N,N,,,,,,,,,,,,,,,,,,,,,,
0,0.6468241419191386,0.11111110802288097,0.12121216629636275,0.15175376795904616,0.2067183791191747,0.680904836809509,0.8700786748650013,0.8779524631006594,0.5393701030684126,0.29447851802014485,N,11.257760047912598,0.3574182093143463,1.0683419704437256,0.9974154233932495,-0.22300280630588523,3.107894897460937,8.25554370880127,11.280460357666016,3.5794041156768794,1.5949310064315798,N,14.216464281082153,N,N,N,,,,,,,,,,,,,,,,,,,,,,
0,0.6468241419191386,0.11111110802288097,0.12121216629636275,0.15175376795904616,0.2067183791191747,0.680904836809509,0.8700786748650013,0.8779524631006594,0.5393701030684126,0.29447851802014485,N,11.257760047912598,0.3574182093143463,1.0683419704437256,0.9974154233932495,-0.22300280630588523,3.107894897460937,8.25554370880127,11.280460357666016,3.5794041156768794,1.5949310064315798,N,14.14897108078003,N,N,N,,,,,,,,,,,,,,,,,,,,,,
0,0.6468241419191386,0.11111110802288097,0.12121216629636275,0.15175376795904616,0.2067183791191747,0.680904836809509,0.8700786748650013,0.8779524631006594,0.5393701030684126,0.29447851802014485,N,11.257760047912598,0.3574182093143463,1.0683419704437256,0.9974154233932495,-0.22300280630588523,3.107894897460937,8.25554370880127,11.280460357666016,3.5794041156768794,1.5949310064315798,N,14.123300075531006,N,N,N,,,,,,,,,,,,,,,,,,,,,,
