,scaled_input_f5,scaled_input_f6,scaled_input_f7,scaled_input_f8,scaled_input_f9,scaled_input_f13,scaled_input_f14,scaled_input_f15,scaled_input_f16,scaled_input_f17,scaled_input_f18,scaled_input_f19,scaled_input_f20,scaled_input_f21,scaled_input_f22,scaled_input_f23,scaled_input_f24,scaled_input_f25,scaled_input_f26,scaled_input_f27,scaled_input_f28,scaled_input_f29,scaled_input_f30,scaled_input_f31,scaled_input_f32,scaled_input_f33,scaled_input_target,origin_input_f5,origin_input_f6,origin_input_f7,origin_input_f8,origin_input_f9,origin_input_f13,origin_input_f14,origin_input_f15,origin_input_f16,origin_input_f17,origin_input_f18,origin_input_f19,origin_input_f20,origin_input_f21,origin_input_f22,origin_input_f23,origin_input_f24,origin_input_f25,origin_input_f26,origin_input_f27,origin_input_f28,origin_input_f29,origin_input_f30,origin_input_f31,origin_input_f32,origin_input_f33,origin_input_target,scaled_cf_f5,scaled_cf_f6,scaled_cf_f7,scaled_cf_f8,scaled_cf_f9,scaled_cf_f13,scaled_cf_f14,scaled_cf_f15,scaled_cf_f16,scaled_cf_f17,scaled_cf_f18,scaled_cf_f19,scaled_cf_f20,scaled_cf_f21,scaled_cf_f22,scaled_cf_f23,scaled_cf_f24,scaled_cf_f25,scaled_cf_f26,scaled_cf_f27,scaled_cf_f28,scaled_cf_f29,scaled_cf_f30,scaled_cf_f31,scaled_cf_f32,scaled_cf_f33,scaled_cf_target,origin_cf_f5,origin_cf_f6,origin_cf_f7,origin_cf_f8,origin_cf_f9,origin_cf_f13,origin_cf_f14,origin_cf_f15,origin_cf_f16,origin_cf_f17,origin_cf_f18,origin_cf_f19,origin_cf_f20,origin_cf_f21,origin_cf_f22,origin_cf_f23,origin_cf_f24,origin_cf_f25,origin_cf_f26,origin_cf_f27,origin_cf_f28,origin_cf_f29,origin_cf_f30,origin_cf_f31,origin_cf_f32,origin_cf_f33,origin_cf_target,running_time,Found,ground_truth,prediction
0,0.4064171122994652,0.0,0.0,0.015503875968992276,0.08974358974358987,0.0,0.0,0.0,0.07086614173228346,0.5669291338582677,0.0,0.0,0.0,0.0,0.0,0.0,0.0,0.0,0.0,0.0,0.0,0.0,0.0,0.0,0.10256410256410256,0.0,Y,89.0,77.0,76.0,73.0,101.00000000000001,0.0,0.0,0.0,9.0,72.0,0.0,0.0,0.0,0.0,0.0,0.0,0.0,0.0,0.0,0.0,0.0,0.0,0.0,0.0,4.0,0.0,Y,1.0,1.0,1.0,1.0,1.0,1.0,1.0,1.0,1.0,1.0,1.0,1.0,1.0,1.0,1.0,1.0,1.0,1.0,1.0,1.0,1.0,1.0,1.0,1.0,1.0,1.0,N,200.0,200.0,200.0,200.0,172.0,113.0,128.0,150.0,127.0,127.0,125.0,111.0,91.0,113.0,131.0,104.0,56.0,72.0,108.0,66.0,74.0,67.0,43.0,42.0,39.0,39.0,N,1.5107622146606445,Y,Y,Y
0,0.4064171122994652,0.0,0.0,0.015503875968992276,0.08974358974358987,0.0,0.0,0.0,0.07086614173228346,0.5669291338582677,0.0,0.0,0.0,0.0,0.0,0.0,0.0,0.0,0.0,0.0,0.0,0.0,0.0,0.0,0.10256410256410256,0.0,Y,89.0,77.0,76.0,73.0,101.00000000000001,0.0,0.0,0.0,9.0,72.0,0.0,0.0,0.0,0.0,0.0,0.0,0.0,0.0,0.0,0.0,0.0,0.0,0.0,0.0,4.0,0.0,Y,1.0,1.0,1.0,1.0,1.0,1.0,1.0,1.0,1.0,1.0,1.0,1.0,1.0,1.0,1.0,1.0,1.0,1.0,1.0,1.0,1.0,1.0,1.0,1.0,1.0,1.0,N,200.0,200.0,200.0,200.0,172.0,113.0,128.0,150.0,127.0,127.0,125.0,111.0,91.0,113.0,131.0,104.0,56.0,72.0,108.0,66.0,74.0,67.0,43.0,42.0,39.0,39.0,N,1.4583449363708496,Y,Y,Y
0,0.4064171122994652,0.0,0.0,0.015503875968992276,0.08974358974358987,0.0,0.0,0.0,0.07086614173228346,0.5669291338582677,0.0,0.0,0.0,0.0,0.0,0.0,0.0,0.0,0.0,0.0,0.0,0.0,0.0,0.0,0.10256410256410256,0.0,Y,89.0,77.0,76.0,73.0,101.00000000000001,0.0,0.0,0.0,9.0,72.0,0.0,0.0,0.0,0.0,0.0,0.0,0.0,0.0,0.0,0.0,0.0,0.0,0.0,0.0,4.0,0.0,Y,1.0,1.0,1.0,1.0,1.0,1.0,1.0,1.0,1.0,1.0,1.0,1.0,1.0,1.0,1.0,1.0,1.0,1.0,1.0,1.0,1.0,1.0,1.0,1.0,1.0,1.0,N,200.0,200.0,200.0,200.0,172.0,113.0,128.0,150.0,127.0,127.0,125.0,111.0,91.0,113.0,131.0,104.0,56.0,72.0,108.0,66.0,74.0,67.0,43.0,42.0,39.0,39.0,N,1.4957759380340576,Y,Y,Y
0,0.4064171122994652,0.0,0.0,0.015503875968992276,0.08974358974358987,0.0,0.0,0.0,0.07086614173228346,0.5669291338582677,0.0,0.0,0.0,0.0,0.0,0.0,0.0,0.0,0.0,0.0,0.0,0.0,0.0,0.0,0.10256410256410256,0.0,Y,89.0,77.0,76.0,73.0,101.00000000000001,0.0,0.0,0.0,9.0,72.0,0.0,0.0,0.0,0.0,0.0,0.0,0.0,0.0,0.0,0.0,0.0,0.0,0.0,0.0,4.0,0.0,Y,1.0,1.0,1.0,1.0,1.0,1.0,1.0,1.0,1.0,1.0,1.0,1.0,1.0,1.0,1.0,1.0,1.0,1.0,1.0,1.0,1.0,1.0,1.0,1.0,1.0,1.0,N,200.0,200.0,200.0,200.0,172.0,113.0,128.0,150.0,127.0,127.0,125.0,111.0,91.0,113.0,131.0,104.0,56.0,72.0,108.0,66.0,74.0,67.0,43.0,42.0,39.0,39.0,N,1.447756052017212,Y,Y,Y
0,0.4064171122994652,0.0,0.0,0.015503875968992276,0.08974358974358987,0.0,0.0,0.0,0.07086614173228346,0.5669291338582677,0.0,0.0,0.0,0.0,0.0,0.0,0.0,0.0,0.0,0.0,0.0,0.0,0.0,0.0,0.10256410256410256,0.0,Y,89.0,77.0,76.0,73.0,101.00000000000001,0.0,0.0,0.0,9.0,72.0,0.0,0.0,0.0,0.0,0.0,0.0,0.0,0.0,0.0,0.0,0.0,0.0,0.0,0.0,4.0,0.0,Y,1.0,1.0,1.0,1.0,1.0,1.0,1.0,1.0,1.0,1.0,1.0,1.0,1.0,1.0,1.0,1.0,1.0,1.0,1.0,1.0,1.0,1.0,1.0,1.0,1.0,1.0,N,200.0,200.0,200.0,200.0,172.0,113.0,128.0,150.0,127.0,127.0,125.0,111.0,91.0,113.0,131.0,104.0,56.0,72.0,108.0,66.0,74.0,67.0,43.0,42.0,39.0,39.0,N,1.442500114440918,Y,Y,Y
0,0.53475935828877,0.04878048780487809,0.0,0.0,0.0,0.0,0.25,0.09333333333333334,0.015748031496062992,0.30708661417322836,0.2,0.0,0.0,0.0,0.0,0.0,0.0,0.0,0.0,0.0,0.0,0.0,0.0,0.0,0.0,0.0,N,113.0,83.0,76.0,71.0,94.0,0.0,32.0,14.0,2.0,39.0,25.0,0.0,0.0,0.0,0.0,0.0,0.0,0.0,0.0,0.0,0.0,0.0,0.0,0.0,0.0,0.0,N,,,,,,,,,,,,,,,,,,,,,,,,,,,,,,,,,,,,,,,,,,,,,,,,,,,,,,,0.6694929599761963,N,N,N
0,0.53475935828877,0.04878048780487809,0.0,0.0,0.0,0.0,0.25,0.09333333333333334,0.015748031496062992,0.30708661417322836,0.2,0.0,0.0,0.0,0.0,0.0,0.0,0.0,0.0,0.0,0.0,0.0,0.0,0.0,0.0,0.0,N,113.0,83.0,76.0,71.0,94.0,0.0,32.0,14.0,2.0,39.0,25.0,0.0,0.0,0.0,0.0,0.0,0.0,0.0,0.0,0.0,0.0,0.0,0.0,0.0,0.0,0.0,N,,,,,,,,,,,,,,,,,,,,,,,,,,,,,,,,,,,,,,,,,,,,,,,,,,,,,,,0.6727139949798584,N,N,N
0,0.53475935828877,0.04878048780487809,0.0,0.0,0.0,0.0,0.25,0.09333333333333334,0.015748031496062992,0.30708661417322836,0.2,0.0,0.0,0.0,0.0,0.0,0.0,0.0,0.0,0.0,0.0,0.0,0.0,0.0,0.0,0.0,N,113.0,83.0,76.0,71.0,94.0,0.0,32.0,14.0,2.0,39.0,25.0,0.0,0.0,0.0,0.0,0.0,0.0,0.0,0.0,0.0,0.0,0.0,0.0,0.0,0.0,0.0,N,,,,,,,,,,,,,,,,,,,,,,,,,,,,,,,,,,,,,,,,,,,,,,,,,,,,,,,0.6663839817047119,N,N,N
0,0.53475935828877,0.04878048780487809,0.0,0.0,0.0,0.0,0.25,0.09333333333333334,0.015748031496062992,0.30708661417322836,0.2,0.0,0.0,0.0,0.0,0.0,0.0,0.0,0.0,0.0,0.0,0.0,0.0,0.0,0.0,0.0,N,113.0,83.0,76.0,71.0,94.0,0.0,32.0,14.0,2.0,39.0,25.0,0.0,0.0,0.0,0.0,0.0,0.0,0.0,0.0,0.0,0.0,0.0,0.0,0.0,0.0,0.0,N,,,,,,,,,,,,,,,,,,,,,,,,,,,,,,,,,,,,,,,,,,,,,,,,,,,,,,,0.6606898307800293,N,N,N
0,0.53475935828877,0.04878048780487809,0.0,0.0,0.0,0.0,0.25,0.09333333333333334,0.015748031496062992,0.30708661417322836,0.2,0.0,0.0,0.0,0.0,0.0,0.0,0.0,0.0,0.0,0.0,0.0,0.0,0.0,0.0,0.0,N,113.0,83.0,76.0,71.0,94.0,0.0,32.0,14.0,2.0,39.0,25.0,0.0,0.0,0.0,0.0,0.0,0.0,0.0,0.0,0.0,0.0,0.0,0.0,0.0,0.0,0.0,N,,,,,,,,,,,,,,,,,,,,,,,,,,,,,,,,,,,,,,,,,,,,,,,,,,,,,,,0.666269063949585,N,N,N
0,0.2834224598930481,0.5203252032520326,0.0,0.09302325581395354,0.8333333333333333,0.0,0.0,0.0,0.0,0.0,0.224,0.42342342342342343,0.5054945054945056,0.0,0.0,0.0,0.0,0.0,0.0,0.0,0.0,0.0,0.0,0.0,0.8205128205128205,0.23076923076923075,N,66.0,141.0,76.0,83.0,159.0,0.0,0.0,0.0,0.0,0.0,28.0,47.0,46.00000000000001,0.0,0.0,0.0,0.0,0.0,0.0,0.0,0.0,0.0,0.0,0.0,32.0,9.0,N,,,,,,,,,,,,,,,,,,,,,,,,,,,,,,,,,,,,,,,,,,,,,,,,,,,,,,,0.6590111255645752,N,N,N
0,0.2834224598930481,0.5203252032520326,0.0,0.09302325581395354,0.8333333333333333,0.0,0.0,0.0,0.0,0.0,0.224,0.42342342342342343,0.5054945054945056,0.0,0.0,0.0,0.0,0.0,0.0,0.0,0.0,0.0,0.0,0.0,0.8205128205128205,0.23076923076923075,N,66.0,141.0,76.0,83.0,159.0,0.0,0.0,0.0,0.0,0.0,28.0,47.0,46.00000000000001,0.0,0.0,0.0,0.0,0.0,0.0,0.0,0.0,0.0,0.0,0.0,32.0,9.0,N,,,,,,,,,,,,,,,,,,,,,,,,,,,,,,,,,,,,,,,,,,,,,,,,,,,,,,,0.6672179698944092,N,N,N
0,0.2834224598930481,0.5203252032520326,0.0,0.09302325581395354,0.8333333333333333,0.0,0.0,0.0,0.0,0.0,0.224,0.42342342342342343,0.5054945054945056,0.0,0.0,0.0,0.0,0.0,0.0,0.0,0.0,0.0,0.0,0.0,0.8205128205128205,0.23076923076923075,N,66.0,141.0,76.0,83.0,159.0,0.0,0.0,0.0,0.0,0.0,28.0,47.0,46.00000000000001,0.0,0.0,0.0,0.0,0.0,0.0,0.0,0.0,0.0,0.0,0.0,32.0,9.0,N,,,,,,,,,,,,,,,,,,,,,,,,,,,,,,,,,,,,,,,,,,,,,,,,,,,,,,,0.6621887683868408,N,N,N
0,0.2834224598930481,0.5203252032520326,0.0,0.09302325581395354,0.8333333333333333,0.0,0.0,0.0,0.0,0.0,0.224,0.42342342342342343,0.5054945054945056,0.0,0.0,0.0,0.0,0.0,0.0,0.0,0.0,0.0,0.0,0.0,0.8205128205128205,0.23076923076923075,N,66.0,141.0,76.0,83.0,159.0,0.0,0.0,0.0,0.0,0.0,28.0,47.0,46.00000000000001,0.0,0.0,0.0,0.0,0.0,0.0,0.0,0.0,0.0,0.0,0.0,32.0,9.0,N,,,,,,,,,,,,,,,,,,,,,,,,,,,,,,,,,,,,,,,,,,,,,,,,,,,,,,,0.6609847545623779,N,N,N
0,0.2834224598930481,0.5203252032520326,0.0,0.09302325581395354,0.8333333333333333,0.0,0.0,0.0,0.0,0.0,0.224,0.42342342342342343,0.5054945054945056,0.0,0.0,0.0,0.0,0.0,0.0,0.0,0.0,0.0,0.0,0.0,0.8205128205128205,0.23076923076923075,N,66.0,141.0,76.0,83.0,159.0,0.0,0.0,0.0,0.0,0.0,28.0,47.0,46.00000000000001,0.0,0.0,0.0,0.0,0.0,0.0,0.0,0.0,0.0,0.0,0.0,32.0,9.0,N,,,,,,,,,,,,,,,,,,,,,,,,,,,,,,,,,,,,,,,,,,,,,,,,,,,,,,,0.6712090969085693,N,N,N
0,0.48663101604278075,0.4390243902439025,0.0,0.0,0.0,0.4070796460176991,0.0,0.0,0.0,0.08661417322834646,0.4,0.0,0.07692307692307693,0.3274336283185841,0.0,0.0,0.0,0.0,0.0,0.0,0.0,0.0,0.0,0.0,0.0,0.0,N,104.0,131.0,76.0,71.0,94.0,46.0,0.0,0.0,0.0,11.0,50.0,0.0,7.0,37.0,0.0,0.0,0.0,0.0,0.0,0.0,0.0,0.0,0.0,0.0,0.0,0.0,N,,,,,,,,,,,,,,,,,,,,,,,,,,,,,,,,,,,,,,,,,,,,,,,,,,,,,,,0.6695289611816406,N,N,N
0,0.48663101604278075,0.4390243902439025,0.0,0.0,0.0,0.4070796460176991,0.0,0.0,0.0,0.08661417322834646,0.4,0.0,0.07692307692307693,0.3274336283185841,0.0,0.0,0.0,0.0,0.0,0.0,0.0,0.0,0.0,0.0,0.0,0.0,N,104.0,131.0,76.0,71.0,94.0,46.0,0.0,0.0,0.0,11.0,50.0,0.0,7.0,37.0,0.0,0.0,0.0,0.0,0.0,0.0,0.0,0.0,0.0,0.0,0.0,0.0,N,,,,,,,,,,,,,,,,,,,,,,,,,,,,,,,,,,,,,,,,,,,,,,,,,,,,,,,0.6660230159759521,N,N,N
0,0.48663101604278075,0.4390243902439025,0.0,0.0,0.0,0.4070796460176991,0.0,0.0,0.0,0.08661417322834646,0.4,0.0,0.07692307692307693,0.3274336283185841,0.0,0.0,0.0,0.0,0.0,0.0,0.0,0.0,0.0,0.0,0.0,0.0,N,104.0,131.0,76.0,71.0,94.0,46.0,0.0,0.0,0.0,11.0,50.0,0.0,7.0,37.0,0.0,0.0,0.0,0.0,0.0,0.0,0.0,0.0,0.0,0.0,0.0,0.0,N,,,,,,,,,,,,,,,,,,,,,,,,,,,,,,,,,,,,,,,,,,,,,,,,,,,,,,,0.66813063621521,N,N,N
0,0.48663101604278075,0.4390243902439025,0.0,0.0,0.0,0.4070796460176991,0.0,0.0,0.0,0.08661417322834646,0.4,0.0,0.07692307692307693,0.3274336283185841,0.0,0.0,0.0,0.0,0.0,0.0,0.0,0.0,0.0,0.0,0.0,0.0,N,104.0,131.0,76.0,71.0,94.0,46.0,0.0,0.0,0.0,11.0,50.0,0.0,7.0,37.0,0.0,0.0,0.0,0.0,0.0,0.0,0.0,0.0,0.0,0.0,0.0,0.0,N,,,,,,,,,,,,,,,,,,,,,,,,,,,,,,,,,,,,,,,,,,,,,,,,,,,,,,,0.681220293045044,N,N,N
0,0.48663101604278075,0.4390243902439025,0.0,0.0,0.0,0.4070796460176991,0.0,0.0,0.0,0.08661417322834646,0.4,0.0,0.07692307692307693,0.3274336283185841,0.0,0.0,0.0,0.0,0.0,0.0,0.0,0.0,0.0,0.0,0.0,0.0,N,104.0,131.0,76.0,71.0,94.0,46.0,0.0,0.0,0.0,11.0,50.0,0.0,7.0,37.0,0.0,0.0,0.0,0.0,0.0,0.0,0.0,0.0,0.0,0.0,0.0,0.0,N,,,,,,,,,,,,,,,,,,,,,,,,,,,,,,,,,,,,,,,,,,,,,,,,,,,,,,,0.6642820835113525,N,N,N
0,0.0267379679144385,0.2682926829268293,0.30645161290322576,0.0,0.0,0.0,0.0234375,0.0,0.0,0.0,0.0,0.018018018018018018,0.07692307692307693,0.0,0.0,0.5192307692307693,0.07142857142857142,0.0,0.0,0.0,0.0,0.0,0.0,0.0,0.0,0.0,N,18.0,110.0,114.0,71.0,94.0,0.0,3.0,0.0,0.0,0.0,0.0,2.0,7.0,0.0,0.0,54.0,4.0,0.0,0.0,0.0,0.0,0.0,0.0,0.0,0.0,0.0,N,,,,,,,,,,,,,,,,,,,,,,,,,,,,,,,,,,,,,,,,,,,,,,,,,,,,,,,0.6704108715057373,N,N,N
0,0.0267379679144385,0.2682926829268293,0.30645161290322576,0.0,0.0,0.0,0.0234375,0.0,0.0,0.0,0.0,0.018018018018018018,0.07692307692307693,0.0,0.0,0.5192307692307693,0.07142857142857142,0.0,0.0,0.0,0.0,0.0,0.0,0.0,0.0,0.0,N,18.0,110.0,114.0,71.0,94.0,0.0,3.0,0.0,0.0,0.0,0.0,2.0,7.0,0.0,0.0,54.0,4.0,0.0,0.0,0.0,0.0,0.0,0.0,0.0,0.0,0.0,N,,,,,,,,,,,,,,,,,,,,,,,,,,,,,,,,,,,,,,,,,,,,,,,,,,,,,,,0.6719570159912109,N,N,N
0,0.0267379679144385,0.2682926829268293,0.30645161290322576,0.0,0.0,0.0,0.0234375,0.0,0.0,0.0,0.0,0.018018018018018018,0.07692307692307693,0.0,0.0,0.5192307692307693,0.07142857142857142,0.0,0.0,0.0,0.0,0.0,0.0,0.0,0.0,0.0,N,18.0,110.0,114.0,71.0,94.0,0.0,3.0,0.0,0.0,0.0,0.0,2.0,7.0,0.0,0.0,54.0,4.0,0.0,0.0,0.0,0.0,0.0,0.0,0.0,0.0,0.0,N,,,,,,,,,,,,,,,,,,,,,,,,,,,,,,,,,,,,,,,,,,,,,,,,,,,,,,,0.6685390472412109,N,N,N
0,0.0267379679144385,0.2682926829268293,0.30645161290322576,0.0,0.0,0.0,0.0234375,0.0,0.0,0.0,0.0,0.018018018018018018,0.07692307692307693,0.0,0.0,0.5192307692307693,0.07142857142857142,0.0,0.0,0.0,0.0,0.0,0.0,0.0,0.0,0.0,N,18.0,110.0,114.0,71.0,94.0,0.0,3.0,0.0,0.0,0.0,0.0,2.0,7.0,0.0,0.0,54.0,4.0,0.0,0.0,0.0,0.0,0.0,0.0,0.0,0.0,0.0,N,,,,,,,,,,,,,,,,,,,,,,,,,,,,,,,,,,,,,,,,,,,,,,,,,,,,,,,0.6690480709075928,N,N,N
0,0.0267379679144385,0.2682926829268293,0.30645161290322576,0.0,0.0,0.0,0.0234375,0.0,0.0,0.0,0.0,0.018018018018018018,0.07692307692307693,0.0,0.0,0.5192307692307693,0.07142857142857142,0.0,0.0,0.0,0.0,0.0,0.0,0.0,0.0,0.0,N,18.0,110.0,114.0,71.0,94.0,0.0,3.0,0.0,0.0,0.0,0.0,2.0,7.0,0.0,0.0,54.0,4.0,0.0,0.0,0.0,0.0,0.0,0.0,0.0,0.0,0.0,N,,,,,,,,,,,,,,,,,,,,,,,,,,,,,,,,,,,,,,,,,,,,,,,,,,,,,,,0.6677250862121582,N,N,N
0,0.37433155080213903,0.0,0.0,0.0,0.0,0.0,0.046875,0.38,0.08661417322834646,0.0,0.0,0.0,0.0,0.0,0.0,0.0,0.0,0.0,0.0,0.0,0.0,0.0,0.0,0.0,0.0,0.0,Y,83.0,77.0,76.0,71.0,94.0,0.0,6.0,57.0,11.0,0.0,0.0,0.0,0.0,0.0,0.0,0.0,0.0,0.0,0.0,0.0,0.0,0.0,0.0,0.0,0.0,0.0,Y,1.0,1.0,1.0,1.0,1.0,1.0,1.0,1.0,1.0,1.0,1.0,1.0,1.0,1.0,1.0,1.0,1.0,1.0,1.0,1.0,1.0,1.0,1.0,1.0,1.0,1.0,N,200.0,200.0,200.0,200.0,172.0,113.0,128.0,150.0,127.0,127.0,125.0,111.0,91.0,113.0,131.0,104.0,56.0,72.0,108.0,66.0,74.0,67.0,43.0,42.0,39.0,39.0,N,1.4542109966278076,Y,Y,Y
0,0.37433155080213903,0.0,0.0,0.0,0.0,0.0,0.046875,0.38,0.08661417322834646,0.0,0.0,0.0,0.0,0.0,0.0,0.0,0.0,0.0,0.0,0.0,0.0,0.0,0.0,0.0,0.0,0.0,Y,83.0,77.0,76.0,71.0,94.0,0.0,6.0,57.0,11.0,0.0,0.0,0.0,0.0,0.0,0.0,0.0,0.0,0.0,0.0,0.0,0.0,0.0,0.0,0.0,0.0,0.0,Y,1.0,1.0,1.0,1.0,1.0,1.0,1.0,1.0,1.0,1.0,1.0,1.0,1.0,1.0,1.0,1.0,1.0,1.0,1.0,1.0,1.0,1.0,1.0,1.0,1.0,1.0,N,200.0,200.0,200.0,200.0,172.0,113.0,128.0,150.0,127.0,127.0,125.0,111.0,91.0,113.0,131.0,104.0,56.0,72.0,108.0,66.0,74.0,67.0,43.0,42.0,39.0,39.0,N,1.437657117843628,Y,Y,Y
0,0.37433155080213903,0.0,0.0,0.0,0.0,0.0,0.046875,0.38,0.08661417322834646,0.0,0.0,0.0,0.0,0.0,0.0,0.0,0.0,0.0,0.0,0.0,0.0,0.0,0.0,0.0,0.0,0.0,Y,83.0,77.0,76.0,71.0,94.0,0.0,6.0,57.0,11.0,0.0,0.0,0.0,0.0,0.0,0.0,0.0,0.0,0.0,0.0,0.0,0.0,0.0,0.0,0.0,0.0,0.0,Y,1.0,1.0,1.0,1.0,1.0,1.0,1.0,1.0,1.0,1.0,1.0,1.0,1.0,1.0,1.0,1.0,1.0,1.0,1.0,1.0,1.0,1.0,1.0,1.0,1.0,1.0,N,200.0,200.0,200.0,200.0,172.0,113.0,128.0,150.0,127.0,127.0,125.0,111.0,91.0,113.0,131.0,104.0,56.0,72.0,108.0,66.0,74.0,67.0,43.0,42.0,39.0,39.0,N,1.4449079036712646,Y,Y,Y
0,0.37433155080213903,0.0,0.0,0.0,0.0,0.0,0.046875,0.38,0.08661417322834646,0.0,0.0,0.0,0.0,0.0,0.0,0.0,0.0,0.0,0.0,0.0,0.0,0.0,0.0,0.0,0.0,0.0,Y,83.0,77.0,76.0,71.0,94.0,0.0,6.0,57.0,11.0,0.0,0.0,0.0,0.0,0.0,0.0,0.0,0.0,0.0,0.0,0.0,0.0,0.0,0.0,0.0,0.0,0.0,Y,1.0,1.0,1.0,1.0,1.0,1.0,1.0,1.0,1.0,1.0,1.0,1.0,1.0,1.0,1.0,1.0,1.0,1.0,1.0,1.0,1.0,1.0,1.0,1.0,1.0,1.0,N,200.0,200.0,200.0,200.0,172.0,113.0,128.0,150.0,127.0,127.0,125.0,111.0,91.0,113.0,131.0,104.0,56.0,72.0,108.0,66.0,74.0,67.0,43.0,42.0,39.0,39.0,N,1.441849708557129,Y,Y,Y
0,0.37433155080213903,0.0,0.0,0.0,0.0,0.0,0.046875,0.38,0.08661417322834646,0.0,0.0,0.0,0.0,0.0,0.0,0.0,0.0,0.0,0.0,0.0,0.0,0.0,0.0,0.0,0.0,0.0,Y,83.0,77.0,76.0,71.0,94.0,0.0,6.0,57.0,11.0,0.0,0.0,0.0,0.0,0.0,0.0,0.0,0.0,0.0,0.0,0.0,0.0,0.0,0.0,0.0,0.0,0.0,Y,1.0,1.0,1.0,1.0,1.0,1.0,1.0,1.0,1.0,1.0,1.0,1.0,1.0,1.0,1.0,1.0,1.0,1.0,1.0,1.0,1.0,1.0,1.0,1.0,1.0,1.0,N,200.0,200.0,200.0,200.0,172.0,113.0,128.0,150.0,127.0,127.0,125.0,111.0,91.0,113.0,131.0,104.0,56.0,72.0,108.0,66.0,74.0,67.0,43.0,42.0,39.0,39.0,N,1.5771658420562744,Y,Y,Y
0,0.23529411764705882,0.0,0.0,0.007751937984496138,0.025641025641025772,0.0,0.21875,0.13333333333333333,0.0,0.0,0.0,0.0,0.0,0.0,0.0,0.0,0.0,0.0,0.0,0.0,0.0,0.0,0.0,0.023809523809523808,0.02564102564102564,0.0,Y,57.0,77.0,76.0,72.0,96.00000000000001,0.0,28.0,20.0,0.0,0.0,0.0,0.0,0.0,0.0,0.0,0.0,0.0,0.0,0.0,0.0,0.0,0.0,0.0,1.0,1.0,0.0,Y,1.0,1.0,1.0,1.0,1.0,1.0,1.0,1.0,1.0,1.0,1.0,1.0,1.0,1.0,1.0,1.0,1.0,1.0,1.0,1.0,1.0,1.0,1.0,1.0,1.0,1.0,N,200.0,200.0,200.0,200.0,172.0,113.0,128.0,150.0,127.0,127.0,125.0,111.0,91.0,113.0,131.0,104.0,56.0,72.0,108.0,66.0,74.0,67.0,43.0,42.0,39.0,39.0,N,1.4438319206237793,Y,Y,Y
0,0.23529411764705882,0.0,0.0,0.007751937984496138,0.025641025641025772,0.0,0.21875,0.13333333333333333,0.0,0.0,0.0,0.0,0.0,0.0,0.0,0.0,0.0,0.0,0.0,0.0,0.0,0.0,0.0,0.023809523809523808,0.02564102564102564,0.0,Y,57.0,77.0,76.0,72.0,96.00000000000001,0.0,28.0,20.0,0.0,0.0,0.0,0.0,0.0,0.0,0.0,0.0,0.0,0.0,0.0,0.0,0.0,0.0,0.0,1.0,1.0,0.0,Y,1.0,1.0,1.0,1.0,1.0,1.0,1.0,1.0,1.0,1.0,1.0,1.0,1.0,1.0,1.0,1.0,1.0,1.0,1.0,1.0,1.0,1.0,1.0,1.0,1.0,1.0,N,200.0,200.0,200.0,200.0,172.0,113.0,128.0,150.0,127.0,127.0,125.0,111.0,91.0,113.0,131.0,104.0,56.0,72.0,108.0,66.0,74.0,67.0,43.0,42.0,39.0,39.0,N,1.4556000232696533,Y,Y,Y
0,0.23529411764705882,0.0,0.0,0.007751937984496138,0.025641025641025772,0.0,0.21875,0.13333333333333333,0.0,0.0,0.0,0.0,0.0,0.0,0.0,0.0,0.0,0.0,0.0,0.0,0.0,0.0,0.0,0.023809523809523808,0.02564102564102564,0.0,Y,57.0,77.0,76.0,72.0,96.00000000000001,0.0,28.0,20.0,0.0,0.0,0.0,0.0,0.0,0.0,0.0,0.0,0.0,0.0,0.0,0.0,0.0,0.0,0.0,1.0,1.0,0.0,Y,1.0,1.0,1.0,1.0,1.0,1.0,1.0,1.0,1.0,1.0,1.0,1.0,1.0,1.0,1.0,1.0,1.0,1.0,1.0,1.0,1.0,1.0,1.0,1.0,1.0,1.0,N,200.0,200.0,200.0,200.0,172.0,113.0,128.0,150.0,127.0,127.0,125.0,111.0,91.0,113.0,131.0,104.0,56.0,72.0,108.0,66.0,74.0,67.0,43.0,42.0,39.0,39.0,N,1.4477980136871338,Y,Y,Y
0,0.23529411764705882,0.0,0.0,0.007751937984496138,0.025641025641025772,0.0,0.21875,0.13333333333333333,0.0,0.0,0.0,0.0,0.0,0.0,0.0,0.0,0.0,0.0,0.0,0.0,0.0,0.0,0.0,0.023809523809523808,0.02564102564102564,0.0,Y,57.0,77.0,76.0,72.0,96.00000000000001,0.0,28.0,20.0,0.0,0.0,0.0,0.0,0.0,0.0,0.0,0.0,0.0,0.0,0.0,0.0,0.0,0.0,0.0,1.0,1.0,0.0,Y,1.0,1.0,1.0,1.0,1.0,1.0,1.0,1.0,1.0,1.0,1.0,1.0,1.0,1.0,1.0,1.0,1.0,1.0,1.0,1.0,1.0,1.0,1.0,1.0,1.0,1.0,N,200.0,200.0,200.0,200.0,172.0,113.0,128.0,150.0,127.0,127.0,125.0,111.0,91.0,113.0,131.0,104.0,56.0,72.0,108.0,66.0,74.0,67.0,43.0,42.0,39.0,39.0,N,1.452420711517334,Y,Y,Y
0,0.23529411764705882,0.0,0.0,0.007751937984496138,0.025641025641025772,0.0,0.21875,0.13333333333333333,0.0,0.0,0.0,0.0,0.0,0.0,0.0,0.0,0.0,0.0,0.0,0.0,0.0,0.0,0.0,0.023809523809523808,0.02564102564102564,0.0,Y,57.0,77.0,76.0,72.0,96.00000000000001,0.0,28.0,20.0,0.0,0.0,0.0,0.0,0.0,0.0,0.0,0.0,0.0,0.0,0.0,0.0,0.0,0.0,0.0,1.0,1.0,0.0,Y,1.0,1.0,1.0,1.0,1.0,1.0,1.0,1.0,1.0,1.0,1.0,1.0,1.0,1.0,1.0,1.0,1.0,1.0,1.0,1.0,1.0,1.0,1.0,1.0,1.0,1.0,N,200.0,200.0,200.0,200.0,172.0,113.0,128.0,150.0,127.0,127.0,125.0,111.0,91.0,113.0,131.0,104.0,56.0,72.0,108.0,66.0,74.0,67.0,43.0,42.0,39.0,39.0,N,1.4982340335845947,Y,Y,Y
0,0.2299465240641711,0.0,0.0,0.06201550387596899,0.2564102564102564,0.0,0.0,0.0,0.14173228346456693,0.2204724409448819,0.0,0.0,0.0,0.0,0.0,0.0,0.0,0.0,0.0,0.0,0.0,0.0,0.0,0.14285714285714285,0.2564102564102564,0.0,N,56.0,77.0,76.0,79.0,114.0,0.0,0.0,0.0,18.0,28.0,0.0,0.0,0.0,0.0,0.0,0.0,0.0,0.0,0.0,0.0,0.0,0.0,0.0,6.0,10.0,0.0,N,,,,,,,,,,,,,,,,,,,,,,,,,,,,,,,,,,,,,,,,,,,,,,,,,,,,,,,0.6709799766540527,N,N,N
0,0.2299465240641711,0.0,0.0,0.06201550387596899,0.2564102564102564,0.0,0.0,0.0,0.14173228346456693,0.2204724409448819,0.0,0.0,0.0,0.0,0.0,0.0,0.0,0.0,0.0,0.0,0.0,0.0,0.0,0.14285714285714285,0.2564102564102564,0.0,N,56.0,77.0,76.0,79.0,114.0,0.0,0.0,0.0,18.0,28.0,0.0,0.0,0.0,0.0,0.0,0.0,0.0,0.0,0.0,0.0,0.0,0.0,0.0,6.0,10.0,0.0,N,,,,,,,,,,,,,,,,,,,,,,,,,,,,,,,,,,,,,,,,,,,,,,,,,,,,,,,0.6858210563659668,N,N,N
0,0.2299465240641711,0.0,0.0,0.06201550387596899,0.2564102564102564,0.0,0.0,0.0,0.14173228346456693,0.2204724409448819,0.0,0.0,0.0,0.0,0.0,0.0,0.0,0.0,0.0,0.0,0.0,0.0,0.0,0.14285714285714285,0.2564102564102564,0.0,N,56.0,77.0,76.0,79.0,114.0,0.0,0.0,0.0,18.0,28.0,0.0,0.0,0.0,0.0,0.0,0.0,0.0,0.0,0.0,0.0,0.0,0.0,0.0,6.0,10.0,0.0,N,,,,,,,,,,,,,,,,,,,,,,,,,,,,,,,,,,,,,,,,,,,,,,,,,,,,,,,0.681427001953125,N,N,N
0,0.2299465240641711,0.0,0.0,0.06201550387596899,0.2564102564102564,0.0,0.0,0.0,0.14173228346456693,0.2204724409448819,0.0,0.0,0.0,0.0,0.0,0.0,0.0,0.0,0.0,0.0,0.0,0.0,0.0,0.14285714285714285,0.2564102564102564,0.0,N,56.0,77.0,76.0,79.0,114.0,0.0,0.0,0.0,18.0,28.0,0.0,0.0,0.0,0.0,0.0,0.0,0.0,0.0,0.0,0.0,0.0,0.0,0.0,6.0,10.0,0.0,N,,,,,,,,,,,,,,,,,,,,,,,,,,,,,,,,,,,,,,,,,,,,,,,,,,,,,,,0.6802921295166016,N,N,N
0,0.2299465240641711,0.0,0.0,0.06201550387596899,0.2564102564102564,0.0,0.0,0.0,0.14173228346456693,0.2204724409448819,0.0,0.0,0.0,0.0,0.0,0.0,0.0,0.0,0.0,0.0,0.0,0.0,0.0,0.14285714285714285,0.2564102564102564,0.0,N,56.0,77.0,76.0,79.0,114.0,0.0,0.0,0.0,18.0,28.0,0.0,0.0,0.0,0.0,0.0,0.0,0.0,0.0,0.0,0.0,0.0,0.0,0.0,6.0,10.0,0.0,N,,,,,,,,,,,,,,,,,,,,,,,,,,,,,,,,,,,,,,,,,,,,,,,,,,,,,,,0.7389707565307617,N,N,N
0,0.4064171122994652,0.0,0.0,0.1937984496124031,0.0,0.0,0.0,0.02,0.06299212598425197,0.5590551181102362,0.0,0.0,0.0,0.0,0.0,0.0,0.0,0.0,0.0,0.0,0.0,0.2537313432835821,0.023255813953488372,0.0,0.0,0.0,Y,89.0,77.0,76.0,96.0,94.0,0.0,0.0,3.0,8.0,71.0,0.0,0.0,0.0,0.0,0.0,0.0,0.0,0.0,0.0,0.0,0.0,17.0,1.0,0.0,0.0,0.0,Y,1.0,1.0,1.0,1.0,1.0,1.0,1.0,1.0,1.0,1.0,1.0,1.0,1.0,1.0,1.0,1.0,1.0,1.0,1.0,1.0,1.0,1.0,1.0,1.0,1.0,1.0,N,200.0,200.0,200.0,200.0,172.0,113.0,128.0,150.0,127.0,127.0,125.0,111.0,91.0,113.0,131.0,104.0,56.0,72.0,108.0,66.0,74.0,67.0,43.0,42.0,39.0,39.0,N,1.5582399368286133,Y,Y,Y
0,0.4064171122994652,0.0,0.0,0.1937984496124031,0.0,0.0,0.0,0.02,0.06299212598425197,0.5590551181102362,0.0,0.0,0.0,0.0,0.0,0.0,0.0,0.0,0.0,0.0,0.0,0.2537313432835821,0.023255813953488372,0.0,0.0,0.0,Y,89.0,77.0,76.0,96.0,94.0,0.0,0.0,3.0,8.0,71.0,0.0,0.0,0.0,0.0,0.0,0.0,0.0,0.0,0.0,0.0,0.0,17.0,1.0,0.0,0.0,0.0,Y,1.0,1.0,1.0,1.0,1.0,1.0,1.0,1.0,1.0,1.0,1.0,1.0,1.0,1.0,1.0,1.0,1.0,1.0,1.0,1.0,1.0,1.0,1.0,1.0,1.0,1.0,N,200.0,200.0,200.0,200.0,172.0,113.0,128.0,150.0,127.0,127.0,125.0,111.0,91.0,113.0,131.0,104.0,56.0,72.0,108.0,66.0,74.0,67.0,43.0,42.0,39.0,39.0,N,1.5335638523101807,Y,Y,Y
0,0.4064171122994652,0.0,0.0,0.1937984496124031,0.0,0.0,0.0,0.02,0.06299212598425197,0.5590551181102362,0.0,0.0,0.0,0.0,0.0,0.0,0.0,0.0,0.0,0.0,0.0,0.2537313432835821,0.023255813953488372,0.0,0.0,0.0,Y,89.0,77.0,76.0,96.0,94.0,0.0,0.0,3.0,8.0,71.0,0.0,0.0,0.0,0.0,0.0,0.0,0.0,0.0,0.0,0.0,0.0,17.0,1.0,0.0,0.0,0.0,Y,1.0,1.0,1.0,1.0,1.0,1.0,1.0,1.0,1.0,1.0,1.0,1.0,1.0,1.0,1.0,1.0,1.0,1.0,1.0,1.0,1.0,1.0,1.0,1.0,1.0,1.0,N,200.0,200.0,200.0,200.0,172.0,113.0,128.0,150.0,127.0,127.0,125.0,111.0,91.0,113.0,131.0,104.0,56.0,72.0,108.0,66.0,74.0,67.0,43.0,42.0,39.0,39.0,N,1.4697699546813965,Y,Y,Y
0,0.4064171122994652,0.0,0.0,0.1937984496124031,0.0,0.0,0.0,0.02,0.06299212598425197,0.5590551181102362,0.0,0.0,0.0,0.0,0.0,0.0,0.0,0.0,0.0,0.0,0.0,0.2537313432835821,0.023255813953488372,0.0,0.0,0.0,Y,89.0,77.0,76.0,96.0,94.0,0.0,0.0,3.0,8.0,71.0,0.0,0.0,0.0,0.0,0.0,0.0,0.0,0.0,0.0,0.0,0.0,17.0,1.0,0.0,0.0,0.0,Y,1.0,1.0,1.0,1.0,1.0,1.0,1.0,1.0,1.0,1.0,1.0,1.0,1.0,1.0,1.0,1.0,1.0,1.0,1.0,1.0,1.0,1.0,1.0,1.0,1.0,1.0,N,200.0,200.0,200.0,200.0,172.0,113.0,128.0,150.0,127.0,127.0,125.0,111.0,91.0,113.0,131.0,104.0,56.0,72.0,108.0,66.0,74.0,67.0,43.0,42.0,39.0,39.0,N,1.4739389419555664,Y,Y,Y
0,0.4064171122994652,0.0,0.0,0.1937984496124031,0.0,0.0,0.0,0.02,0.06299212598425197,0.5590551181102362,0.0,0.0,0.0,0.0,0.0,0.0,0.0,0.0,0.0,0.0,0.0,0.2537313432835821,0.023255813953488372,0.0,0.0,0.0,Y,89.0,77.0,76.0,96.0,94.0,0.0,0.0,3.0,8.0,71.0,0.0,0.0,0.0,0.0,0.0,0.0,0.0,0.0,0.0,0.0,0.0,17.0,1.0,0.0,0.0,0.0,Y,1.0,1.0,1.0,1.0,1.0,1.0,1.0,1.0,1.0,1.0,1.0,1.0,1.0,1.0,1.0,1.0,1.0,1.0,1.0,1.0,1.0,1.0,1.0,1.0,1.0,1.0,N,200.0,200.0,200.0,200.0,172.0,113.0,128.0,150.0,127.0,127.0,125.0,111.0,91.0,113.0,131.0,104.0,56.0,72.0,108.0,66.0,74.0,67.0,43.0,42.0,39.0,39.0,N,1.4750161170959473,Y,Y,Y
0,0.3422459893048128,0.0,0.0,0.0,0.0,0.05309734513274336,0.1328125,0.006666666666666667,0.0,0.3307086614173228,0.024,0.0,0.0,0.0,0.0,0.0,0.0,0.0,0.0,0.0,0.0,0.0,0.0,0.0,0.0,0.0,Y,77.0,77.0,76.0,71.0,94.0,6.0,17.0,1.0,0.0,42.0,3.0,0.0,0.0,0.0,0.0,0.0,0.0,0.0,0.0,0.0,0.0,0.0,0.0,0.0,0.0,0.0,Y,1.0,1.0,1.0,1.0,1.0,1.0,1.0,1.0,1.0,1.0,1.0,1.0,1.0,1.0,1.0,1.0,1.0,1.0,1.0,1.0,1.0,1.0,1.0,1.0,1.0,1.0,N,200.0,200.0,200.0,200.0,172.0,113.0,128.0,150.0,127.0,127.0,125.0,111.0,91.0,113.0,131.0,104.0,56.0,72.0,108.0,66.0,74.0,67.0,43.0,42.0,39.0,39.0,N,1.4720919132232666,Y,Y,Y
0,0.3422459893048128,0.0,0.0,0.0,0.0,0.05309734513274336,0.1328125,0.006666666666666667,0.0,0.3307086614173228,0.024,0.0,0.0,0.0,0.0,0.0,0.0,0.0,0.0,0.0,0.0,0.0,0.0,0.0,0.0,0.0,Y,77.0,77.0,76.0,71.0,94.0,6.0,17.0,1.0,0.0,42.0,3.0,0.0,0.0,0.0,0.0,0.0,0.0,0.0,0.0,0.0,0.0,0.0,0.0,0.0,0.0,0.0,Y,1.0,1.0,1.0,1.0,1.0,1.0,1.0,1.0,1.0,1.0,1.0,1.0,1.0,1.0,1.0,1.0,1.0,1.0,1.0,1.0,1.0,1.0,1.0,1.0,1.0,1.0,N,200.0,200.0,200.0,200.0,172.0,113.0,128.0,150.0,127.0,127.0,125.0,111.0,91.0,113.0,131.0,104.0,56.0,72.0,108.0,66.0,74.0,67.0,43.0,42.0,39.0,39.0,N,1.4699947834014893,Y,Y,Y
0,0.3422459893048128,0.0,0.0,0.0,0.0,0.05309734513274336,0.1328125,0.006666666666666667,0.0,0.3307086614173228,0.024,0.0,0.0,0.0,0.0,0.0,0.0,0.0,0.0,0.0,0.0,0.0,0.0,0.0,0.0,0.0,Y,77.0,77.0,76.0,71.0,94.0,6.0,17.0,1.0,0.0,42.0,3.0,0.0,0.0,0.0,0.0,0.0,0.0,0.0,0.0,0.0,0.0,0.0,0.0,0.0,0.0,0.0,Y,1.0,1.0,1.0,1.0,1.0,1.0,1.0,1.0,1.0,1.0,1.0,1.0,1.0,1.0,1.0,1.0,1.0,1.0,1.0,1.0,1.0,1.0,1.0,1.0,1.0,1.0,N,200.0,200.0,200.0,200.0,172.0,113.0,128.0,150.0,127.0,127.0,125.0,111.0,91.0,113.0,131.0,104.0,56.0,72.0,108.0,66.0,74.0,67.0,43.0,42.0,39.0,39.0,N,1.4621400833129883,Y,Y,Y
0,0.3422459893048128,0.0,0.0,0.0,0.0,0.05309734513274336,0.1328125,0.006666666666666667,0.0,0.3307086614173228,0.024,0.0,0.0,0.0,0.0,0.0,0.0,0.0,0.0,0.0,0.0,0.0,0.0,0.0,0.0,0.0,Y,77.0,77.0,76.0,71.0,94.0,6.0,17.0,1.0,0.0,42.0,3.0,0.0,0.0,0.0,0.0,0.0,0.0,0.0,0.0,0.0,0.0,0.0,0.0,0.0,0.0,0.0,Y,1.0,1.0,1.0,1.0,1.0,1.0,1.0,1.0,1.0,1.0,1.0,1.0,1.0,1.0,1.0,1.0,1.0,1.0,1.0,1.0,1.0,1.0,1.0,1.0,1.0,1.0,N,200.0,200.0,200.0,200.0,172.0,113.0,128.0,150.0,127.0,127.0,125.0,111.0,91.0,113.0,131.0,104.0,56.0,72.0,108.0,66.0,74.0,67.0,43.0,42.0,39.0,39.0,N,1.5304429531097412,Y,Y,Y
0,0.3422459893048128,0.0,0.0,0.0,0.0,0.05309734513274336,0.1328125,0.006666666666666667,0.0,0.3307086614173228,0.024,0.0,0.0,0.0,0.0,0.0,0.0,0.0,0.0,0.0,0.0,0.0,0.0,0.0,0.0,0.0,Y,77.0,77.0,76.0,71.0,94.0,6.0,17.0,1.0,0.0,42.0,3.0,0.0,0.0,0.0,0.0,0.0,0.0,0.0,0.0,0.0,0.0,0.0,0.0,0.0,0.0,0.0,Y,1.0,1.0,1.0,1.0,1.0,1.0,1.0,1.0,1.0,1.0,1.0,1.0,1.0,1.0,1.0,1.0,1.0,1.0,1.0,1.0,1.0,1.0,1.0,1.0,1.0,1.0,N,200.0,200.0,200.0,200.0,172.0,113.0,128.0,150.0,127.0,127.0,125.0,111.0,91.0,113.0,131.0,104.0,56.0,72.0,108.0,66.0,74.0,67.0,43.0,42.0,39.0,39.0,N,1.474912166595459,Y,Y,Y
0,0.5508021390374331,0.0,0.0,0.0,0.0,0.0,0.0,0.16666666666666669,0.4409448818897638,0.2204724409448819,0.0,0.0,0.0,0.0,0.0,0.0,0.0,0.0,0.0,0.0,0.0,0.0,0.0,0.0,0.0,0.0,N,116.00000000000001,77.0,76.0,71.0,94.0,0.0,0.0,25.0,56.0,28.0,0.0,0.0,0.0,0.0,0.0,0.0,0.0,0.0,0.0,0.0,0.0,0.0,0.0,0.0,0.0,0.0,N,,,,,,,,,,,,,,,,,,,,,,,,,,,,,,,,,,,,,,,,,,,,,,,,,,,,,,,0.674793004989624,N,N,N
0,0.5508021390374331,0.0,0.0,0.0,0.0,0.0,0.0,0.16666666666666669,0.4409448818897638,0.2204724409448819,0.0,0.0,0.0,0.0,0.0,0.0,0.0,0.0,0.0,0.0,0.0,0.0,0.0,0.0,0.0,0.0,N,116.00000000000001,77.0,76.0,71.0,94.0,0.0,0.0,25.0,56.0,28.0,0.0,0.0,0.0,0.0,0.0,0.0,0.0,0.0,0.0,0.0,0.0,0.0,0.0,0.0,0.0,0.0,N,,,,,,,,,,,,,,,,,,,,,,,,,,,,,,,,,,,,,,,,,,,,,,,,,,,,,,,0.6655058860778809,N,N,N
0,0.5508021390374331,0.0,0.0,0.0,0.0,0.0,0.0,0.16666666666666669,0.4409448818897638,0.2204724409448819,0.0,0.0,0.0,0.0,0.0,0.0,0.0,0.0,0.0,0.0,0.0,0.0,0.0,0.0,0.0,0.0,N,116.00000000000001,77.0,76.0,71.0,94.0,0.0,0.0,25.0,56.0,28.0,0.0,0.0,0.0,0.0,0.0,0.0,0.0,0.0,0.0,0.0,0.0,0.0,0.0,0.0,0.0,0.0,N,,,,,,,,,,,,,,,,,,,,,,,,,,,,,,,,,,,,,,,,,,,,,,,,,,,,,,,0.6761548519134521,N,N,N
0,0.5508021390374331,0.0,0.0,0.0,0.0,0.0,0.0,0.16666666666666669,0.4409448818897638,0.2204724409448819,0.0,0.0,0.0,0.0,0.0,0.0,0.0,0.0,0.0,0.0,0.0,0.0,0.0,0.0,0.0,0.0,N,116.00000000000001,77.0,76.0,71.0,94.0,0.0,0.0,25.0,56.0,28.0,0.0,0.0,0.0,0.0,0.0,0.0,0.0,0.0,0.0,0.0,0.0,0.0,0.0,0.0,0.0,0.0,N,,,,,,,,,,,,,,,,,,,,,,,,,,,,,,,,,,,,,,,,,,,,,,,,,,,,,,,0.6757907867431641,N,N,N
0,0.5508021390374331,0.0,0.0,0.0,0.0,0.0,0.0,0.16666666666666669,0.4409448818897638,0.2204724409448819,0.0,0.0,0.0,0.0,0.0,0.0,0.0,0.0,0.0,0.0,0.0,0.0,0.0,0.0,0.0,0.0,N,116.00000000000001,77.0,76.0,71.0,94.0,0.0,0.0,25.0,56.0,28.0,0.0,0.0,0.0,0.0,0.0,0.0,0.0,0.0,0.0,0.0,0.0,0.0,0.0,0.0,0.0,0.0,N,,,,,,,,,,,,,,,,,,,,,,,,,,,,,,,,,,,,,,,,,,,,,,,,,,,,,,,0.6751008033752441,N,N,N
0,0.1336898395721925,0.49593495934959353,0.024193548387096753,0.0,0.0,0.0,0.0,0.0,0.0,0.0,0.0,0.36936936936936937,0.26373626373626374,0.21238938053097345,0.0,0.0,0.017857142857142856,0.027777777777777776,0.0,0.0,0.0,0.0,0.0,0.0,0.0,0.0,N,38.0,138.0,79.0,71.0,94.0,0.0,0.0,0.0,0.0,0.0,0.0,41.0,24.0,24.0,0.0,0.0,1.0,2.0,0.0,0.0,0.0,0.0,0.0,0.0,0.0,0.0,N,,,,,,,,,,,,,,,,,,,,,,,,,,,,,,,,,,,,,,,,,,,,,,,,,,,,,,,0.6911568641662598,N,N,N
0,0.1336898395721925,0.49593495934959353,0.024193548387096753,0.0,0.0,0.0,0.0,0.0,0.0,0.0,0.0,0.36936936936936937,0.26373626373626374,0.21238938053097345,0.0,0.0,0.017857142857142856,0.027777777777777776,0.0,0.0,0.0,0.0,0.0,0.0,0.0,0.0,N,38.0,138.0,79.0,71.0,94.0,0.0,0.0,0.0,0.0,0.0,0.0,41.0,24.0,24.0,0.0,0.0,1.0,2.0,0.0,0.0,0.0,0.0,0.0,0.0,0.0,0.0,N,,,,,,,,,,,,,,,,,,,,,,,,,,,,,,,,,,,,,,,,,,,,,,,,,,,,,,,0.6928911209106445,N,N,N
0,0.1336898395721925,0.49593495934959353,0.024193548387096753,0.0,0.0,0.0,0.0,0.0,0.0,0.0,0.0,0.36936936936936937,0.26373626373626374,0.21238938053097345,0.0,0.0,0.017857142857142856,0.027777777777777776,0.0,0.0,0.0,0.0,0.0,0.0,0.0,0.0,N,38.0,138.0,79.0,71.0,94.0,0.0,0.0,0.0,0.0,0.0,0.0,41.0,24.0,24.0,0.0,0.0,1.0,2.0,0.0,0.0,0.0,0.0,0.0,0.0,0.0,0.0,N,,,,,,,,,,,,,,,,,,,,,,,,,,,,,,,,,,,,,,,,,,,,,,,,,,,,,,,0.687432050704956,N,N,N
0,0.1336898395721925,0.49593495934959353,0.024193548387096753,0.0,0.0,0.0,0.0,0.0,0.0,0.0,0.0,0.36936936936936937,0.26373626373626374,0.21238938053097345,0.0,0.0,0.017857142857142856,0.027777777777777776,0.0,0.0,0.0,0.0,0.0,0.0,0.0,0.0,N,38.0,138.0,79.0,71.0,94.0,0.0,0.0,0.0,0.0,0.0,0.0,41.0,24.0,24.0,0.0,0.0,1.0,2.0,0.0,0.0,0.0,0.0,0.0,0.0,0.0,0.0,N,,,,,,,,,,,,,,,,,,,,,,,,,,,,,,,,,,,,,,,,,,,,,,,,,,,,,,,0.670212984085083,N,N,N
0,0.1336898395721925,0.49593495934959353,0.024193548387096753,0.0,0.0,0.0,0.0,0.0,0.0,0.0,0.0,0.36936936936936937,0.26373626373626374,0.21238938053097345,0.0,0.0,0.017857142857142856,0.027777777777777776,0.0,0.0,0.0,0.0,0.0,0.0,0.0,0.0,N,38.0,138.0,79.0,71.0,94.0,0.0,0.0,0.0,0.0,0.0,0.0,41.0,24.0,24.0,0.0,0.0,1.0,2.0,0.0,0.0,0.0,0.0,0.0,0.0,0.0,0.0,N,,,,,,,,,,,,,,,,,,,,,,,,,,,,,,,,,,,,,,,,,,,,,,,,,,,,,,,0.673673152923584,N,N,N
0,0.3422459893048128,0.33333333333333337,0.16935483870967738,0.0,0.0,0.0,0.2890625,0.16666666666666669,0.031496062992125984,0.015748031496062992,0.0,0.0,0.0,0.0,0.3893129770992366,0.07692307692307693,0.0,0.0,0.0,0.0,0.0,0.0,0.0,0.0,0.0,0.0,N,77.0,118.0,97.0,71.0,94.0,0.0,37.0,25.0,4.0,2.0,0.0,0.0,0.0,0.0,51.0,8.0,0.0,0.0,0.0,0.0,0.0,0.0,0.0,0.0,0.0,0.0,N,,,,,,,,,,,,,,,,,,,,,,,,,,,,,,,,,,,,,,,,,,,,,,,,,,,,,,,0.6883270740509033,N,N,N
0,0.3422459893048128,0.33333333333333337,0.16935483870967738,0.0,0.0,0.0,0.2890625,0.16666666666666669,0.031496062992125984,0.015748031496062992,0.0,0.0,0.0,0.0,0.3893129770992366,0.07692307692307693,0.0,0.0,0.0,0.0,0.0,0.0,0.0,0.0,0.0,0.0,N,77.0,118.0,97.0,71.0,94.0,0.0,37.0,25.0,4.0,2.0,0.0,0.0,0.0,0.0,51.0,8.0,0.0,0.0,0.0,0.0,0.0,0.0,0.0,0.0,0.0,0.0,N,,,,,,,,,,,,,,,,,,,,,,,,,,,,,,,,,,,,,,,,,,,,,,,,,,,,,,,0.6895890235900879,N,N,N
0,0.3422459893048128,0.33333333333333337,0.16935483870967738,0.0,0.0,0.0,0.2890625,0.16666666666666669,0.031496062992125984,0.015748031496062992,0.0,0.0,0.0,0.0,0.3893129770992366,0.07692307692307693,0.0,0.0,0.0,0.0,0.0,0.0,0.0,0.0,0.0,0.0,N,77.0,118.0,97.0,71.0,94.0,0.0,37.0,25.0,4.0,2.0,0.0,0.0,0.0,0.0,51.0,8.0,0.0,0.0,0.0,0.0,0.0,0.0,0.0,0.0,0.0,0.0,N,,,,,,,,,,,,,,,,,,,,,,,,,,,,,,,,,,,,,,,,,,,,,,,,,,,,,,,0.6865360736846924,N,N,N
0,0.3422459893048128,0.33333333333333337,0.16935483870967738,0.0,0.0,0.0,0.2890625,0.16666666666666669,0.031496062992125984,0.015748031496062992,0.0,0.0,0.0,0.0,0.3893129770992366,0.07692307692307693,0.0,0.0,0.0,0.0,0.0,0.0,0.0,0.0,0.0,0.0,N,77.0,118.0,97.0,71.0,94.0,0.0,37.0,25.0,4.0,2.0,0.0,0.0,0.0,0.0,51.0,8.0,0.0,0.0,0.0,0.0,0.0,0.0,0.0,0.0,0.0,0.0,N,,,,,,,,,,,,,,,,,,,,,,,,,,,,,,,,,,,,,,,,,,,,,,,,,,,,,,,0.7081680297851562,N,N,N
0,0.3422459893048128,0.33333333333333337,0.16935483870967738,0.0,0.0,0.0,0.2890625,0.16666666666666669,0.031496062992125984,0.015748031496062992,0.0,0.0,0.0,0.0,0.3893129770992366,0.07692307692307693,0.0,0.0,0.0,0.0,0.0,0.0,0.0,0.0,0.0,0.0,N,77.0,118.0,97.0,71.0,94.0,0.0,37.0,25.0,4.0,2.0,0.0,0.0,0.0,0.0,51.0,8.0,0.0,0.0,0.0,0.0,0.0,0.0,0.0,0.0,0.0,0.0,N,,,,,,,,,,,,,,,,,,,,,,,,,,,,,,,,,,,,,,,,,,,,,,,,,,,,,,,0.6927230358123779,N,N,N
0,0.3796791443850267,0.14634146341463417,0.0,0.0,0.0,0.0,0.1796875,0.15333333333333335,0.007874015748031496,0.015748031496062992,0.128,0.26126126126126126,0.0,0.0,0.0,0.0,0.0,0.0,0.0,0.0,0.0,0.0,0.0,0.0,0.0,0.0,Y,84.0,95.0,76.0,71.0,94.0,0.0,23.0,23.0,1.0,2.0,16.0,29.0,0.0,0.0,0.0,0.0,0.0,0.0,0.0,0.0,0.0,0.0,0.0,0.0,0.0,0.0,Y,1.0,1.0,1.0,1.0,1.0,1.0,1.0,1.0,1.0,1.0,1.0,1.0,1.0,1.0,1.0,1.0,1.0,1.0,1.0,1.0,1.0,1.0,1.0,1.0,1.0,1.0,N,200.0,200.0,200.0,200.0,172.0,113.0,128.0,150.0,127.0,127.0,125.0,111.0,91.0,113.0,131.0,104.0,56.0,72.0,108.0,66.0,74.0,67.0,43.0,42.0,39.0,39.0,N,1.481618881225586,Y,Y,Y
0,0.3796791443850267,0.14634146341463417,0.0,0.0,0.0,0.0,0.1796875,0.15333333333333335,0.007874015748031496,0.015748031496062992,0.128,0.26126126126126126,0.0,0.0,0.0,0.0,0.0,0.0,0.0,0.0,0.0,0.0,0.0,0.0,0.0,0.0,Y,84.0,95.0,76.0,71.0,94.0,0.0,23.0,23.0,1.0,2.0,16.0,29.0,0.0,0.0,0.0,0.0,0.0,0.0,0.0,0.0,0.0,0.0,0.0,0.0,0.0,0.0,Y,1.0,1.0,1.0,1.0,1.0,1.0,1.0,1.0,1.0,1.0,1.0,1.0,1.0,1.0,1.0,1.0,1.0,1.0,1.0,1.0,1.0,1.0,1.0,1.0,1.0,1.0,N,200.0,200.0,200.0,200.0,172.0,113.0,128.0,150.0,127.0,127.0,125.0,111.0,91.0,113.0,131.0,104.0,56.0,72.0,108.0,66.0,74.0,67.0,43.0,42.0,39.0,39.0,N,1.5234382152557373,Y,Y,Y
0,0.3796791443850267,0.14634146341463417,0.0,0.0,0.0,0.0,0.1796875,0.15333333333333335,0.007874015748031496,0.015748031496062992,0.128,0.26126126126126126,0.0,0.0,0.0,0.0,0.0,0.0,0.0,0.0,0.0,0.0,0.0,0.0,0.0,0.0,Y,84.0,95.0,76.0,71.0,94.0,0.0,23.0,23.0,1.0,2.0,16.0,29.0,0.0,0.0,0.0,0.0,0.0,0.0,0.0,0.0,0.0,0.0,0.0,0.0,0.0,0.0,Y,1.0,1.0,1.0,1.0,1.0,1.0,1.0,1.0,1.0,1.0,1.0,1.0,1.0,1.0,1.0,1.0,1.0,1.0,1.0,1.0,1.0,1.0,1.0,1.0,1.0,1.0,N,200.0,200.0,200.0,200.0,172.0,113.0,128.0,150.0,127.0,127.0,125.0,111.0,91.0,113.0,131.0,104.0,56.0,72.0,108.0,66.0,74.0,67.0,43.0,42.0,39.0,39.0,N,1.5489542484283447,Y,Y,Y
0,0.3796791443850267,0.14634146341463417,0.0,0.0,0.0,0.0,0.1796875,0.15333333333333335,0.007874015748031496,0.015748031496062992,0.128,0.26126126126126126,0.0,0.0,0.0,0.0,0.0,0.0,0.0,0.0,0.0,0.0,0.0,0.0,0.0,0.0,Y,84.0,95.0,76.0,71.0,94.0,0.0,23.0,23.0,1.0,2.0,16.0,29.0,0.0,0.0,0.0,0.0,0.0,0.0,0.0,0.0,0.0,0.0,0.0,0.0,0.0,0.0,Y,1.0,1.0,1.0,1.0,1.0,1.0,1.0,1.0,1.0,1.0,1.0,1.0,1.0,1.0,1.0,1.0,1.0,1.0,1.0,1.0,1.0,1.0,1.0,1.0,1.0,1.0,N,200.0,200.0,200.0,200.0,172.0,113.0,128.0,150.0,127.0,127.0,125.0,111.0,91.0,113.0,131.0,104.0,56.0,72.0,108.0,66.0,74.0,67.0,43.0,42.0,39.0,39.0,N,1.5228142738342285,Y,Y,Y
0,0.3796791443850267,0.14634146341463417,0.0,0.0,0.0,0.0,0.1796875,0.15333333333333335,0.007874015748031496,0.015748031496062992,0.128,0.26126126126126126,0.0,0.0,0.0,0.0,0.0,0.0,0.0,0.0,0.0,0.0,0.0,0.0,0.0,0.0,Y,84.0,95.0,76.0,71.0,94.0,0.0,23.0,23.0,1.0,2.0,16.0,29.0,0.0,0.0,0.0,0.0,0.0,0.0,0.0,0.0,0.0,0.0,0.0,0.0,0.0,0.0,Y,1.0,1.0,1.0,1.0,1.0,1.0,1.0,1.0,1.0,1.0,1.0,1.0,1.0,1.0,1.0,1.0,1.0,1.0,1.0,1.0,1.0,1.0,1.0,1.0,1.0,1.0,N,200.0,200.0,200.0,200.0,172.0,113.0,128.0,150.0,127.0,127.0,125.0,111.0,91.0,113.0,131.0,104.0,56.0,72.0,108.0,66.0,74.0,67.0,43.0,42.0,39.0,39.0,N,1.5070221424102783,Y,Y,Y
0,0.2459893048128342,0.12195121951219512,0.0,0.0,0.0,0.02654867256637168,0.0078125,0.0,0.0,0.0,0.47200000000000003,0.02702702702702703,0.0,0.0,0.0,0.0,0.0,0.0,0.0,0.0,0.0,0.0,0.0,0.0,0.0,0.0,Y,59.0,92.0,76.0,71.0,94.0,3.0,1.0,0.0,0.0,0.0,59.0,3.0,0.0,0.0,0.0,0.0,0.0,0.0,0.0,0.0,0.0,0.0,0.0,0.0,0.0,0.0,Y,1.0,1.0,1.0,1.0,1.0,1.0,1.0,1.0,1.0,1.0,1.0,1.0,1.0,1.0,1.0,1.0,1.0,1.0,1.0,1.0,1.0,1.0,1.0,1.0,1.0,1.0,N,200.0,200.0,200.0,200.0,172.0,113.0,128.0,150.0,127.0,127.0,125.0,111.0,91.0,113.0,131.0,104.0,56.0,72.0,108.0,66.0,74.0,67.0,43.0,42.0,39.0,39.0,N,1.517198085784912,Y,Y,Y
0,0.2459893048128342,0.12195121951219512,0.0,0.0,0.0,0.02654867256637168,0.0078125,0.0,0.0,0.0,0.47200000000000003,0.02702702702702703,0.0,0.0,0.0,0.0,0.0,0.0,0.0,0.0,0.0,0.0,0.0,0.0,0.0,0.0,Y,59.0,92.0,76.0,71.0,94.0,3.0,1.0,0.0,0.0,0.0,59.0,3.0,0.0,0.0,0.0,0.0,0.0,0.0,0.0,0.0,0.0,0.0,0.0,0.0,0.0,0.0,Y,1.0,1.0,1.0,1.0,1.0,1.0,1.0,1.0,1.0,1.0,1.0,1.0,1.0,1.0,1.0,1.0,1.0,1.0,1.0,1.0,1.0,1.0,1.0,1.0,1.0,1.0,N,200.0,200.0,200.0,200.0,172.0,113.0,128.0,150.0,127.0,127.0,125.0,111.0,91.0,113.0,131.0,104.0,56.0,72.0,108.0,66.0,74.0,67.0,43.0,42.0,39.0,39.0,N,1.525618076324463,Y,Y,Y
0,0.2459893048128342,0.12195121951219512,0.0,0.0,0.0,0.02654867256637168,0.0078125,0.0,0.0,0.0,0.47200000000000003,0.02702702702702703,0.0,0.0,0.0,0.0,0.0,0.0,0.0,0.0,0.0,0.0,0.0,0.0,0.0,0.0,Y,59.0,92.0,76.0,71.0,94.0,3.0,1.0,0.0,0.0,0.0,59.0,3.0,0.0,0.0,0.0,0.0,0.0,0.0,0.0,0.0,0.0,0.0,0.0,0.0,0.0,0.0,Y,1.0,1.0,1.0,1.0,1.0,1.0,1.0,1.0,1.0,1.0,1.0,1.0,1.0,1.0,1.0,1.0,1.0,1.0,1.0,1.0,1.0,1.0,1.0,1.0,1.0,1.0,N,200.0,200.0,200.0,200.0,172.0,113.0,128.0,150.0,127.0,127.0,125.0,111.0,91.0,113.0,131.0,104.0,56.0,72.0,108.0,66.0,74.0,67.0,43.0,42.0,39.0,39.0,N,1.4784519672393799,Y,Y,Y
0,0.2459893048128342,0.12195121951219512,0.0,0.0,0.0,0.02654867256637168,0.0078125,0.0,0.0,0.0,0.47200000000000003,0.02702702702702703,0.0,0.0,0.0,0.0,0.0,0.0,0.0,0.0,0.0,0.0,0.0,0.0,0.0,0.0,Y,59.0,92.0,76.0,71.0,94.0,3.0,1.0,0.0,0.0,0.0,59.0,3.0,0.0,0.0,0.0,0.0,0.0,0.0,0.0,0.0,0.0,0.0,0.0,0.0,0.0,0.0,Y,1.0,1.0,1.0,1.0,1.0,1.0,1.0,1.0,1.0,1.0,1.0,1.0,1.0,1.0,1.0,1.0,1.0,1.0,1.0,1.0,1.0,1.0,1.0,1.0,1.0,1.0,N,200.0,200.0,200.0,200.0,172.0,113.0,128.0,150.0,127.0,127.0,125.0,111.0,91.0,113.0,131.0,104.0,56.0,72.0,108.0,66.0,74.0,67.0,43.0,42.0,39.0,39.0,N,1.5462141036987305,Y,Y,Y
0,0.2459893048128342,0.12195121951219512,0.0,0.0,0.0,0.02654867256637168,0.0078125,0.0,0.0,0.0,0.47200000000000003,0.02702702702702703,0.0,0.0,0.0,0.0,0.0,0.0,0.0,0.0,0.0,0.0,0.0,0.0,0.0,0.0,Y,59.0,92.0,76.0,71.0,94.0,3.0,1.0,0.0,0.0,0.0,59.0,3.0,0.0,0.0,0.0,0.0,0.0,0.0,0.0,0.0,0.0,0.0,0.0,0.0,0.0,0.0,Y,1.0,1.0,1.0,1.0,1.0,1.0,1.0,1.0,1.0,1.0,1.0,1.0,1.0,1.0,1.0,1.0,1.0,1.0,1.0,1.0,1.0,1.0,1.0,1.0,1.0,1.0,N,200.0,200.0,200.0,200.0,172.0,113.0,128.0,150.0,127.0,127.0,125.0,111.0,91.0,113.0,131.0,104.0,56.0,72.0,108.0,66.0,74.0,67.0,43.0,42.0,39.0,39.0,N,1.5240039825439453,Y,Y,Y
0,0.2834224598930481,0.27642276422764234,0.008064516129032251,0.0,0.0,0.0,0.109375,0.21333333333333335,0.0,0.0,0.0,0.0,0.45054945054945056,0.035398230088495575,0.0,0.009615384615384616,0.0,0.0,0.0,0.0,0.0,0.0,0.0,0.0,0.0,0.0,Y,66.0,111.0,77.0,71.0,94.0,0.0,14.0,32.0,0.0,0.0,0.0,0.0,41.0,4.0,0.0,1.0,0.0,0.0,0.0,0.0,0.0,0.0,0.0,0.0,0.0,0.0,Y,1.0,1.0,1.0,1.0,1.0,1.0,1.0,1.0,1.0,1.0,1.0,1.0,1.0,1.0,1.0,1.0,1.0,1.0,1.0,1.0,1.0,1.0,1.0,1.0,1.0,1.0,N,200.0,200.0,200.0,200.0,172.0,113.0,128.0,150.0,127.0,127.0,125.0,111.0,91.0,113.0,131.0,104.0,56.0,72.0,108.0,66.0,74.0,67.0,43.0,42.0,39.0,39.0,N,1.5719900131225586,Y,N,Y
0,0.2834224598930481,0.27642276422764234,0.008064516129032251,0.0,0.0,0.0,0.109375,0.21333333333333335,0.0,0.0,0.0,0.0,0.45054945054945056,0.035398230088495575,0.0,0.009615384615384616,0.0,0.0,0.0,0.0,0.0,0.0,0.0,0.0,0.0,0.0,Y,66.0,111.0,77.0,71.0,94.0,0.0,14.0,32.0,0.0,0.0,0.0,0.0,41.0,4.0,0.0,1.0,0.0,0.0,0.0,0.0,0.0,0.0,0.0,0.0,0.0,0.0,Y,1.0,1.0,1.0,1.0,1.0,1.0,1.0,1.0,1.0,1.0,1.0,1.0,1.0,1.0,1.0,1.0,1.0,1.0,1.0,1.0,1.0,1.0,1.0,1.0,1.0,1.0,N,200.0,200.0,200.0,200.0,172.0,113.0,128.0,150.0,127.0,127.0,125.0,111.0,91.0,113.0,131.0,104.0,56.0,72.0,108.0,66.0,74.0,67.0,43.0,42.0,39.0,39.0,N,1.5114240646362305,Y,N,Y
0,0.2834224598930481,0.27642276422764234,0.008064516129032251,0.0,0.0,0.0,0.109375,0.21333333333333335,0.0,0.0,0.0,0.0,0.45054945054945056,0.035398230088495575,0.0,0.009615384615384616,0.0,0.0,0.0,0.0,0.0,0.0,0.0,0.0,0.0,0.0,Y,66.0,111.0,77.0,71.0,94.0,0.0,14.0,32.0,0.0,0.0,0.0,0.0,41.0,4.0,0.0,1.0,0.0,0.0,0.0,0.0,0.0,0.0,0.0,0.0,0.0,0.0,Y,1.0,1.0,1.0,1.0,1.0,1.0,1.0,1.0,1.0,1.0,1.0,1.0,1.0,1.0,1.0,1.0,1.0,1.0,1.0,1.0,1.0,1.0,1.0,1.0,1.0,1.0,N,200.0,200.0,200.0,200.0,172.0,113.0,128.0,150.0,127.0,127.0,125.0,111.0,91.0,113.0,131.0,104.0,56.0,72.0,108.0,66.0,74.0,67.0,43.0,42.0,39.0,39.0,N,1.5703279972076416,Y,N,Y
0,0.2834224598930481,0.27642276422764234,0.008064516129032251,0.0,0.0,0.0,0.109375,0.21333333333333335,0.0,0.0,0.0,0.0,0.45054945054945056,0.035398230088495575,0.0,0.009615384615384616,0.0,0.0,0.0,0.0,0.0,0.0,0.0,0.0,0.0,0.0,Y,66.0,111.0,77.0,71.0,94.0,0.0,14.0,32.0,0.0,0.0,0.0,0.0,41.0,4.0,0.0,1.0,0.0,0.0,0.0,0.0,0.0,0.0,0.0,0.0,0.0,0.0,Y,1.0,1.0,1.0,1.0,1.0,1.0,1.0,1.0,1.0,1.0,1.0,1.0,1.0,1.0,1.0,1.0,1.0,1.0,1.0,1.0,1.0,1.0,1.0,1.0,1.0,1.0,N,200.0,200.0,200.0,200.0,172.0,113.0,128.0,150.0,127.0,127.0,125.0,111.0,91.0,113.0,131.0,104.0,56.0,72.0,108.0,66.0,74.0,67.0,43.0,42.0,39.0,39.0,N,1.532127857208252,Y,N,Y
0,0.2834224598930481,0.27642276422764234,0.008064516129032251,0.0,0.0,0.0,0.109375,0.21333333333333335,0.0,0.0,0.0,0.0,0.45054945054945056,0.035398230088495575,0.0,0.009615384615384616,0.0,0.0,0.0,0.0,0.0,0.0,0.0,0.0,0.0,0.0,Y,66.0,111.0,77.0,71.0,94.0,0.0,14.0,32.0,0.0,0.0,0.0,0.0,41.0,4.0,0.0,1.0,0.0,0.0,0.0,0.0,0.0,0.0,0.0,0.0,0.0,0.0,Y,1.0,1.0,1.0,1.0,1.0,1.0,1.0,1.0,1.0,1.0,1.0,1.0,1.0,1.0,1.0,1.0,1.0,1.0,1.0,1.0,1.0,1.0,1.0,1.0,1.0,1.0,N,200.0,200.0,200.0,200.0,172.0,113.0,128.0,150.0,127.0,127.0,125.0,111.0,91.0,113.0,131.0,104.0,56.0,72.0,108.0,66.0,74.0,67.0,43.0,42.0,39.0,39.0,N,1.5422132015228271,Y,N,Y
0,0.3262032085561497,0.0,0.0,0.06976744186046513,0.025641025641025772,0.008849557522123894,0.3046875,0.16666666666666669,0.0,0.0,0.0,0.0,0.0,0.0,0.0,0.0,0.0,0.0,0.0,0.0,0.0,0.04477611940298507,0.11627906976744186,0.0,0.0,0.0,Y,74.0,77.0,76.0,80.0,96.00000000000001,1.0,39.0,25.0,0.0,0.0,0.0,0.0,0.0,0.0,0.0,0.0,0.0,0.0,0.0,0.0,0.0,3.0,5.0,0.0,0.0,0.0,Y,1.0,1.0,1.0,1.0,1.0,1.0,1.0,1.0,1.0,1.0,1.0,1.0,1.0,1.0,1.0,1.0,1.0,1.0,1.0,1.0,1.0,1.0,1.0,1.0,1.0,1.0,N,200.0,200.0,200.0,200.0,172.0,113.0,128.0,150.0,127.0,127.0,125.0,111.0,91.0,113.0,131.0,104.0,56.0,72.0,108.0,66.0,74.0,67.0,43.0,42.0,39.0,39.0,N,1.4929890632629395,Y,Y,Y
0,0.3262032085561497,0.0,0.0,0.06976744186046513,0.025641025641025772,0.008849557522123894,0.3046875,0.16666666666666669,0.0,0.0,0.0,0.0,0.0,0.0,0.0,0.0,0.0,0.0,0.0,0.0,0.0,0.04477611940298507,0.11627906976744186,0.0,0.0,0.0,Y,74.0,77.0,76.0,80.0,96.00000000000001,1.0,39.0,25.0,0.0,0.0,0.0,0.0,0.0,0.0,0.0,0.0,0.0,0.0,0.0,0.0,0.0,3.0,5.0,0.0,0.0,0.0,Y,1.0,1.0,1.0,1.0,1.0,1.0,1.0,1.0,1.0,1.0,1.0,1.0,1.0,1.0,1.0,1.0,1.0,1.0,1.0,1.0,1.0,1.0,1.0,1.0,1.0,1.0,N,200.0,200.0,200.0,200.0,172.0,113.0,128.0,150.0,127.0,127.0,125.0,111.0,91.0,113.0,131.0,104.0,56.0,72.0,108.0,66.0,74.0,67.0,43.0,42.0,39.0,39.0,N,1.5723052024841309,Y,Y,Y
0,0.3262032085561497,0.0,0.0,0.06976744186046513,0.025641025641025772,0.008849557522123894,0.3046875,0.16666666666666669,0.0,0.0,0.0,0.0,0.0,0.0,0.0,0.0,0.0,0.0,0.0,0.0,0.0,0.04477611940298507,0.11627906976744186,0.0,0.0,0.0,Y,74.0,77.0,76.0,80.0,96.00000000000001,1.0,39.0,25.0,0.0,0.0,0.0,0.0,0.0,0.0,0.0,0.0,0.0,0.0,0.0,0.0,0.0,3.0,5.0,0.0,0.0,0.0,Y,1.0,1.0,1.0,1.0,1.0,1.0,1.0,1.0,1.0,1.0,1.0,1.0,1.0,1.0,1.0,1.0,1.0,1.0,1.0,1.0,1.0,1.0,1.0,1.0,1.0,1.0,N,200.0,200.0,200.0,200.0,172.0,113.0,128.0,150.0,127.0,127.0,125.0,111.0,91.0,113.0,131.0,104.0,56.0,72.0,108.0,66.0,74.0,67.0,43.0,42.0,39.0,39.0,N,1.496307134628296,Y,Y,Y
0,0.3262032085561497,0.0,0.0,0.06976744186046513,0.025641025641025772,0.008849557522123894,0.3046875,0.16666666666666669,0.0,0.0,0.0,0.0,0.0,0.0,0.0,0.0,0.0,0.0,0.0,0.0,0.0,0.04477611940298507,0.11627906976744186,0.0,0.0,0.0,Y,74.0,77.0,76.0,80.0,96.00000000000001,1.0,39.0,25.0,0.0,0.0,0.0,0.0,0.0,0.0,0.0,0.0,0.0,0.0,0.0,0.0,0.0,3.0,5.0,0.0,0.0,0.0,Y,1.0,1.0,1.0,1.0,1.0,1.0,1.0,1.0,1.0,1.0,1.0,1.0,1.0,1.0,1.0,1.0,1.0,1.0,1.0,1.0,1.0,1.0,1.0,1.0,1.0,1.0,N,200.0,200.0,200.0,200.0,172.0,113.0,128.0,150.0,127.0,127.0,125.0,111.0,91.0,113.0,131.0,104.0,56.0,72.0,108.0,66.0,74.0,67.0,43.0,42.0,39.0,39.0,N,1.509181261062622,Y,Y,Y
0,0.3262032085561497,0.0,0.0,0.06976744186046513,0.025641025641025772,0.008849557522123894,0.3046875,0.16666666666666669,0.0,0.0,0.0,0.0,0.0,0.0,0.0,0.0,0.0,0.0,0.0,0.0,0.0,0.04477611940298507,0.11627906976744186,0.0,0.0,0.0,Y,74.0,77.0,76.0,80.0,96.00000000000001,1.0,39.0,25.0,0.0,0.0,0.0,0.0,0.0,0.0,0.0,0.0,0.0,0.0,0.0,0.0,0.0,3.0,5.0,0.0,0.0,0.0,Y,1.0,1.0,1.0,1.0,1.0,1.0,1.0,1.0,1.0,1.0,1.0,1.0,1.0,1.0,1.0,1.0,1.0,1.0,1.0,1.0,1.0,1.0,1.0,1.0,1.0,1.0,N,200.0,200.0,200.0,200.0,172.0,113.0,128.0,150.0,127.0,127.0,125.0,111.0,91.0,113.0,131.0,104.0,56.0,72.0,108.0,66.0,74.0,67.0,43.0,42.0,39.0,39.0,N,1.4717049598693848,Y,Y,Y
0,0.267379679144385,0.024390243902439046,0.0,0.0,0.0,0.0,0.0,0.0,0.0,0.36220472440944884,0.07200000000000001,0.018018018018018018,0.0,0.0,0.0,0.0,0.0,0.0,0.0,0.0,0.0,0.0,0.0,0.0,0.0,0.0,Y,62.99999999999999,80.0,76.0,71.0,94.0,0.0,0.0,0.0,0.0,46.0,9.0,2.0,0.0,0.0,0.0,0.0,0.0,0.0,0.0,0.0,0.0,0.0,0.0,0.0,0.0,0.0,Y,1.0,1.0,1.0,1.0,1.0,1.0,1.0,1.0,1.0,1.0,1.0,1.0,1.0,1.0,1.0,1.0,1.0,1.0,1.0,1.0,1.0,1.0,1.0,1.0,1.0,1.0,N,200.0,200.0,200.0,200.0,172.0,113.0,128.0,150.0,127.0,127.0,125.0,111.0,91.0,113.0,131.0,104.0,56.0,72.0,108.0,66.0,74.0,67.0,43.0,42.0,39.0,39.0,N,1.4807848930358887,Y,Y,Y
0,0.267379679144385,0.024390243902439046,0.0,0.0,0.0,0.0,0.0,0.0,0.0,0.36220472440944884,0.07200000000000001,0.018018018018018018,0.0,0.0,0.0,0.0,0.0,0.0,0.0,0.0,0.0,0.0,0.0,0.0,0.0,0.0,Y,62.99999999999999,80.0,76.0,71.0,94.0,0.0,0.0,0.0,0.0,46.0,9.0,2.0,0.0,0.0,0.0,0.0,0.0,0.0,0.0,0.0,0.0,0.0,0.0,0.0,0.0,0.0,Y,1.0,1.0,1.0,1.0,1.0,1.0,1.0,1.0,1.0,1.0,1.0,1.0,1.0,1.0,1.0,1.0,1.0,1.0,1.0,1.0,1.0,1.0,1.0,1.0,1.0,1.0,N,200.0,200.0,200.0,200.0,172.0,113.0,128.0,150.0,127.0,127.0,125.0,111.0,91.0,113.0,131.0,104.0,56.0,72.0,108.0,66.0,74.0,67.0,43.0,42.0,39.0,39.0,N,1.4738709926605225,Y,Y,Y
0,0.267379679144385,0.024390243902439046,0.0,0.0,0.0,0.0,0.0,0.0,0.0,0.36220472440944884,0.07200000000000001,0.018018018018018018,0.0,0.0,0.0,0.0,0.0,0.0,0.0,0.0,0.0,0.0,0.0,0.0,0.0,0.0,Y,62.99999999999999,80.0,76.0,71.0,94.0,0.0,0.0,0.0,0.0,46.0,9.0,2.0,0.0,0.0,0.0,0.0,0.0,0.0,0.0,0.0,0.0,0.0,0.0,0.0,0.0,0.0,Y,1.0,1.0,1.0,1.0,1.0,1.0,1.0,1.0,1.0,1.0,1.0,1.0,1.0,1.0,1.0,1.0,1.0,1.0,1.0,1.0,1.0,1.0,1.0,1.0,1.0,1.0,N,200.0,200.0,200.0,200.0,172.0,113.0,128.0,150.0,127.0,127.0,125.0,111.0,91.0,113.0,131.0,104.0,56.0,72.0,108.0,66.0,74.0,67.0,43.0,42.0,39.0,39.0,N,1.502058982849121,Y,Y,Y
0,0.267379679144385,0.024390243902439046,0.0,0.0,0.0,0.0,0.0,0.0,0.0,0.36220472440944884,0.07200000000000001,0.018018018018018018,0.0,0.0,0.0,0.0,0.0,0.0,0.0,0.0,0.0,0.0,0.0,0.0,0.0,0.0,Y,62.99999999999999,80.0,76.0,71.0,94.0,0.0,0.0,0.0,0.0,46.0,9.0,2.0,0.0,0.0,0.0,0.0,0.0,0.0,0.0,0.0,0.0,0.0,0.0,0.0,0.0,0.0,Y,1.0,1.0,1.0,1.0,1.0,1.0,1.0,1.0,1.0,1.0,1.0,1.0,1.0,1.0,1.0,1.0,1.0,1.0,1.0,1.0,1.0,1.0,1.0,1.0,1.0,1.0,N,200.0,200.0,200.0,200.0,172.0,113.0,128.0,150.0,127.0,127.0,125.0,111.0,91.0,113.0,131.0,104.0,56.0,72.0,108.0,66.0,74.0,67.0,43.0,42.0,39.0,39.0,N,1.4746570587158203,Y,Y,Y
0,0.267379679144385,0.024390243902439046,0.0,0.0,0.0,0.0,0.0,0.0,0.0,0.36220472440944884,0.07200000000000001,0.018018018018018018,0.0,0.0,0.0,0.0,0.0,0.0,0.0,0.0,0.0,0.0,0.0,0.0,0.0,0.0,Y,62.99999999999999,80.0,76.0,71.0,94.0,0.0,0.0,0.0,0.0,46.0,9.0,2.0,0.0,0.0,0.0,0.0,0.0,0.0,0.0,0.0,0.0,0.0,0.0,0.0,0.0,0.0,Y,1.0,1.0,1.0,1.0,1.0,1.0,1.0,1.0,1.0,1.0,1.0,1.0,1.0,1.0,1.0,1.0,1.0,1.0,1.0,1.0,1.0,1.0,1.0,1.0,1.0,1.0,N,200.0,200.0,200.0,200.0,172.0,113.0,128.0,150.0,127.0,127.0,125.0,111.0,91.0,113.0,131.0,104.0,56.0,72.0,108.0,66.0,74.0,67.0,43.0,42.0,39.0,39.0,N,1.4863879680633545,Y,Y,Y
0,0.4064171122994652,0.0,0.0,0.0,0.0,0.0,0.125,0.42000000000000004,0.0,0.0,0.016,0.0,0.0,0.0,0.0,0.0,0.0,0.0,0.0,0.0,0.0,0.0,0.0,0.0,0.0,0.0,Y,89.0,77.0,76.0,71.0,94.0,0.0,16.0,63.0,0.0,0.0,2.0,0.0,0.0,0.0,0.0,0.0,0.0,0.0,0.0,0.0,0.0,0.0,0.0,0.0,0.0,0.0,Y,1.0,1.0,1.0,1.0,1.0,1.0,1.0,1.0,1.0,1.0,1.0,1.0,1.0,1.0,1.0,1.0,1.0,1.0,1.0,1.0,1.0,1.0,1.0,1.0,1.0,1.0,N,200.0,200.0,200.0,200.0,172.0,113.0,128.0,150.0,127.0,127.0,125.0,111.0,91.0,113.0,131.0,104.0,56.0,72.0,108.0,66.0,74.0,67.0,43.0,42.0,39.0,39.0,N,1.5137150287628174,Y,Y,Y
0,0.4064171122994652,0.0,0.0,0.0,0.0,0.0,0.125,0.42000000000000004,0.0,0.0,0.016,0.0,0.0,0.0,0.0,0.0,0.0,0.0,0.0,0.0,0.0,0.0,0.0,0.0,0.0,0.0,Y,89.0,77.0,76.0,71.0,94.0,0.0,16.0,63.0,0.0,0.0,2.0,0.0,0.0,0.0,0.0,0.0,0.0,0.0,0.0,0.0,0.0,0.0,0.0,0.0,0.0,0.0,Y,1.0,1.0,1.0,1.0,1.0,1.0,1.0,1.0,1.0,1.0,1.0,1.0,1.0,1.0,1.0,1.0,1.0,1.0,1.0,1.0,1.0,1.0,1.0,1.0,1.0,1.0,N,200.0,200.0,200.0,200.0,172.0,113.0,128.0,150.0,127.0,127.0,125.0,111.0,91.0,113.0,131.0,104.0,56.0,72.0,108.0,66.0,74.0,67.0,43.0,42.0,39.0,39.0,N,1.492724895477295,Y,Y,Y
0,0.4064171122994652,0.0,0.0,0.0,0.0,0.0,0.125,0.42000000000000004,0.0,0.0,0.016,0.0,0.0,0.0,0.0,0.0,0.0,0.0,0.0,0.0,0.0,0.0,0.0,0.0,0.0,0.0,Y,89.0,77.0,76.0,71.0,94.0,0.0,16.0,63.0,0.0,0.0,2.0,0.0,0.0,0.0,0.0,0.0,0.0,0.0,0.0,0.0,0.0,0.0,0.0,0.0,0.0,0.0,Y,1.0,1.0,1.0,1.0,1.0,1.0,1.0,1.0,1.0,1.0,1.0,1.0,1.0,1.0,1.0,1.0,1.0,1.0,1.0,1.0,1.0,1.0,1.0,1.0,1.0,1.0,N,200.0,200.0,200.0,200.0,172.0,113.0,128.0,150.0,127.0,127.0,125.0,111.0,91.0,113.0,131.0,104.0,56.0,72.0,108.0,66.0,74.0,67.0,43.0,42.0,39.0,39.0,N,1.512855052947998,Y,Y,Y
0,0.4064171122994652,0.0,0.0,0.0,0.0,0.0,0.125,0.42000000000000004,0.0,0.0,0.016,0.0,0.0,0.0,0.0,0.0,0.0,0.0,0.0,0.0,0.0,0.0,0.0,0.0,0.0,0.0,Y,89.0,77.0,76.0,71.0,94.0,0.0,16.0,63.0,0.0,0.0,2.0,0.0,0.0,0.0,0.0,0.0,0.0,0.0,0.0,0.0,0.0,0.0,0.0,0.0,0.0,0.0,Y,1.0,1.0,1.0,1.0,1.0,1.0,1.0,1.0,1.0,1.0,1.0,1.0,1.0,1.0,1.0,1.0,1.0,1.0,1.0,1.0,1.0,1.0,1.0,1.0,1.0,1.0,N,200.0,200.0,200.0,200.0,172.0,113.0,128.0,150.0,127.0,127.0,125.0,111.0,91.0,113.0,131.0,104.0,56.0,72.0,108.0,66.0,74.0,67.0,43.0,42.0,39.0,39.0,N,1.52152681350708,Y,Y,Y
0,0.4064171122994652,0.0,0.0,0.0,0.0,0.0,0.125,0.42000000000000004,0.0,0.0,0.016,0.0,0.0,0.0,0.0,0.0,0.0,0.0,0.0,0.0,0.0,0.0,0.0,0.0,0.0,0.0,Y,89.0,77.0,76.0,71.0,94.0,0.0,16.0,63.0,0.0,0.0,2.0,0.0,0.0,0.0,0.0,0.0,0.0,0.0,0.0,0.0,0.0,0.0,0.0,0.0,0.0,0.0,Y,1.0,1.0,1.0,1.0,1.0,1.0,1.0,1.0,1.0,1.0,1.0,1.0,1.0,1.0,1.0,1.0,1.0,1.0,1.0,1.0,1.0,1.0,1.0,1.0,1.0,1.0,N,200.0,200.0,200.0,200.0,172.0,113.0,128.0,150.0,127.0,127.0,125.0,111.0,91.0,113.0,131.0,104.0,56.0,72.0,108.0,66.0,74.0,67.0,43.0,42.0,39.0,39.0,N,1.5099358558654785,Y,Y,Y
0,0.2299465240641711,0.3252032520325203,0.18548387096774188,0.007751937984496138,0.0,0.37168141592920356,0.0390625,0.0,0.0,0.0,0.0,0.0,0.0,0.0,0.37404580152671757,0.09615384615384616,0.0,0.0,0.009259259259259259,0.0,0.0,0.0,0.0,0.0,0.0,0.0,Y,56.0,117.0,99.0,72.0,94.0,42.0,5.0,0.0,0.0,0.0,0.0,0.0,0.0,0.0,49.0,10.0,0.0,0.0,1.0,0.0,0.0,0.0,0.0,0.0,0.0,0.0,Y,1.0,1.0,1.0,1.0,1.0,1.0,1.0,1.0,1.0,1.0,1.0,1.0,1.0,1.0,1.0,1.0,1.0,1.0,1.0,1.0,1.0,1.0,1.0,1.0,1.0,1.0,N,200.0,200.0,200.0,200.0,172.0,113.0,128.0,150.0,127.0,127.0,125.0,111.0,91.0,113.0,131.0,104.0,56.0,72.0,108.0,66.0,74.0,67.0,43.0,42.0,39.0,39.0,N,1.541705846786499,Y,N,Y
0,0.2299465240641711,0.3252032520325203,0.18548387096774188,0.007751937984496138,0.0,0.37168141592920356,0.0390625,0.0,0.0,0.0,0.0,0.0,0.0,0.0,0.37404580152671757,0.09615384615384616,0.0,0.0,0.009259259259259259,0.0,0.0,0.0,0.0,0.0,0.0,0.0,Y,56.0,117.0,99.0,72.0,94.0,42.0,5.0,0.0,0.0,0.0,0.0,0.0,0.0,0.0,49.0,10.0,0.0,0.0,1.0,0.0,0.0,0.0,0.0,0.0,0.0,0.0,Y,1.0,1.0,1.0,1.0,1.0,1.0,1.0,1.0,1.0,1.0,1.0,1.0,1.0,1.0,1.0,1.0,1.0,1.0,1.0,1.0,1.0,1.0,1.0,1.0,1.0,1.0,N,200.0,200.0,200.0,200.0,172.0,113.0,128.0,150.0,127.0,127.0,125.0,111.0,91.0,113.0,131.0,104.0,56.0,72.0,108.0,66.0,74.0,67.0,43.0,42.0,39.0,39.0,N,1.5163209438323975,Y,N,Y
0,0.2299465240641711,0.3252032520325203,0.18548387096774188,0.007751937984496138,0.0,0.37168141592920356,0.0390625,0.0,0.0,0.0,0.0,0.0,0.0,0.0,0.37404580152671757,0.09615384615384616,0.0,0.0,0.009259259259259259,0.0,0.0,0.0,0.0,0.0,0.0,0.0,Y,56.0,117.0,99.0,72.0,94.0,42.0,5.0,0.0,0.0,0.0,0.0,0.0,0.0,0.0,49.0,10.0,0.0,0.0,1.0,0.0,0.0,0.0,0.0,0.0,0.0,0.0,Y,1.0,1.0,1.0,1.0,1.0,1.0,1.0,1.0,1.0,1.0,1.0,1.0,1.0,1.0,1.0,1.0,1.0,1.0,1.0,1.0,1.0,1.0,1.0,1.0,1.0,1.0,N,200.0,200.0,200.0,200.0,172.0,113.0,128.0,150.0,127.0,127.0,125.0,111.0,91.0,113.0,131.0,104.0,56.0,72.0,108.0,66.0,74.0,67.0,43.0,42.0,39.0,39.0,N,1.5207350254058838,Y,N,Y
0,0.2299465240641711,0.3252032520325203,0.18548387096774188,0.007751937984496138,0.0,0.37168141592920356,0.0390625,0.0,0.0,0.0,0.0,0.0,0.0,0.0,0.37404580152671757,0.09615384615384616,0.0,0.0,0.009259259259259259,0.0,0.0,0.0,0.0,0.0,0.0,0.0,Y,56.0,117.0,99.0,72.0,94.0,42.0,5.0,0.0,0.0,0.0,0.0,0.0,0.0,0.0,49.0,10.0,0.0,0.0,1.0,0.0,0.0,0.0,0.0,0.0,0.0,0.0,Y,1.0,1.0,1.0,1.0,1.0,1.0,1.0,1.0,1.0,1.0,1.0,1.0,1.0,1.0,1.0,1.0,1.0,1.0,1.0,1.0,1.0,1.0,1.0,1.0,1.0,1.0,N,200.0,200.0,200.0,200.0,172.0,113.0,128.0,150.0,127.0,127.0,125.0,111.0,91.0,113.0,131.0,104.0,56.0,72.0,108.0,66.0,74.0,67.0,43.0,42.0,39.0,39.0,N,1.523690938949585,Y,N,Y
0,0.2299465240641711,0.3252032520325203,0.18548387096774188,0.007751937984496138,0.0,0.37168141592920356,0.0390625,0.0,0.0,0.0,0.0,0.0,0.0,0.0,0.37404580152671757,0.09615384615384616,0.0,0.0,0.009259259259259259,0.0,0.0,0.0,0.0,0.0,0.0,0.0,Y,56.0,117.0,99.0,72.0,94.0,42.0,5.0,0.0,0.0,0.0,0.0,0.0,0.0,0.0,49.0,10.0,0.0,0.0,1.0,0.0,0.0,0.0,0.0,0.0,0.0,0.0,Y,1.0,1.0,1.0,1.0,1.0,1.0,1.0,1.0,1.0,1.0,1.0,1.0,1.0,1.0,1.0,1.0,1.0,1.0,1.0,1.0,1.0,1.0,1.0,1.0,1.0,1.0,N,200.0,200.0,200.0,200.0,172.0,113.0,128.0,150.0,127.0,127.0,125.0,111.0,91.0,113.0,131.0,104.0,56.0,72.0,108.0,66.0,74.0,67.0,43.0,42.0,39.0,39.0,N,1.513519048690796,Y,N,Y
